ORGANIZACION_POLITICA,CARGO_AUTORIDAD,NOMBRES,APELLIDOS,NOMBRE_BIEN,DESCRIPCION_BIEN,CARACTERISTICAS_BIEN,VALOR_BIEN
ACCION POPULAR,CONGRESISTA,AUGUSTO,REY HERNANDEZ DE AGUERO,ACCIONES,ACCIONES BVL,SOLES,5000
ACCION POPULAR,CONGRESISTA,HOVER JULIO,PARIONA YAURI,0,-,-,0
ACCION POPULAR,CONGRESISTA,JUAN JOSE,ROCHA LOPEZ,TRANSFERENCIA DE DERECHOS DEL TITULAR,J.J. ROCHA METAL MECANICA E.I.R.L.,PARTIDA Nº 05014140,45000
ACCION POPULAR,CONGRESISTA,LUIS ANGEL,ARAGON CARREÑO,LIBROS ,JURIDICOS Y OTROS,EN BUEN ESTADO,15000
ACCION POPULAR,CONGRESISTA,LUIS ANGEL,ARAGON CARREÑO,OBJETOS DE ARTE,JOYAS Y OTROS ,EN BUEN ESTADO,10000
ACCION POPULAR,CONGRESISTA,NORMA TEODORA MARIA,MARTINEZ CASTILLO,ACCIONES,-,-,8000
ACCION POPULAR,CONGRESISTA,NORMA TEODORA MARIA,MARTINEZ CASTILLO,JOYAS,"COLLARES,PULSERAS,SORTIJAS Y OTROS",",PULSERAS,SORTIJAS Y OTROS",60000
ACCION POPULAR,CONGRESISTA,NORMA TEODORA MARIA,MARTINEZ CASTILLO,PINTURAS,-,-,56000
ACCION POPULAR,CONGRESISTA,OSCAR RAFAEL,BENAVIDES RUIZ,Parcela Agrícola ,Herencia ,Zona de Cultivo ,30000
ACCION POPULAR,PRESIDENTE DE LA REPUBLICA,ISAAC ALFREDO,BARNECHEA GARCIA,ESCULTURAS,ESCULTURAS,ESCULTURAS,300000
ACCION POPULAR,PRESIDENTE DE LA REPUBLICA,ISAAC ALFREDO,BARNECHEA GARCIA,JOYAS,JOYAS,JOYAS,250000
ACCION POPULAR,PRESIDENTE DE LA REPUBLICA,ISAAC ALFREDO,BARNECHEA GARCIA,LIBROS,LIBROS,LIBROS,450000
ACCION POPULAR,PRESIDENTE DE LA REPUBLICA,ISAAC ALFREDO,BARNECHEA GARCIA,PINTURAS,PINTURAS,PINTURAS,400000
ALIANZA ELECTORAL SOLIDARIDAD NACIONAL - UPP,CONGRESISTA,ADOLFO ALBERTO,ARRIETA KOHLER ,ACCIONES,IN FLIGHT MEDIA SAC,99.5% (VALOR NOMINAL DE CADA ACCIÓN ES DE S/. 1.00,26999
ALIANZA ELECTORAL SOLIDARIDAD NACIONAL - UPP,CONGRESISTA,CESAR AUGUSTO,SANDOVAL NIZAMA,RELOJES ANTIGUOS,ORO Y PLATA,MARCAS ANTIGUAS,20000
ALIANZA ELECTORAL SOLIDARIDAD NACIONAL - UPP,CONGRESISTA,CRISANTO CIRILO,ABREGU CANALES,POSESIÓN ,ASOCIACIÓN APAVIS - CAÑETE,TERRENO RUSTICO,4987
ALIANZA ELECTORAL SOLIDARIDAD NACIONAL - UPP,CONGRESISTA,CRISANTO CIRILO,ABREGU CANALES,POSESIÓN ,ARMA - HUANCAVELICA,TERRENO ERIAZO,600
ALIANZA ELECTORAL SOLIDARIDAD NACIONAL - UPP,CONGRESISTA,CRISANTO CIRILO,ABREGU CANALES,POSESIÓN,URB. MUERTOS DE LA MOLINA,TERRENO CASA,33935.41015625
ALIANZA ELECTORAL SOLIDARIDAD NACIONAL - UPP,CONGRESISTA,CRISANTO CIRILO,ABREGU CANALES,POSESIÓN,ASOCIACIÓN APAVIS - CAÑETE,TERRENO RUSTICO,4987
ALIANZA ELECTORAL SOLIDARIDAD NACIONAL - UPP,CONGRESISTA,EDILBERTO JAVIER,ANGELES AGUILAR ,TITULAR - GERENTE,EDYBARB E.I.R.L.,100% CAPITAL SOCIAL,1000
ALIANZA ELECTORAL SOLIDARIDAD NACIONAL - UPP,CONGRESISTA,EDILBERTO JAVIER,ANGELES AGUILAR ,ACCIONES ,GLOBAL ANDINA S.A.C.,50%,2500
ALIANZA ELECTORAL SOLIDARIDAD NACIONAL - UPP,CONGRESISTA,ELIOVARDO CALIXTO,HUACOTO PALLAROZO,ACCIONES,SALAZAR HUACOTO VIVAR S.A.C.,1% (VALOR NOMINAL S/1),1000
ALIANZA ELECTORAL SOLIDARIDAD NACIONAL - UPP,CONGRESISTA,ENRIQUE,WONG PUJADA,ACCIONES CLINICA SAN VICENTE SA,7377 ACCIONES ,VALOR NOMINAL S/. 1.00 C/U,7377
ALIANZA ELECTORAL SOLIDARIDAD NACIONAL - UPP,CONGRESISTA,FERMIN,MESTAS PACOMPIA,CASA,POSESION,2 PISOS,80000
ALIANZA ELECTORAL SOLIDARIDAD NACIONAL - UPP,CONGRESISTA,FLORESMILO,GUERRERO NEYRA,RESTAURANT POLLERIA BRAGA S.R.L,SIN ACTIVIDAD,SIN ACTIVIDAD,0
ALIANZA ELECTORAL SOLIDARIDAD NACIONAL - UPP,CONGRESISTA,FLORESMILO,GUERRERO NEYRA,LOS PARAMOS NEGOCIOS GENERALES EIRL,SERVICIOS GENERALES,SERVICIOS GENERALES,16850
ALIANZA ELECTORAL SOLIDARIDAD NACIONAL - UPP,CONGRESISTA,GERARDO GIESSLER,LOPEZ QUIROZ ,LIBROS,BIBLIOTECA PERSONAL,LOTE LIBROS VARIADOS,15000
ALIANZA ELECTORAL SOLIDARIDAD NACIONAL - UPP,CONGRESISTA,GLADYS FLORENCIA,CCUNO YUCRA DE HUANCA,CASA VIVIENDA,1 PISO,VIVIENDA,30000
ALIANZA ELECTORAL SOLIDARIDAD NACIONAL - UPP,CONGRESISTA,GRACIELA ELIZABETH,LOYA AQUIJE DE COSENTINO,ACCIONES,VIA CONSENTINO S.A.C.,26% VALOR NOMINAL DE CADA ACCION S/ 1000,26000
ALIANZA ELECTORAL SOLIDARIDAD NACIONAL - UPP,CONGRESISTA,GRACIELA ELIZABETH,LOYA AQUIJE DE COSENTINO,ACCIONES,LA UNION CONSENTINO S.A.C.,26% VALOR NOMINAL DE CADA ACCION S/ 1000,26000
ALIANZA ELECTORAL SOLIDARIDAD NACIONAL - UPP,CONGRESISTA,GUISSELLA AYDE,COLLANTES VÁSQUEZ,EMPRESA,SOJA MAYA CREATION EIRL,DISEÑO DE MODAS,3000
ALIANZA ELECTORAL SOLIDARIDAD NACIONAL - UPP,CONGRESISTA,IBAR,QUINTANA MOSCOSO,CASA COMPRA/VENTA POR HIPOTECA,JR. LOS DIAMANTES  N. 521 BALCONCILLO LA VICTORIA,CASA ANTIGUA DE 03 PISOS,150000
ALIANZA ELECTORAL SOLIDARIDAD NACIONAL - UPP,CONGRESISTA,JAIME ANTONIO,VASQUEZ ACOSTA ,Valor V y J Servicios EIRL,Titular Gerente,Empresa de Servicios,6500
ALIANZA ELECTORAL SOLIDARIDAD NACIONAL - UPP,CONGRESISTA,JAIME ROOSEWELT,MINAYA CASTROMONTE,600 ACCIONES,COORPORACION EDUCATIVA SAC,50%,6000
ALIANZA ELECTORAL SOLIDARIDAD NACIONAL - UPP,CONGRESISTA,JORGE ARTURO,ORTECHO BARCO,Servicios Integrales Generales y de Tecnologia SRL,Accionista de Empresa,49%,10328
ALIANZA ELECTORAL SOLIDARIDAD NACIONAL - UPP,CONGRESISTA,JOSE,HINOSTROZA AUCASIME,Titular Gerente,Consultoría Hinostroza E.I.R.L.,100% de acciones Valor Nominal S/ 1.00,1000
ALIANZA ELECTORAL SOLIDARIDAD NACIONAL - UPP,CONGRESISTA,JOSE LUIS,ALPACA DEZA,CASA VIVIENDA,DEPARTAMENTO,2 PISOS,500000
ALIANZA ELECTORAL SOLIDARIDAD NACIONAL - UPP,CONGRESISTA,LUIS ALBERTO,PILLACA MOROTE,ACCIONES ,INNOVADENTMEDIC S.A.C.,50% CALOR NOMINAL 10.00 CADA UNO,4630
ALIANZA ELECTORAL SOLIDARIDAD NACIONAL - UPP,CONGRESISTA,LUIS ALBERTO,MATOS DEL POZO ,ACCIONES (20%),PLATERÍAS UNIDAS PUSA S.A.,20% (POR EL ACCIONARIADO DE 20% POR LAS 7 TIENDAS).,50000
ALIANZA ELECTORAL SOLIDARIDAD NACIONAL - UPP,CONGRESISTA,LUIS PELAYO,AGUILAR ARENAZA ,TRANS PLUS SERVIS E.I.R.L.,PARTIDA ELECTRÓNICA 13552819 (100% DE ACCIONES),RUBRO: TRANSPORTES,3000
ALIANZA ELECTORAL SOLIDARIDAD NACIONAL - UPP,CONGRESISTA,LUIS PELAYO,AGUILAR ARENAZA ,CONSTRUCTORA E INMOBILIARIA VULCANO E.I.R.L.,PARTIDA ELECTRÓNICA 12007938 (100% DE ACCIONES),RUBRO: CONSTRUCCIÓN,3000
ALIANZA ELECTORAL SOLIDARIDAD NACIONAL - UPP,CONGRESISTA,MARTIN,BELAUNDE MOREYRA ,DEPOSITO,FINANCIERA CONFIANZA,A PLAZO FIJO,101727.359375
ALIANZA ELECTORAL SOLIDARIDAD NACIONAL - UPP,CONGRESISTA,MARTIN,BELAUNDE MOREYRA ,MOBILIARIO,MUEBLES/DIVERSOS,MENAJE DE CASA,80000
ALIANZA ELECTORAL SOLIDARIDAD NACIONAL - UPP,CONGRESISTA,MARTIN,BELAUNDE MOREYRA ,OBJETOS DE ARTE,CUADROS Y ADORNOS,DECORATIVOS,100000
ALIANZA ELECTORAL SOLIDARIDAD NACIONAL - UPP,CONGRESISTA,MARTIN,BELAUNDE MOREYRA ,INVERSIONES ,BBVA-CONTINENTAL,FONDOS MUTUOS,898738.1875
ALIANZA ELECTORAL SOLIDARIDAD NACIONAL - UPP,CONGRESISTA,MIGUEL RAFAEL,PEREZ ARROYO ,"Biblioteca, Oficina y Enseres Domésticos",Mobiliario de Estudio Profesional y Libros de Biblioteca Personal,"Escritorios, mesas, sillas, muebles, libros nacionales y extranjeros, etc.",371418.21875
ALIANZA ELECTORAL SOLIDARIDAD NACIONAL - UPP,CONGRESISTA,MIRIAN ROSANA,BOCANEGRA SANTOS ,CORPORACIÓN GÉNESIS GLOBAL S.A.C.,PARTIDA ELECTRÓNICA N° 12652111 (95% DE ACCIONES.,RUBRO: COMERCIALIZACIÓN DE ACCESORIOS.,50000
ALIANZA ELECTORAL SOLIDARIDAD NACIONAL - UPP,CONGRESISTA,OLINDA VISENTA,ARMAS VICHARRA,ACCIONES (35%),CORPORACION ARMAS S.A.C.,PARTIDA ELECTRONICA N° 12072681,52500
ALIANZA ELECTORAL SOLIDARIDAD NACIONAL - UPP,CONGRESISTA,ORESTES POMPEYO,SANCHEZ LUIS ,PARTICIPACIONES,NEGOCIOS Y REPRESENTACIONES GENERALES S.R.L.,20%,2000
ALIANZA ELECTORAL SOLIDARIDAD NACIONAL - UPP,CONGRESISTA,ORESTES POMPEYO,SANCHEZ LUIS ,ACCIONES,DIRECTORIO EMPRESARIAL DE GAMARRA S.A. (SIN ACTIVIDAD),30%,3000
ALIANZA ELECTORAL SOLIDARIDAD NACIONAL - UPP,CONGRESISTA,RODOLFO ALLEM,ROJAS VILLANUEVA,Violin,Stradivarius,Made in Germany,5000
ALIANZA ELECTORAL SOLIDARIDAD NACIONAL - UPP,CONGRESISTA,RODOLFO ALLEM,ROJAS VILLANUEVA,Biblioteca,Libros,Diversos,10000
ALIANZA ELECTORAL SOLIDARIDAD NACIONAL - UPP,CONGRESISTA,ROXANA ESTHER,SANCHEZ LAVADO,Separa tu Casa S.A.C,Acciones de empresa,25%,500
ALIANZA ELECTORAL SOLIDARIDAD NACIONAL - UPP,CONGRESISTA,ROXANA ESTHER,SANCHEZ LAVADO,Institucion Especializado en Ciencias de la Salud S.A.C,Acciones de empresa,50%,1500
ALIANZA ELECTORAL SOLIDARIDAD NACIONAL - UPP,CONGRESISTA,VICTOR HERMOGENES,IZQUIERDO MENDOZA ,ACCIONES ,INTINELLAS S.A.C.,25 %,1250
ALIANZA ELECTORAL SOLIDARIDAD NACIONAL - UPP,CONGRESISTA,WILDER VICTORIANO,CHAVEZ MARIN ,TITULAR,NUEVO HOTEL PLAZA EL CARMEN E.I.R.L,100%,101580
ALIANZA ELECTORAL SOLIDARIDAD NACIONAL - UPP,CONGRESISTA,ZENON,FARFAN CRUZADO,DIRECTOR GERENTE,SUDAMERICANA DE RADIO DIFUSION PRENSA Y TV EIRL,EMPRESA PRODUCTORA DE RADIO PRENSA Y TV,160000
ALIANZA ELECTORAL SOLIDARIDAD NACIONAL - UPP,CONGRESISTA,ZENON,FARFAN CRUZADO,ACCIONES,CORPORACION PERIODÍSTICA SOLAR SAC,"1000 ACCIONES , VALOR NOMINAL S/.25.00 C/U",25000
ALIANZA ELECTORAL SOLIDARIDAD NACIONAL - UPP,PRESIDENTE DE LA REPUBLICA,HERNANDO,GUERRA GARCIA CAMPOS,CUADRO,FRANCISCO GUERRA GARCIA,CAIDOS,10200
ALIANZA ELECTORAL SOLIDARIDAD NACIONAL - UPP,PRESIDENTE DE LA REPUBLICA,HERNANDO,GUERRA GARCIA CAMPOS,CUADRO,FRANCISCO GUERRA GARCIA,MUJER,6800
ALIANZA ELECTORAL SOLIDARIDAD NACIONAL - UPP,PRESIDENTE DE LA REPUBLICA,HERNANDO,GUERRA GARCIA CAMPOS,OBRA DE ARTE,CUADRO -  F GUERRA GARCIA,MICRO,10200
ALIANZA ELECTORAL SOLIDARIDAD NACIONAL - UPP,PRESIDENTE DE LA REPUBLICA,HERNANDO,GUERRA GARCIA CAMPOS,CUADRO,DURVAI PEREYRA,MOULIN - ROUGE,13600
ALIANZA PARA EL PROGRESO DEL PERU,CONGRESISTA,BORIS MICHEEL,PAZ DE LA BARRA ,1 CADENA,VARON 70 GRAMOS,ORO,12000
ALIANZA PARA EL PROGRESO DEL PERU,CONGRESISTA,BORIS MICHEEL,PAZ DE LA BARRA ,1 RELOJ,ROLEX - VARON,ACERO Y ORO,35000
ALIANZA PARA EL PROGRESO DEL PERU,CONGRESISTA,BORIS MICHEEL,PAZ DE LA BARRA ,1 RELOJ,ROLEX - MUJER,ORO,30000
ALIANZA PARA EL PROGRESO DEL PERU,CONGRESISTA,BORIS MICHEEL,PAZ DE LA BARRA ,2 PULSERAS,VARON 50 GRAMOS,ORO,8000
ALIANZA PARA EL PROGRESO DEL PERU,CONGRESISTA,BORIS MICHEEL,PAZ DE LA BARRA ,8 ANILLOS,VARON 80 GRAMOS,ORO,13000
ALIANZA PARA EL PROGRESO DEL PERU,CONGRESISTA,CHARLES ADRIAN,ZAPATA VEGA ,CORPORACIÓN SLIN SAC,99% DE ACCIONES,EMPRESA PRIVADA,4390000
ALIANZA PARA EL PROGRESO DEL PERU,CONGRESISTA,EDWIN ALBERTO,DONAYRE GOTZCH,ENSERES,DOMESTICOS,DIVERSOS,15000
ALIANZA PARA EL PROGRESO DEL PERU,CONGRESISTA,ELSA YOLANDA,MAMANI CARPIO ,ACCIONES,P&MCOMUNICACIONES,80% DE ACCIONES,24000
ALIANZA PARA EL PROGRESO DEL PERU,CONGRESISTA,GLORIA EDELMIRA,MONTENEGRO FIGUEROA ,MENAJE DE CASA,"MUEBLES DE HOGAR, EQUIPOS DE COMPUTO, ARTEFACTOS",VARIAS,50000
ALIANZA PARA EL PROGRESO DEL PERU,CONGRESISTA,HERNAN,DE LA TORRE DUEÑAS ,ENSERES DE HOGAR,VARIOS,REGULAR ESTADO,50000
ALIANZA PARA EL PROGRESO DEL PERU,CONGRESISTA,JUAN CARLOS,DIAZ SANCHEZ ,"ACCIONES EN ""ESTUDIO DIAZ SANCHEZ Y ASOCIADOS ABOGADOS S.A.C.""",21270 ACCIONES,P.E. N° 11071736,63810
ALIANZA PARA EL PROGRESO DEL PERU,CONGRESISTA,JUAN CARLOS,DIAZ SANCHEZ ,LIBROS,150 LIBROS,LIBROS DE DERECHO,15000
ALIANZA PARA EL PROGRESO DEL PERU,CONGRESISTA,MARCO TULIO,FALCONI PICARDO ,BIBLIOTECA,9381,LIBROS,286056
ALIANZA PARA EL PROGRESO DEL PERU,CONGRESISTA,MARCO TULIO,FALCONI PICARDO ,LUZ DEL SUR,1561,ACCIONES,14283.150390625
ALIANZA PARA EL PROGRESO DEL PERU,CONGRESISTA,MARCO TULIO,FALCONI PICARDO ,BANCO CONTINENTAL,AHORROS,PERSONALES,2099.80004882812
ALIANZA PARA EL PROGRESO DEL PERU,CONGRESISTA,MARCO TULIO,FALCONI PICARDO ,BANCO DE CREDITO,AHORROS,PERSONALES,11178.1298828125
ALIANZA PARA EL PROGRESO DEL PERU,CONGRESISTA,MARCO TULIO,FALCONI PICARDO ,REPRESENTACIONES AURIGA SAC,130667,ACCIONES,130667
ALIANZA PARA EL PROGRESO DEL PERU,CONGRESISTA,MARIA ENRIQUETA,RIVERA DELGADO ,PATRIMONIO EMPRESARIAL DE 50% EN ARIANE INGENIERÍA S.A.,-,-,3500000
ALIANZA PARA EL PROGRESO DEL PERU,CONGRESISTA,RICHARD FRANK,ACUÑA NUÑEZ ,ACCIONES,MATT SEGURIDAD SAC,ACCIONES AL 99.8%,1304103
ALIANZA PARA EL PROGRESO DEL PERU,CONGRESISTA,RICHARD FRANK,ACUÑA NUÑEZ ,ACCIONES,LIBRERIA BAZAR INGENIERIA EIRL,ACCIONES AL 100%,72600
ALIANZA PARA EL PROGRESO DEL PERU,CONGRESISTA,RICHARD FRANK,ACUÑA NUÑEZ ,ACCIONES,NEGOCIACIONES RAFAELA SAC,ACCIONES AL 91.13%,934758
ALIANZA PARA EL PROGRESO DEL PERU,CONGRESISTA,RICHARD FRANK,ACUÑA NUÑEZ ,ACCIONES,NEGOCIOS EMPRESARIALES MATT EIRL,ACCIONES AL 100%,300321
ALIANZA PARA EL PROGRESO DEL PERU,CONGRESISTA,VIRGILIO,ACUÑA PERALTA ,INTIGUEDADES,JUEGO SALA Y COMEDOR,SIGLO XVII,150000
ALIANZA PARA EL PROGRESO DEL PERU,CONGRESISTA,VIRGILIO,ACUÑA PERALTA ,ACCIONES,UNIVERSIDAD DE LAMBAYEQUE,225829 ACC. S/.10.= C/U,2258290
ALIANZA PARA EL PROGRESO DEL PERU,CONGRESISTA,VIRGILIO,ACUÑA PERALTA ,PINTURAS CUSQUEÑAS,CUADROS,SIGLO XVII,200000
ALIANZA PARA EL PROGRESO DEL PERU,CONGRESISTA,VIRGILIO,ACUÑA PERALTA ,LIBROS,"LITERATURA, ECONOMIA, POLITICA, HISTORIA",LIBROS,150000
ALIANZA PARA EL PROGRESO DEL PERU,CONGRESISTA,VIRGILIO,ACUÑA PERALTA ,CUENTAS POR COBRAR,UNIVERSIDAD DE LAMBAYEQUE,----,294688.5
ALIANZA PARA EL PROGRESO DEL PERU,CONGRESISTA,VIRGILIO,ACUÑA PERALTA ,CUENTAS POR COBRAR,CORP. UNIVERSIDAD DE LA COST,-----,869661.0625
ALIANZA PARA EL PROGRESO DEL PERU,CONGRESISTA,VIRGILIO,ACUÑA PERALTA ,AHORROS,BANCO CONTINENTAL,----,500000
ALIANZA PARA EL PROGRESO DEL PERU,CONGRESISTA,VIRGILIO,ACUÑA PERALTA ,ACCIONES,CORP. UNIVERSIDAD DE LA COSTA,99927 ACC. S/.10.= C/U,999270
ALIANZA PARA EL PROGRESO DEL PERU,CONGRESISTA,WILLY,SERRATO PUSE ,FRECUENCIA MODULADA FM ,PERSONA NATURAL,RADIO DIFUSION 98.3,5000
ALIANZA PARA EL PROGRESO DEL PERU,CONGRESISTA,WILLY,SERRATO PUSE ,SUPER WSP EIRL,GERENTE GENERAL,EMPRESA RADIAL,10000
ALIANZA PARA EL PROGRESO DEL PERU,CONGRESISTA,WILLY,SERRATO PUSE ,EDSC WSP SAC,GERENTE GENERAL,ESPECTACULO DPTVO,2000
ALIANZA PARA EL PROGRESO DEL PERU,CONGRESISTA,WILLY,SERRATO PUSE ,WSP SRL,GERENTE GENERAL,EMPRESA RADIAL,5000
ALIANZA PARA EL PROGRESO DEL PERU,PRIMER VICEPRESIDENTE DE LA REPUBLICA,ANA ELENA LUISA CRISTINA,TOWNSEND DIEZ CANSECO,OBRAS DE ARTE,2 GRABADOS,AUTOR: FERNANDO SZYSZLO,24000
ALIANZA POPULAR,CONGRESISTA,ALBERTO,MESSA MEZA ,MAQUINA,SEGADORA DE ARROZ,TRITURA,100000
ALIANZA POPULAR,CONGRESISTA,ALBERTO,MESSA MEZA ,MAQUINA ,PELAR ARROZ,PELA,70000
ALIANZA POPULAR,CONGRESISTA,ALFREDO ARCADIO,LOZADA BONILLA ,MUEBLES,ELECTRODOMESTICOS,MENAJE,20000
ALIANZA POPULAR,CONGRESISTA,ALFREDO ARCADIO,LOZADA BONILLA ,AHORROS,AHORROS,SOC CONYUGAL,36774
ALIANZA POPULAR,CONGRESISTA,ALFREDO ARCADIO,LOZADA BONILLA ,AHORRO,APORTO SIN FIN PREVISIONAL,AFP PRIMA,2937.3701171875
ALIANZA POPULAR,CONGRESISTA,ALONSO ALBERTO,NAVARRO CABANILLAS,AGROPECUARIA LARAN SAC,33% DE ACCIONES,EMPRESA AGRICOLA,1600000
ALIANZA POPULAR,CONGRESISTA,ANTONINA ROSARIO,SASIETA MORALES ,Pinturas,Pinturas,Pinturas,120000
ALIANZA POPULAR,CONGRESISTA,BELIZARIO MIGUEL,GONZALES HUAPAYA ,JOYAS,"SORTIJA CADENA, AROS",ORO,8100
ALIANZA POPULAR,CONGRESISTA,BELIZARIO MIGUEL,GONZALES HUAPAYA ,AHORRO ,CTA. AHORRO,CONTINENTAL,47600
ALIANZA POPULAR,CONGRESISTA,BELIZARIO MIGUEL,GONZALES HUAPAYA ,AHORRO ,CTA. CORRIENTE,SCOTIABANK,158900
ALIANZA POPULAR,CONGRESISTA,DAVID ABRAHAM,SALAZAR MOROTE,EQUIPOS PLANTA,VARIOS,AGROINDUSTRIA,100000
ALIANZA POPULAR,CONGRESISTA,DAVID ABRAHAM,SALAZAR MOROTE,EQUIPO RADIO,VARIOS,FM,30000
ALIANZA POPULAR,CONGRESISTA,DIEGO ARMANDO,MARCOS ARTEAGA,DEPARTAMENTO,DEPARTAMENTO,DEPARTAMENTO,900000
ALIANZA POPULAR,CONGRESISTA,EDGARDO RENAN,DE POMAR VIZCARRA,Menaje de casa,Muebles,Comedor-Sala-Dormitorio-Electrodomesticos,30000
ALIANZA POPULAR,CONGRESISTA,EDGARDO RENAN,DE POMAR VIZCARRA,Muebles de Oficina,Escritorios y Equipos,Madera-Vidrio- metal,15000
ALIANZA POPULAR,CONGRESISTA,EDGARDO RENAN,DE POMAR VIZCARRA,Instrumento Musical,Piano,Piano de Estudio,14000
ALIANZA POPULAR,CONGRESISTA,EDGARDO RENAN,DE POMAR VIZCARRA,Obras de Arte,Pinturas de Escuela,Pintura- Adornos,10000
ALIANZA POPULAR,CONGRESISTA,EDGARDO RENAN,DE POMAR VIZCARRA,Joyas ,Joyas de oro,Gemelos - Cadenas,10000
ALIANZA POPULAR,CONGRESISTA,ELIAS NICOLAS,RODRIGUEZ ZAVALETA,CUENTA AHORROS ,BANCO CONTINENTAL,SOLES,383865.75
ALIANZA POPULAR,CONGRESISTA,FLAVIA AVELINA,CRUZADO ULLOA DE REYES,JOYAS,ARETES PULSERAS,ORO,25000
ALIANZA POPULAR,CONGRESISTA,GRACIELA NORA,DIAZ DUEÑAS,JOYAS,"MONEDAS, ARETES, PULSERAS CADENAS, ANILLOS",ORO 18 KILATES,23737.740234375
ALIANZA POPULAR,CONGRESISTA,HUGO IVAN,POLO POLO,TRAC DRILL,JOY IDAM MS4E,650CFM/JYG,85000
ALIANZA POPULAR,CONGRESISTA,HUGO IVAN,POLO POLO,CAMION REMOLCADOR,FORD L9000,410 HP/CAI3406,80000
ALIANZA POPULAR,CONGRESISTA,HUGO IVAN,POLO POLO,COMPRESORA,IR 650,650CFM/CAT3306,65000
ALIANZA POPULAR,CONGRESISTA,HUGO IVAN,POLO POLO,COMPRESORA,IR 385,385CFM/5D,51000
ALIANZA POPULAR,CONGRESISTA,HUGO IVAN,POLO POLO,COMPRESORA,SULADYR D385,385CFM/5D,51000
ALIANZA POPULAR,CONGRESISTA,JAVIER ALONSO,BEDOYA DE VIVANCO ,MUEBLES,JOYAS Y MENAJES,PINTURAS,196000
ALIANZA POPULAR,CONGRESISTA,JUAN CARLOS,SANCHEZ MONTES DE OCA,150 - Cuadros,Pintura,Oleo,100000
ALIANZA POPULAR,CONGRESISTA,JUAN CARLOS,EGUREN NEUENSCHWANDER ,"CUADROS, ESCULTURA, ARTE",ARTE,VARIOS,125000
ALIANZA POPULAR,CONGRESISTA,MARCIANO ANTONIO,VELASQUEZ OSCCO,FABRICA,PRODUCCION TEXTIL,ETIQUETAS Y CINTAS,7886109
ALIANZA POPULAR,CONGRESISTA,MARIA ELIZABETH,RONDO LAYZA ,MAQUINARIA INDUSTRIAL,MAQUINAS TEXTIL,"REMALLADORAS, CORTADORAS, RECUBRIDORAS...",25000
ALIANZA POPULAR,CONGRESISTA,MARITZA,CASTRO TAVARA,JOYAS,XXXX,XXXX,20000
ALIANZA POPULAR,CONGRESISTA,MARITZA,CASTRO TAVARA,PINTURAS,XXXXXXX,XXXX,10000
ALIANZA POPULAR,CONGRESISTA,MAVILA ESTHER,VASQUEZ DIAZ,INDUMENTARIA,VESTUARIO ,JOYAS ARTISTICAS,50000
ALIANZA POPULAR,CONGRESISTA,MAVILA ESTHER,VASQUEZ DIAZ,EQUIPO DE PRODUCCION,MOBILIARIO,BIENES,52000
ALIANZA POPULAR,CONGRESISTA,RAUL EDUARDO,CASTRO STAGNARO ,MUEBLES,MENAJE,ENSERES,68000
ALIANZA POPULAR,CONGRESISTA,ROFILIO T,NEYRA HUAMANI ,Acciones,Inti Gas Corporacion SAC,Titulos de Credito,6032
ALIANZA POPULAR,CONGRESISTA,ROFILIO T,NEYRA HUAMANI ,Acciones,Inti Gas SAC,Titulo de Credito,1628640
ALIANZA POPULAR,CONGRESISTA,ROFILIO T,NEYRA HUAMANI ,Acciones,Auto Gas SAC,Titulos de Credito,115146
ALIANZA POPULAR,CONGRESISTA,ROFILIO T,NEYRA HUAMANI ,Acciones,Flama Gas Corporation SAC,...,4667310
ALIANZA POPULAR,CONGRESISTA,ROFILIO T,NEYRA HUAMANI ,Acciones,Flama Gas SA,Titulos de Credito,26655
ALIANZA POPULAR,CONGRESISTA,ROSA LILIANA,TORRES CASTILLO ,MUEBLE Y ENSERES,VAJILLAS,XXXXXXX,300
ALIANZA POPULAR,CONGRESISTA,ROSA LILIANA,TORRES CASTILLO ,OTROS MUEBLES,"COMEDOR, DORMITORIO","MARRON, MADERA",0
ALIANZA POPULAR,CONGRESISTA,ROSA LILIANA,TORRES CASTILLO ,ARTEFACTOS,"TELEVISOR, EQUIPOS","SONIDO, LG , SONY",4300
ALIANZA POPULAR,CONGRESISTA,ROSA LILIANA,TORRES CASTILLO ,ARTEFACTO ,COMPUTADORAS,WINDOW XP,1700
ALIANZA POPULAR,CONGRESISTA,ROSA LILIANA,TORRES CASTILLO ,ARTEFACTOS,REFRIGERADORA,"MABE, COLOR BLANCO",4660
ALIANZA POPULAR,CONGRESISTA,SALOMON,ALIAGA PEREZ,ESPOSA,CLINICA DENTAL,PROPIETARIA,36000
ALIANZA POPULAR,CONGRESISTA,SALOMON,ALIAGA PEREZ,ESPOSA,EMPLEADA ESSALUD,CIRUJANO DENTISTA,60000
ALIANZA POPULAR,CONGRESISTA,SIMON,LLAVILLA QUISPE,MAQUINARIA,PLANTA DESORCION,ABSORCION,443496
ALIANZA POPULAR,CONGRESISTA,SIMON,LLAVILLA QUISPE,MERCADERIAS,BOM,DAE,521365
ALIANZA POPULAR,CONGRESISTA,YOLANDA ERMENILDA,LOZADA STAMBURY ,CAJA MUNICIPAL DE AREQUIPA,AHORROS,EN DOLARES CONVERTIDO A SOLES,149354
ALIANZA POPULAR,CONGRESISTA,YOLANDA ERMENILDA,LOZADA STAMBURY ,SERVICIOS EDUCATIVOS ORIOL SAC,PARTICIPACION ACCIONES,98% DE ACCIONES,174000
ALIANZA POPULAR,CONGRESISTA,YOLANDA ERMENILDA,LOZADA STAMBURY ,BAP,PARTICIPACION ACCIONES,35 ACCIONES,23791
ALIANZA POPULAR,CONGRESISTA,YOLANDA ERMENILDA,LOZADA STAMBURY ,O.E. SAN JOSE ORIOL SAC,PARTICIPACIÓN ACCIONES,98% DE PARTICIPACION,1218000
ALIANZA POPULAR,CONGRESISTA,YOLANDA ERMENILDA,LOZADA STAMBURY ,ACCIONES VOLCAN BC,PARTICIPACION ACCIONES,42045 ACCIONES,21154
ALIANZA POPULAR,CONGRESISTA,YOLANDA ERMENILDA,LOZADA STAMBURY ,COMPARTAMOS,AHORROS ,EN DOLARES CONVERTIDO A SOLES,93557
ALIANZA POPULAR,CONGRESISTA,YOLANDA ERMENILDA,LOZADA STAMBURY ,CAJA MUNICIPAL DE AREQUIPA,AHORROS,EN DOLARES CONVERTIDO A SOLES,188012
ALIANZA POPULAR,CONGRESISTA,YOLANDA ERMENILDA,LOZADA STAMBURY ,CERRO VERDE C-1,PARTICIPACION ACCIONES,237 ACCIONES,23480
ALIANZA POPULAR,CONGRESISTA,YVAN ENRIQUE,VASQUEZ VALERA,PARTICIPACIONES,PECES & PESCADOS EIRL,327041.05 PARTICIPACIONES,327041.0625
ALIANZA POPULAR,CONGRESISTA,YVAN ENRIQUE,VASQUEZ VALERA,PARTICIPACIONES,OSCAR PRODUCCIONES EIRL,15675 PARTICIPACIONES,15675
ALIANZA POPULAR,CONGRESISTA,YVAN ENRIQUE,VASQUEZ VALERA,ACCIONISTA,RADIO ASTORIA S.A.,54156 ACCIONES,54156
ALIANZA POPULAR,CONGRESISTA,YVAN ENRIQUE,VASQUEZ VALERA,ACCIONISTA, ACCIONES INSTITUCION DEPORTIVA  CNI SA.,21721 ACCIONES,2172100
ALIANZA POPULAR,SEGUNDO VICEPRESIDENTE DE LA REPUBLICA,DAVID ABRAHAM,SALAZAR MOROTE,EQUIPO RADIO,VARIOS,FM,30000
ALIANZA POPULAR,SEGUNDO VICEPRESIDENTE DE LA REPUBLICA,DAVID ABRAHAM,SALAZAR MOROTE,EQUIPOS PLANTA,VARIOS,AGROINDUSTRIA,100000
DEMOCRACIA DIRECTA,CONGRESISTA,JAMES,FLORES ACUÑA ,VARIOS,MAQUINARIAS,VARIAS,18000
DEMOCRACIA DIRECTA,CONGRESISTA,JOSE MANUEL,CARLOS VALERIANO,REFRIGUERADORA,14 X 16 PULG.,BLANCA,4000
DEMOCRACIA DIRECTA,CONGRESISTA,JOSE MANUEL,CARLOS VALERIANO,EQUIPO DE SONIDO,800 A 2000 WATT,SONIDO ALTA RESOLUCION,2300
DEMOCRACIA DIRECTA,CONGRESISTA,JOSE MANUEL,CARLOS VALERIANO,TELEVISOR,DE 40 X 32,PANTALLA PLANA,3000
DEMOCRACIA DIRECTA,CONGRESISTA,JOVITA,REATEGUI CUMAPA,VIVIENDA,MATERIAL DE MADERA,ÁREA 144.59 m2,14000
DEMOCRACIA DIRECTA,CONGRESISTA,MARIA VIRGINIA CLEOFE,ALVARADO LEON,DVD,DVD LG ,LG,360
DEMOCRACIA DIRECTA,CONGRESISTA,MARIA VIRGINIA CLEOFE,ALVARADO LEON,TELEVISOR,"TELEVISOR LG-21""","LG-21""",1200
DEMOCRACIA DIRECTA,CONGRESISTA,RAUL,SANCHEZ MIRANDA,BIBLIOTECA,CIENCIAS SOCIALES,5000 LIBROS,25000
DEMOCRACIA DIRECTA,CONGRESISTA,RICHARD HECTOR,BLANCO CLAROS,EMPRESA COORPORACION BLANCOS  EIRL,EMPRESA,EMPRESA,760000
"EL FRENTE AMPLIO POR JUSTICIA, VIDA Y LIBERTAD",CONGRESISTA,ADOLFO LAURIANO,HORMAZA DEL CASTILLO,EIRL,CLINICA HORMAZA,-,20000
"EL FRENTE AMPLIO POR JUSTICIA, VIDA Y LIBERTAD",CONGRESISTA,JAVIER,CASTRO ZAVALETA ,EMBARCACION,PESCA ARTESANAL,24 PRS.  CAPACIDAD STM. MOTOR DE CENTRO,8000
"EL FRENTE AMPLIO POR JUSTICIA, VIDA Y LIBERTAD",CONGRESISTA,JORGE ANDRES,CASTRO BRAVO ,MERCADERIAS ,MERCADERIAS,MERCADERIAS,150000
"EL FRENTE AMPLIO POR JUSTICIA, VIDA Y LIBERTAD",CONGRESISTA,JUAN ISAIAS,TORRES POLO ,SOCIOde la empresa AGROPECUARIA ARIES SAC,acciones,.,1600
"EL FRENTE AMPLIO POR JUSTICIA, VIDA Y LIBERTAD",CONGRESISTA,LEYDI ELIZABETH,DE LA CRUZ MAYTA,TV,ROSADO MARCA RECCO,32 PULGADAS,700
"EL FRENTE AMPLIO POR JUSTICIA, VIDA Y LIBERTAD",CONGRESISTA,LEYDI ELIZABETH,DE LA CRUZ MAYTA,LAPTOP,MARCA ASUS,14 PULGADAS BLANCA,1500
"EL FRENTE AMPLIO POR JUSTICIA, VIDA Y LIBERTAD",CONGRESISTA,LUIS,GARNIQUE ORTIZ,LIBROS Y PUBLICACIONES,LIBROS,-,50000
"EL FRENTE AMPLIO POR JUSTICIA, VIDA Y LIBERTAD",CONGRESISTA,LUIS,GARNIQUE ORTIZ,MUEBLES Y EQUIPOS,"PC, ESCRITORIOS Y MUEBLES DE OFIC.",-,10000
"EL FRENTE AMPLIO POR JUSTICIA, VIDA Y LIBERTAD",CONGRESISTA,MARTIN ARNALDO,MORALES TORRES ,PROCESAMIENTO,EQUIPOS DE COMPUTO,"MAPTOP, PC, ENCODER",8500
"EL FRENTE AMPLIO POR JUSTICIA, VIDA Y LIBERTAD",CONGRESISTA,MARTIN ARNALDO,MORALES TORRES ,PRODUCCION VIDEO-VISUAL,"CAMARAS HD,PHOTO PROF.",CAMARAS,7000
"EL FRENTE AMPLIO POR JUSTICIA, VIDA Y LIBERTAD",CONGRESISTA,MARTIN ARNALDO,MORALES TORRES ,PRODUC. AUDIOS,AMPLIF. MIXER. TOMM,"SPEAKER, MONITOR, MIXER",6500
"EL FRENTE AMPLIO POR JUSTICIA, VIDA Y LIBERTAD",CONGRESISTA,ORACIO ANGEL,PACORI MAMANI,EMPRESA,SRL,INVERNEPT PERU,3700
"EL FRENTE AMPLIO POR JUSTICIA, VIDA Y LIBERTAD",CONGRESISTA,SANTIAGO,RIVAS PANDURO ,CUADRO,PINTURA AL OLEO,PAISAJE,8000
"EL FRENTE AMPLIO POR JUSTICIA, VIDA Y LIBERTAD",CONGRESISTA,SANTIAGO,RIVAS PANDURO ,CUADRO,PINTURA AL OLEO,PAISAJE,8000
"EL FRENTE AMPLIO POR JUSTICIA, VIDA Y LIBERTAD",CONGRESISTA,SANTIAGO,RIVAS PANDURO ,CUADRO,LIENZO DE F. VIDRIO,ARTE RUPESTRE,8000
"EL FRENTE AMPLIO POR JUSTICIA, VIDA Y LIBERTAD",CONGRESISTA,SANTIAGO,RIVAS PANDURO ,CUADRO,LIENZO DE F. VIDRIO,ARTE RUPESTRE,8000
"EL FRENTE AMPLIO POR JUSTICIA, VIDA Y LIBERTAD",CONGRESISTA,SANTIAGO,RIVAS PANDURO ,CUADRO,PINTURA SOBRE PAPEL,MUJER,14000
FRENTE ESPERANZA,CONGRESISTA,ANDRES SABINO,CARDENAS JESUS,DRV (MINERA DURAND),ACCIONES,ACCIONES,800000
FRENTE ESPERANZA,CONGRESISTA,ANDRES SABINO,CARDENAS JESUS,MAPLE,ACCIONES,ACCIONES ,100000
FRENTE ESPERANZA,CONGRESISTA,ANDRES SABINO,CARDENAS JESUS,VOLCAN,ACCIONES,ACCIONES,70000
FRENTE ESPERANZA,CONGRESISTA,MARIO MARTIN,PAREDES LOSTAUNAU,SUCESION INTESTADA,SUCESION INTESTADA,DERECHOS Y ACCIONES,30000
FRENTE ESPERANZA,PRESIDENTE DE LA REPUBLICA,LUIS FERNANDO,OLIVERA VEGA,Inversion,Participacion B,Benel Consult. Yorkshire,168000
FUERZA POPULAR,CONGRESISTA,AIDE,CERVANTES LUCANA ,1 (UNA) CPU COMPATIBLE,COREL DUO 360 G,"RAM 220G. y MONITOR LCD DE 18""",2000
FUERZA POPULAR,CONGRESISTA,AIDE,CERVANTES LUCANA ,1 (UNA) TORRE METALICA,PARA ANTENA,SIN DATO,3000
FUERZA POPULAR,CONGRESISTA,AIDE,CERVANTES LUCANA ,1 (UNA) MAQUINA IMPRENTA,OFFSET RYOBFA,SIN DATO,5500
FUERZA POPULAR,CONGRESISTA,AIDE,CERVANTES LUCANA ,01 (UNA) IMPRENTA  LASER ,MARCA HPM,23948,3000
FUERZA POPULAR,CONGRESISTA,ALEX,GONZALES CASTILLO,RELOJ,OMEGA,CONSTELACION,15000
FUERZA POPULAR,CONGRESISTA,ANGEL,NEYRA OLAYCHEA ,MAQUINAS,TORNO Y FRESADORA,USO INDUSTRIAL,204120
FUERZA POPULAR,CONGRESISTA,ANGEL,NEYRA OLAYCHEA ,VARIOS,MATRICES Y HERRAMIENTAS,DE USO INDUSTRIAL,167670
FUERZA POPULAR,CONGRESISTA,CARLOS ALBERTO,DOMINGUEZ HERRERA,INMOBILIARIA DH S.A.C.,ACCIONES,COMUNES,1500
FUERZA POPULAR,CONGRESISTA,CARLOS ALBERTO,DOMINGUEZ HERRERA,DOIL FISH QUALITY S.A.C.,ACCIONES,COMUNES,700000
FUERZA POPULAR,CONGRESISTA,CARLOS ALBERTO,DOMINGUEZ HERRERA,DOIL INTERNATIONAL S.A.C.,ACCIONES,COMUNES,563820
FUERZA POPULAR,CONGRESISTA,CARLOS HUMBERTO,TICLLA RAFAEL ,Ganado ,12 cabezas de ganado vacuno,Productoras de leche,24000
FUERZA POPULAR,CONGRESISTA,CECILIA ISABEL,CHACON DE VETTORI,20 000 PARTICIPACIONES SOCIALES,HOSTAL PORTADA DEL SOL HACIENDA EIRL CAJAMARCA,PARTIDA N° 11002527,20000
FUERZA POPULAR,CONGRESISTA,DARIBERTO,PALMA BARREDA ,BIENES DOMESTICOS,"ELECTRODOMESTICOS MOBILIARIO DE SALA, COMEDOR, DORMITORIO, COCINA Y OTROS.",EN USO,30000
FUERZA POPULAR,CONGRESISTA,EDWIN,VERGARA PINTO,Acciones comunes,Pinturas Golden Colors SAC,1500 acciones de S/. 1 cada una,1500
FUERZA POPULAR,CONGRESISTA,ELARD GALO,MELGAR VALDEZ ,INST. FINANCIERA,CMAC MAYNAS SAC,CUENTA DE AHORRO,85000
FUERZA POPULAR,CONGRESISTA,ELARD GALO,MELGAR VALDEZ ,EMP. PRIVADA,AGROPECUARIA SAN RAMON S.A.,ACCIONES,4384906
FUERZA POPULAR,CONGRESISTA,ENRIQUE SANDRO,STAPLETON PONCE ,Acciones,Doctor ENDO S.A.C.,"389,800 acciones de S/. 1 cada una",389800
FUERZA POPULAR,CONGRESISTA,ENRIQUE SANDRO,STAPLETON PONCE ,Acciones comunes,Proyectos Asistenciales Generales S.A.C.,500 acciones de S/. 1 cada una.,500
FUERZA POPULAR,CONGRESISTA,FRANCISCO AMADOR,MERINO REYNA MENESES,PINTURAS,PINTURAS,PINTURAS,30000
FUERZA POPULAR,CONGRESISTA,GABINO HUGO,ROSAS LOPEZ ,PLAZA PORTÁTIL,ESTRADO,EVENTOS BENÉFICOS CULTURALES,20000
FUERZA POPULAR,CONGRESISTA,JOSE LUIS,ESPICHAN PEREZ,JOYAS,"AROS, CADENAS Y RELOJES",ORO Y PLATA,7000
FUERZA POPULAR,CONGRESISTA,KARLA MELISSA,SCHAEFER CUCULIZA ,Cuatrimoto,Honda 420,2011,16000
FUERZA POPULAR,CONGRESISTA,KENJI GERARDO,FUJIMORI HIGUCHI ,Acciones,Vantage Merchant Capital SAC,Valor nominal acciones 50%,500
FUERZA POPULAR,CONGRESISTA,KENJI GERARDO,FUJIMORI HIGUCHI ,Acciones,LIMANDINA,Valor nominal acciones 24.00%,34800
FUERZA POPULAR,CONGRESISTA,KENJI GERARDO,FUJIMORI HIGUCHI ,Acciones,Integrated Global Logistics S. A.,Valor nominal acciones 28.97%,602152
FUERZA POPULAR,CONGRESISTA,LOURDES CAROLINA,CARMELO ANCAYA ,ENCERES,MUEBLES CASA,DE USO FAMILIAR,50000
FUERZA POPULAR,CONGRESISTA,LOURDES CAROLINA,CARMELO ANCAYA ,ACCIONES,MAKRO IMPORTACIONES SRL,5000 ACCIONES CON VALOR DE UN SOL CADA UNA,5000
FUERZA POPULAR,CONGRESISTA,LOURDES CAROLINA,CARMELO ANCAYA ,ACCIONES,HAL ASOCIADOS SRL,272410 ACCIONES CON VALOR UN SOL CADA UNA,272410
FUERZA POPULAR,CONGRESISTA,LUCIANO NELSON,MARTINEZ TALAVERA ,Ganado,10 vacas,Lecheras,55000
FUERZA POPULAR,CONGRESISTA,LUCIANO NELSON,MARTINEZ TALAVERA ,Ganado,Animales menores,vaquillonas,10000
FUERZA POPULAR,CONGRESISTA,LUIS FERNANDO,GALARRETA VELARDE,ENSERES,MENAJE DE CASA,USADO,42000
FUERZA POPULAR,CONGRESISTA,LUIS FERNANDO,GALARRETA VELARDE,MUEBLES,ARTEFACTOS Y MUEBLES,NUEVO,48000
FUERZA POPULAR,CONGRESISTA,LUZ FILOMENA,SALGADO RUBIANES ,JOYAS,COLLARES - PULSERAS - ARETES,ORO Y PLATA,50000
FUERZA POPULAR,CONGRESISTA,LUZ FILOMENA,SALGADO RUBIANES ,CUADROS,PINTURAS AL OLEO,PAISAJES - ARTE CUSQUEÑO,15000
FUERZA POPULAR,CONGRESISTA,MARIA URSULA INGRID,LETONA PEREYRA,PINTURAS,CUADROS,AL OLEO,33000
FUERZA POPULAR,CONGRESISTA,MARIA URSULA INGRID,LETONA PEREYRA,JOYAS,EN SOCIEDAD DE GANANCIALES,EN ORO,82500
FUERZA POPULAR,CONGRESISTA,MAURICIO,MIRANDA VARGAS FANO ,Reloj,Breitting Cronograph,Acero - Oro - 18k,51000
FUERZA POPULAR,CONGRESISTA,MIGUEL ANGEL,TORRES MORALES ,ALPHA ONE HOTELS S.A,ACCIONES,ACCIONES,1
FUERZA POPULAR,CONGRESISTA,MIGUEL ANGEL,TORRES MORALES ,BIENES MUEBLES,CASA Y OFICINAS ,CASA Y OFICINAS ,30000
FUERZA POPULAR,CONGRESISTA,MIGUEL ANGEL,TORRES MORALES ,TRANS GAS NATURAL S.A.C,ACCIONES,ACCIONES,1
FUERZA POPULAR,CONGRESISTA,MIGUEL ANGEL,TORRES MORALES ,AHORROS,APROXIMADOS,APROXIMADOS,16000
FUERZA POPULAR,CONGRESISTA,MIGUEL ANGEL,TORRES MORALES ,ESTUDIO TORRES Y TORRES LARA & ASOCIADOS  ABOGADOS ,PARTICIPACIÓN,PARTICIPACIÓN ,5834
FUERZA POPULAR,CONGRESISTA,MIKY JOAQUIN,DIPAS HUAMAN ,Camioneta pick up,Hyundai 2013 Modelo Tucson,XZN-005,60000
FUERZA POPULAR,CONGRESISTA,MOISES,MAMANI COLQUEHUANCA,AHORROS,DIVERSOS ENTIDADES FINANCIERAS,AHORROS,500000
FUERZA POPULAR,CONGRESISTA,OSWALDO,LUIZAR OBREGON ,ACCIONES,VOLCABC1,31534 ACCIONES,6464.47021484375
FUERZA POPULAR,CONGRESISTA,OSWALDO,LUIZAR OBREGON ,ACCIONES,BVN,1775 ACCIONES,6141.5
FUERZA POPULAR,CONGRESISTA,OSWALDO,LUIZAR OBREGON ,ACCIONES,PBR,920 ACCIONES,9326.080078125
FUERZA POPULAR,CONGRESISTA,OSWALDO,LUIZAR OBREGON ,ACCIONES,ATACOBC1,45500 ACCIONES,5369
FUERZA POPULAR,CONGRESISTA,OSWALDO,LUIZAR OBREGON ,ACCIONES,FERREYBC1,62102 ACCIONES,77627.5
FUERZA POPULAR,CONGRESISTA,PATRICIA ELIZABETH,DONAYRE PASQUEL ,Empresa de Radio y Tv.,Radiodifusion y Tv,Local,403070
FUERZA POPULAR,CONGRESISTA,PAUL RICARDO,NEIRA DEL BEN,ACCIONES,CLINICA VIRGEN DEL ROSARIO SAC,"21,601 ACCIONES CADA UNA VALE 1 SOL.",21601
FUERZA POPULAR,CONGRESISTA,PERCY ELOY,ALCALA MATEO,ACCIONES,FINANCIERA QAPAQ S.A.,3755 ACCIONES,3755
FUERZA POPULAR,CONGRESISTA,RENE GUILLERMO SIMON,MANRIQUE CUSIRRAMOS ,Joyas,20 anillos,"oro 18/138,50 gr",19390
FUERZA POPULAR,CONGRESISTA,RENE GUILLERMO SIMON,MANRIQUE CUSIRRAMOS ,Joyas,05 cadenas,"oro 18/240,00 gr.",33600
FUERZA POPULAR,CONGRESISTA,RENE GUILLERMO SIMON,MANRIQUE CUSIRRAMOS ,Joyas,08 pulseras,"oro 18/247,33 gr.",34622
FUERZA POPULAR,CONGRESISTA,SOCRATES JUAN,NEIRA CUTIPA,Grupo A&R Asesores y Consultores SAC- RUC 20600519523,Acciones,Fotocopiadora,4000
FUERZA POPULAR,CONGRESISTA,SOCRATES JUAN,NEIRA CUTIPA,Colosus SAC-RUC 20600543670,Acciones,OFFSET,3000
FUERZA POPULAR,CONGRESISTA,VICTOR AUGUSTO,ALBRECHT RODRIGUEZ ,MOTO LINEAL,ITALIKA,LINEAL,5000
FUERZA POPULAR,CONGRESISTA,WUILIAN ALFONSO,MONTEROLA ABREGU ,ACCIONES,LUZ DEL SUR,VALOR DE MERCADO ,61288.9609375
FUERZA POPULAR,PRIMER VICEPRESIDENTE DE LA REPUBLICA,JOSE,CHLIMPER ACKERMAN,Joyas,De la esposa,Variado,250000
FUERZA POPULAR,PRIMER VICEPRESIDENTE DE LA REPUBLICA,JOSE,CHLIMPER ACKERMAN,Muebles y enseres,En las 3 propiedades,Varios,200000
FUERZA POPULAR,PRIMER VICEPRESIDENTE DE LA REPUBLICA,JOSE,CHLIMPER ACKERMAN,Semovientes,En predio Huarocondo,10 llamas finas + 06 ovejas Merino + 04 bobinos puro por cruce,10000
FUERZA POPULAR,PRIMER VICEPRESIDENTE DE LA REPUBLICA,JOSE,CHLIMPER ACKERMAN,Pinturas y esculturas,En las 3 propiedades,Variado,350000
FUERZA POPULAR,SEGUNDO VICEPRESIDENTE DE LA REPUBLICA,VLADIMIRO,HUAROC PORTOCARRERO,Objetos de arte,"Cerámica, escultura, arte.",Arte popular moderno y prehispánico.,25000
FUERZA POPULAR,SEGUNDO VICEPRESIDENTE DE LA REPUBLICA,VLADIMIRO,HUAROC PORTOCARRERO,Pinturas,Al óleo con grabados,Arte abstracto con motivos andino y español,85000
PARTIDO HUMANISTA PERUANO,CONGRESISTA,JOSE ANTONIO,BAFFIGO TORRE,03 sortijas  ,Oro 45gr c/u 18 kilates,18 kilates,34760
PARTIDO HUMANISTA PERUANO,CONGRESISTA,JOSE ANTONIO,BAFFIGO TORRE,01 esclava,Oro 45 gr,18 kilates,17380
PARTIDO HUMANISTA PERUANO,CONGRESISTA,JOSE ANTONIO,BAFFIGO TORRE,Menaje de casa,computadoras,.,6000
PARTIDO HUMANISTA PERUANO,CONGRESISTA,JOSE ANTONIO,BAFFIGO TORRE,Menaje de casa,Cocina y televisores,.,4500
PARTIDO HUMANISTA PERUANO,CONGRESISTA,JOSE ANTONIO,BAFFIGO TORRE,Menaje de casa,Refrigeradora,.,2500
PARTIDO HUMANISTA PERUANO,CONGRESISTA,JULIO ERNESTO,CARDENAS ASPAJO,Cuadro ,Mensaje Nativo,.,200
PARTIDO HUMANISTA PERUANO,CONGRESISTA,LEONEL MILTON,FALCON GUERRA,EQUIPOS INFORMATICOS,LAPTOP CELULARES COMPUTADORAS,ESTANDAR,10000
PARTIDO HUMANISTA PERUANO,CONGRESISTA,RAUL,DEL CASTILLO ALATRISTA,ELECTRODOMÉSTICOS,"LIBROS, MUEBLES, EQUIPOS INFORMATICOS","ESPECIALIDAD DERECHO, MUEBLES DE PINO",200000
PARTIDO HUMANISTA PERUANO,CONGRESISTA,ROSA DELSA,MAVILA LEON,MENAJE Y EQUIPOS,MENAJE Y EQUIPOS,"Conjunto de instrumentos, muebles y equipos especiales",35000
PARTIDO HUMANISTA PERUANO,CONGRESISTA,TONY FRANCO,BALDEON GARCIA,Libros,Medicina,Especialidad,50000
PARTIDO HUMANISTA PERUANO,CONGRESISTA,TONY FRANCO,BALDEON GARCIA,Joyas,Ornamentales,Cadenas-Medallas,50000
PARTIDO HUMANISTA PERUANO,CONGRESISTA,TONY FRANCO,BALDEON GARCIA,Libros,Contabiliad-Auditoria,Especialidad,200000
PARTIDO HUMANISTA PERUANO,CONGRESISTA,TONY FRANCO,BALDEON GARCIA,Libros,Derecho,Especialidad,50000
PARTIDO HUMANISTA PERUANO,CONGRESISTA,ZENON DELFIN,ARANDA ROMERO,Prestamo Perosnal Mi Banco ,Prestamo,Deuda,35000
PARTIDO HUMANISTA PERUANO,PRIMER VICEPRESIDENTE DE LA REPUBLICA,ROSA DELSA,MAVILA LEON,MENAJE Y EQUIPOS,MENAJE Y EQUIPOS,"Conjunto de instrumentos, muebles y equipos especiales",35000
PARTIDO NACIONALISTA PERUANO,CONGRESISTA,LEONIDAS,HUAYAMA NEIRA,SOCIO EN LA EMPRESA RUFINA SAC,SOCIO EN LA EMPRESA RUFINA SAC,SOCIO EN LA EMPRESA RUFINA SAC,30000
PARTIDO NACIONALISTA PERUANO,CONGRESISTA,LEONIDAS,HUAYAMA NEIRA,SOCIO EN LA EMPRESA I.E.P. ASUNCION SAC,SOCIO EN LA EMPRESA I.E.P. ASUNCION SAC,SOCIO EN LA EMPRESA I.E.P. ASUNCION SAC,62000
PARTIDO NACIONALISTA PERUANO,CONGRESISTA,LEONIDAS,HUAYAMA NEIRA,SOCIO EN LA EMPRESA NATIVIDAD SAC,SOCIO EN LA EMPRESA NATIVIDAD SAC,SOCIO EN LA EMPRESA NATIVIDAD SAC,6000
PARTIDO NACIONALISTA PERUANO,CONGRESISTA,MAX VELL,QUINTO PAREDES,COMPUTADORA PORTATIL,PORTIL,TOSHIBA I5,2800
PARTIDO POLITICO ORDEN,CONGRESISTA,AMILCAR VLADIMIR,YUFRA HENRIQUEZ,BANCO DE CRÉDITO DEL PERÚ,TARJETA DE CRÉDITO,VISA ORO LAN PASS,5000
PARTIDO POLITICO ORDEN,CONGRESISTA,AMILCAR VLADIMIR,YUFRA HENRIQUEZ,TARJETA DE CRÉDITO INTERBANK,VISA PREMIA ,INTERBANK,1300
PARTIDO POLITICO ORDEN,CONGRESISTA,BENJAMIN BENITO,CASTILLO FLORIAN,2 FOTOCOPIADORA,MINOLTA,DIALTA,4000
PARTIDO POLITICO ORDEN,CONGRESISTA,BENJAMIN BENITO,CASTILLO FLORIAN,FOTOCOPIADORA,MINOLTA 750,BIZHUB,5500
PARTIDO POLITICO ORDEN,CONGRESISTA,BENJAMIN BENITO,CASTILLO FLORIAN,2 IMPRESORAS,HP,-,2000
PARTIDO POLITICO ORDEN,CONGRESISTA,BENJAMIN BENITO,CASTILLO FLORIAN,3 COMPUTADORAS,-,GENERALES,4500
PARTIDO POLITICO ORDEN,CONGRESISTA,BENJAMIN BENITO,CASTILLO FLORIAN,FOTOCOPIADORA,MINOLTA 601,BIZHUB,6000
PARTIDO POLITICO ORDEN,CONGRESISTA,CARLOS ALBERTO,TORRES CARO,PINTURAS Y OTROS,OBRAS DE ARTE ,VARIOS,200000
PARTIDO POLITICO ORDEN,CONGRESISTA,CARLOS ALBERTO,TORRES CARO,BIBLIOTECA ,LIBROS,LIBROS ANTIGUOS,200000
PARTIDO POLITICO ORDEN,CONGRESISTA,CARLOS ALBERTO,TORRES CARO,COLECCIÓN,AJEDREZ,ORIGINALES,200000
PARTIDO POLITICO ORDEN,CONGRESISTA,CARLOS ALBERTO,TORRES CARO,JOYAS ,"RELOJES, MONEDAS, ANILLOS, ETC",ORO/PLATA,200000
PARTIDO POLITICO ORDEN,CONGRESISTA,CARLOS ALBERTO,TORRES CARO,COLECCIÓN,DON QUIXOTE,ORIGINALES,200000
PARTIDO POLITICO ORDEN,CONGRESISTA,CESAR HUMBERTO,GALINDO AGUIRRE,ACCIONISTA,TRANSPORTES GALINDO AGUIRRE SAC,ACCIONES (14.3%),4000
PARTIDO POLITICO ORDEN,CONGRESISTA,CESAR HUMBERTO,GALINDO AGUIRRE,ACCIONISTA,CIA MINERA CARLOS CESAR GALINDO ASOCIADOS,ACCIONES (50%),193865
PARTIDO POLITICO ORDEN,CONGRESISTA,CESAR HUMBERTO,GALINDO AGUIRRE,ACCIONISTA ,INVERSIONES GALINDO AGUIRRE SAC,ACCIONES (50%),2500
PARTIDO POLITICO ORDEN,CONGRESISTA,CESAR HUMBERTO,GALINDO AGUIRRE,ACCIONISTA,CORPORACION MINERA TOMA LA MANO,ACCIONISTA (5.5%),317400
PARTIDO POLITICO ORDEN,CONGRESISTA,EMILIANO ELIAS,MENDOZA ZEVALLOS,NO,NO,NO,0
PARTIDO POLITICO ORDEN,CONGRESISTA,HUGO ORLANDO,RUIZ ABARCA,Automovil Sedan,Toyota-Corona Gt- 1975,A2Q-012,15750
PARTIDO POLITICO ORDEN,CONGRESISTA,JACQUELINE ROSMERY,MARTELLO MORENO,Cuenta de Ahorros INTERBANK,Ahorro,Interbank,10000
PARTIDO POLITICO ORDEN,CONGRESISTA,JACQUELINE ROSMERY,MARTELLO MORENO,Cuenta de Ahorros BCP,Ahorro,BCP,15000
PARTIDO POLITICO ORDEN,CONGRESISTA,MARCO ANTONIO,RUIZ ONTON,XXXX,XXXX,XXXX,0
PARTIDO POLITICO ORDEN,CONGRESISTA,RICARDO ROBERTO,WOOLCOTT ECHEVARRIA,MUEBLES,"MUEBLES DE SALA,COMEDOR,DORMITORIO Y COCINA Y OTROS AFINES.",-,30000
PARTIDO POLITICO ORDEN,CONGRESISTA,ROMULO,MUCHO MAMANI,ACCIONES,70% ACCIONARIADO PEVOEX CONTRATISTAS S.A.C,ACCIONES,0
PARTIDO POLITICO ORDEN,CONGRESISTA,ROMULO,MUCHO MAMANI,LIBROS,DE ESPECIALIDAD ,DIVERSAS,60000
PARTIDO POLITICO ORDEN,CONGRESISTA,ROMULO,MUCHO MAMANI,AHORROS,DEPOSITOS Y COLOCACIONES BANCARIAS,SALDOS VARIABLES,3500000
PARTIDO POLITICO ORDEN,CONGRESISTA,ROSA ELVIRA,BALABARCA MORALES DE HIDALGO,Muebles ,"juego de muebles, mesa comedor, cama, equipo de gimnasia",De hogar,15000
PARTIDO POLITICO ORDEN,CONGRESISTA,ROSA ELVIRA,BALABARCA MORALES DE HIDALGO,Cuenta ahorros BBVA,Ahorros, mancomunados,390000
PARTIDO POLITICO ORDEN,CONGRESISTA,ROSA ELVIRA,BALABARCA MORALES DE HIDALGO,Muebles de cocina,"Refrigeradora,cocina, microondas.",Cocina,5000
PARTIDO POLITICO ORDEN,CONGRESISTA,ROSA ELVIRA,BALABARCA MORALES DE HIDALGO,JOYAS,"Cadenas, Dijes",De oro,15000
PARTIDO POLITICO ORDEN,PRESIDENTE DE LA REPUBLICA,ANTERO,FLORES ARAOZ ESPARZA,Mobiliario ,Mobiliario contenido en mi oficina profesional de  Abogado,xxxxxxxxx,70000
PARTIDO POLITICO ORDEN,PRESIDENTE DE LA REPUBLICA,ANTERO,FLORES ARAOZ ESPARZA,Afiliación ,La titularidad de mi afiliación a diversos clubes ,xxxxxxxxxx,0
PARTIDO POLITICO ORDEN,PRESIDENTE DE LA REPUBLICA,ANTERO,FLORES ARAOZ ESPARZA,Valores mobiliarios y participaciones sociales,"El 99,97% de las acciones de ""Construcfac S.A"".,  cuyo patrimonio  contable al 31.12.2014 es de  1'616,666.00",xxxxxxxx,1606184
PARTIDO POLITICO ORDEN,PRESIDENTE DE LA REPUBLICA,ANTERO,FLORES ARAOZ ESPARZA,Participaciones Sociales,"Participación en el ""Estudio Flores-Araoz & Asociados SCRL es con el 50% cuyo valor asciende  a S/. 604,453.50",xxxxxxxx,604453.5
PARTIDO POLITICO ORDEN,PRESIDENTE DE LA REPUBLICA,ANTERO,FLORES ARAOZ ESPARZA,Titular Integro ,"Titular de ""Inverfac E.I.R.L."" cuyo patrimonio contable al 31.12.2014 es de S/. 757,394.00",xxxxxxxxx,757394
PARTIDO POLITICO ORDEN,PRESIDENTE DE LA REPUBLICA,ANTERO,FLORES ARAOZ ESPARZA,Acciones ,"(376,605) del Banco Financiero, con valor nominal S/. 1.- cada una",xxxxxxxxx,376605
PARTIDO POLITICO ORDEN,PRESIDENTE DE LA REPUBLICA,ANTERO,FLORES ARAOZ ESPARZA,Depósitos  y colocaciones bancarias,Saldos variables,xxxxxxxxxx,0
PARTIDO POLITICO ORDEN,PRESIDENTE DE LA REPUBLICA,ANTERO,FLORES ARAOZ ESPARZA,Mobiliario,Muebles y enseres contenido en el inmueble que habito con mi familia,xxxxxxx,300000
PARTIDO POLITICO ORDEN,PRESIDENTE DE LA REPUBLICA,ANTERO,FLORES ARAOZ ESPARZA,Mobiliario,Muebles y enseres contenido en el Dpto de Playa en el Distrito de Ancón,xxxxxxxx,100000
PARTIDO POLITICO ORDEN,PRESIDENTE DE LA REPUBLICA,ANTERO,FLORES ARAOZ ESPARZA,Mobiliario ,Muebles y enseres contenidos en la casa de playa en el Distrito de Asia,xxxxxxxxxxx,80000
PARTIDO POLITICO ORDEN,PRESIDENTE DE LA REPUBLICA,ANTERO,FLORES ARAOZ ESPARZA,Servicio Telefónico,La titularidad de los servicios telefónicos que se encuentran a mi nombre,xxxxxxxxxxx,0
PARTIDO POLITICO ORDEN,PRESIDENTE DE LA REPUBLICA,ANTERO,FLORES ARAOZ ESPARZA,Acciones ,"Acciones  en ""Country Inn SA"" sin valor en la actualidad",xxxxxxxxxxxx,0
PARTIDO POLITICO ORDEN,PRESIDENTE DE LA REPUBLICA,ANTERO,FLORES ARAOZ ESPARZA,Banco Interamericano de Finanzas ,"Depósitos  en cuenta: Cta. Interamericana en Moneda Extranjera US$  92,023.41 ",Saldos al 31.12.2015,313799.84375
PARTIDO POLITICO ORDEN,PRIMER VICEPRESIDENTE DE LA REPUBLICA,ROMULO,MUCHO MAMANI,LIBROS,DE ESPECIALIDAD ,DIVERSAS,60000
PARTIDO POLITICO ORDEN,PRIMER VICEPRESIDENTE DE LA REPUBLICA,ROMULO,MUCHO MAMANI,ACCIONES,70% ACCIONARIADO PEVOEX CONTRATISTAS S.A.C,ACCIONES,0
PARTIDO POLITICO ORDEN,PRIMER VICEPRESIDENTE DE LA REPUBLICA,ROMULO,MUCHO MAMANI,AHORROS,DEPOSITOS Y COLOCACIONES BANCARIAS,SALDOS VARIABLES,3500000
PERU LIBERTARIO,CONGRESISTA,MOISES VIDAL,RAMON GONZALES,PC,COREL 2 DUO,COREL 2 DUO,600
PERU LIBERTARIO,CONGRESISTA,MOISES VIDAL,RAMON GONZALES,LAPTOP,DELL,COREL,700
PERU LIBERTARIO,CONGRESISTA,PORFIRIO,VELIZ SALAS,TERRENO SOLAR,MATERIAL NOBLE,CERCADO CON BLOQUETA,30000
PERU NACION,CONGRESISTA,MANUEL TEODORO,MACEDO ALTAMIRANO,MOTOCAR,ZONG SHEN 150 2015,ZS150-N,8000
PERU NACION,CONGRESISTA,PEDRO RODOLFO,GAITAN CASTRO,ESTUDIO DE GRABACIÓN,"EQUIPOS DE AUDIO, SONIDO, TARJETAS DE SONIDO, COMPUTADORA Y PANTALLAS MAC, CONSOLA, GUITARRAS, MICRÓFONOS PROFESIONALES,",Equipos de Sonido de Grabación Profesional,350000
PERU NACION,CONGRESISTA,PEDRO RODOLFO,GAITAN CASTRO,Muebles de Hogar y de madera fina y óleos ,"Muebles y óleos y linea blanca, etc.",Todos de primera calidad,82000
PERU NACION,CONGRESISTA,PEDRO RODOLFO,GAITAN CASTRO,Equipos y Muebles completos para Restaurante,"Cocina, Congeladoras, Freidora, PLANCHA, Mesas de trabajo, menajería, muebles completos para Salón, estructuras metálica",Todos los equipos y muebles son de última generación,345000
PERU PATRIA SEGURA,CONGRESISTA,ADOLFO,QUISPE CONDORI,RADIO TV. LAJAS EIRL,RADIODIFUSION,930 AM,2100
PERU PATRIA SEGURA,CONGRESISTA,FERNANDO ENRIQUE,MONTOYA MONTOYA,BIBLIOTECA PERSONA,VARIOS,VARIOS,200000
PERU PATRIA SEGURA,CONGRESISTA,FERNANDO ENRIQUE,MONTOYA MONTOYA,DERECHOS DE INMUEBLES,CALLE HUSCAR NRO 205 - ALTO SELVA ALEGRE,33%,50000
PERU PATRIA SEGURA,CONGRESISTA,JOSE LUIS,CHIRINOS CHIRINOS,TERRENO,LOTES,LOTES PARA VIVIENDA,2000000
PERU PATRIA SEGURA,CONGRESISTA,KAZAN,OCAMPO CARPIO,ANTIGUEDADES,COLECCION DE ESTAMPILLAS,VARIOS,30000
PERU PATRIA SEGURA,CONGRESISTA,KAZAN,OCAMPO CARPIO,MUEBLES DE SPA,VARIOS,VARIOS,20000
PERU PATRIA SEGURA,CONGRESISTA,KAZAN,OCAMPO CARPIO,MUEBLES DE OFICINA,"COMPUTADORA, LAPTOPS, ESCRITOIO, SILLONES Y OTROS",VARIOS,20000
PERU PATRIA SEGURA,CONGRESISTA,KAZAN,OCAMPO CARPIO,MUEBLES DE CASA,"SALA, COMEDOR, DORMITORIOS, COCINA",VARIOS,50000
PERU PATRIA SEGURA,CONGRESISTA,LUCIO EUGENIO,MENDOZA SAAVEDRA,Casa-Habitación,Adobe,Adobe,25000
PERU POSIBLE,CONGRESISTA,EDUARDA HAYDEE,TORPOCO RAYMUNDO ,EMPRESA GUTISA EIRL. ,-,-,1115928
PERU POSIBLE,CONGRESISTA,FRANK,LINARES PEREZ ,"UNIDAD DENTAL, INSUMO DENTAL",EQUIPOS,EQUIPOS MEDICOS,70000
PERU POSIBLE,CONGRESISTA,JOHN EVELIO,DEL ROSARIO RAMIREZ ,MUEBLES Y ENSERES,NINGUNO,NINGUNO,50000
PERU POSIBLE,CONGRESISTA,JORGE,PERLACIOS VELASQUEZ,ARTEFACTOS Y OTROS,ARTEFACTOS,ARTEFACTOS,30000
PERU POSIBLE,CONGRESISTA,JORGE EDUARDO,LOPEZ VALLES,CASA,FABRICA,01 PLANTA 50 M2,30000
PERU POSIBLE,CONGRESISTA,MARIA AZUCENA,ALEGRIA ROMAN ,MAQUINA COSER,JUKI,OJALADORA,15000
PERU POSIBLE,CONGRESISTA,MARIA AZUCENA,ALEGRIA ROMAN ,MAQUINA CERRADORA,JUKI,CERRADORA,12000
PERU POSIBLE,CONGRESISTA,MARIA AZUCENA,ALEGRIA ROMAN ,MAQUINA BOTONERA,JUKI,BOTONERA,6000
PERU POSIBLE,CONGRESISTA,MARIA AZUCENA,ALEGRIA ROMAN ,MAQUINA ATRACADORA,DE JEANS,ATRACADORA,7000
PERU POSIBLE,CONGRESISTA,MARIA DEL CARMEN,OMONTE DURAND,"Joyas, Objetos de Arte","Joyas de Oro, cuadros de Oleo","Collares, pulseras de coleccion",500000
PERU POSIBLE,CONGRESISTA,MARIELA,MOYA SOTO ,ACCIONES,MARYLY S.R.L,VALOR ACCION 1 NUEVO SOL,99000
PERU POSIBLE,CONGRESISTA,MELQUIADES EULALIO,BALDEON PARDO ,ACCIONES,CORPORACIÓN BALDEON SAC,1000 ACCIONES A 1 UN SOLES C/U,1000
PERU POSIBLE,CONGRESISTA,MELQUIADES EULALIO,BALDEON PARDO ,ACCIONES,EMPRESA ATAVILLOS SAC,41250 ACCIONES A 10 SOLES C/U,4125
PERU POSIBLE,CONGRESISTA,MIGUEL ANGEL,LAURA MEDINA,ACCIONISTA ,SOCIO ACCIONISTA,ACCIONES ,150000
PERU POSIBLE,CONGRESISTA,PEDRO NICOLAS,CARRANZA LOPEZ,camioneta,nissan-navara,H1M807,30000
PERU POSIBLE,PRESIDENTE DE LA REPUBLICA,ALEJANDRO,TOLEDO MANRIQUE,Pintura ,Objeto de Arte,Oleo,69596
PERU POSIBLE,PRESIDENTE DE LA REPUBLICA,ALEJANDRO,TOLEDO MANRIQUE,Menaje de Hogar,Artefactos,Marcas diversas,77387
PERU POSIBLE,PRIMER VICEPRESIDENTE DE LA REPUBLICA,FERNANDO MARCIAL,AYAIPOMA ALVARADO,Pintura,Lienzo- Escuela Cusqueña,"Sagrada Familia, Siglo XVIII",20000
PERU POSIBLE,SEGUNDO VICEPRESIDENTE DE LA REPUBLICA,MARIA DEL CARMEN,OMONTE DURAND,"Joyas, Objetos de Arte","Joyas de Oro, cuadros de Oleo","Collares, pulseras de coleccion",500000
PERUANOS POR EL KAMBIO,CONGRESISTA,ALEX JOEL,CASTILLO BAZAN,JOYAS,"SORTIJAS, PULSERAS, ORO 18 K",VARIOS,10000
PERUANOS POR EL KAMBIO,CONGRESISTA,AUGUSTO,SIPION BARRIOS,EMBARCACION PESQUERA,N° DE REGISTRO : 11020346,VARIOS,12000
PERUANOS POR EL KAMBIO,CONGRESISTA,CARLOS RICARDO,BRUCE MONTES DE OCA,DEPOSITOS,PLAZO FIJO,VARIAS ENTIDADES,835426.625
PERUANOS POR EL KAMBIO,CONGRESISTA,CARLOS RICARDO,BRUCE MONTES DE OCA,ACCIONES,INVERSIONES PROTON,VARIOS,18930
PERUANOS POR EL KAMBIO,CONGRESISTA,CARLOS RICARDO,BRUCE MONTES DE OCA,EQUIPOS,ELECTRODOMESTICOS,VALOR APROXIMADO,32000
PERUANOS POR EL KAMBIO,CONGRESISTA,CARLOS RICARDO,BRUCE MONTES DE OCA,OBRAS DE ARTE,VARIOS,VALOR APROXIMADO,28000
PERUANOS POR EL KAMBIO,CONGRESISTA,CARLOS RICARDO,BRUCE MONTES DE OCA,ACCIONES,INVERSIONES EIVISSA,VARIOS,162000
PERUANOS POR EL KAMBIO,CONGRESISTA,CARMEN,CHIROQUE PAICO,JOYAS,VARIOS,ORO 18K,25000
PERUANOS POR EL KAMBIO,CONGRESISTA,CARMEN GEORGINA,DUARTE PATIÑO DE PEZET,ESCULTURA,MUJER FRUTERA,BRONCE DE FERNANDO BOTERO ,25000
PERUANOS POR EL KAMBIO,CONGRESISTA,CARMEN GEORGINA,DUARTE PATIÑO DE PEZET,PINTURAS ,VARIAS (45),"OLEOS, ACUARELAS ",70000
PERUANOS POR EL KAMBIO,CONGRESISTA,CARMEN ROSA,NUÑEZ CAMPOS,ELECTRODOMESTICOS,VARIAS,USO DOMESTICO,150000
PERUANOS POR EL KAMBIO,CONGRESISTA,CARMEN ROSA,NUÑEZ CAMPOS,CUADROS Y JOYAS,CUADROS Y JOYASVARIOS,VARIOS,400000
PERUANOS POR EL KAMBIO,CONGRESISTA,CELINA,PALOMINO SULCA,JOYAS,JOYAS,ORO- BRILLANTES,35000
PERUANOS POR EL KAMBIO,CONGRESISTA,CELINA,PALOMINO SULCA,ACCIONES,ACCIONES,CORPORACION PASIS SAC,25000
PERUANOS POR EL KAMBIO,CONGRESISTA,CELINA,PALOMINO SULCA,ACCIONES,ACCIONES,INDUSOL SAC,25000
PERUANOS POR EL KAMBIO,CONGRESISTA,DAMIAN,DE LA CRUZ CCANTO,16 TIJERAS,PARA DANZA TIPICA,ACERO INOXIDABLE,8000
PERUANOS POR EL KAMBIO,CONGRESISTA,DAMIAN,DE LA CRUZ CCANTO,LOS TRAJES TIPICOS,VESTIMENTA PARA DANZA DE TIJERAS,BORDADO A MANO CON HILO DORADO Y PLATA ,40000
PERUANOS POR EL KAMBIO,CONGRESISTA,DAMIAN,DE LA CRUZ CCANTO,JOYAS,VARIOS TIPOS,"ORO, PLATA Y DIAMANTE",75000
PERUANOS POR EL KAMBIO,CONGRESISTA,EDGAR DAVID,VILLANUEVA NUÑEZ,2 PINTURAS,CUANDROS,PINTURAS DE OLEO,50000
PERUANOS POR EL KAMBIO,CONGRESISTA,GINO FRANCISCO,COSTA SANTOLALLA,OBJETOS DE ARTE ,OBRAS DE ARTE,PINTURAS Y ESCRULTURA,30000
PERUANOS POR EL KAMBIO,CONGRESISTA,GLADYS SOFIA,RODRIGUEZ ASPAJO,BANDA DE ROCK,"BATERIA, GUITARRAS, ENTRE OTROS",VARIOS,19000
PERUANOS POR EL KAMBIO,CONGRESISTA,GLADYS SOFIA,RODRIGUEZ ASPAJO,EMPRESA ,"MOBILIARIO, COMPUTADORAS, OTROS",VARIOS,20000
PERUANOS POR EL KAMBIO,CONGRESISTA,GUIDO RICARDO,LOMBARDI ELIAS,Pinturas,Pintores Peruanos,Cuadros,80000
PERUANOS POR EL KAMBIO,CONGRESISTA,ISAAC ERNESTO,MOLINA CHAVEZ,PC - LAPTOPS,VARIAS MARCAS,DE AÑOS 2008 - 2011,5000
PERUANOS POR EL KAMBIO,CONGRESISTA,ISAAC ERNESTO,MOLINA CHAVEZ,ELECTRODOMESTICOS,VARIAS MARCAS,TODAS DEL AÑO 2009,10000
PERUANOS POR EL KAMBIO,CONGRESISTA,JANE GLORIA,MONTERO ARANDA,INVERSIONES ,ACCIONES,BVL,40000
PERUANOS POR EL KAMBIO,CONGRESISTA,JOSE LUIS,HANCCO MAMANI,PINTURA,CUADRO,PINTURA DE OLEO,20000
PERUANOS POR EL KAMBIO,CONGRESISTA,JUAN MANUEL KOSME,SHEPUT MOORE,LIBROS-CDS-DVDS,VARIOS,VARIAS,200000
PERUANOS POR EL KAMBIO,CONGRESISTA,LEOPOLDO,PEREZ EGAÑA PARODI,CUADROS,VARIOS,VARIOS,30000
PERUANOS POR EL KAMBIO,CONGRESISTA,LEOPOLDO,PEREZ EGAÑA PARODI,ACCIONES,YOLO SAC,9900 ACC.,9900
PERUANOS POR EL KAMBIO,CONGRESISTA,LEOPOLDO,PEREZ EGAÑA PARODI,ACCIONES,FPE INVERSIONES SAC,62750 ACC.,62750
PERUANOS POR EL KAMBIO,CONGRESISTA,LUIS POMPILIO,RAMIREZ PINEDO,MOTO,VARIOS,YAMAHA,20000
PERUANOS POR EL KAMBIO,CONGRESISTA,LUIS POMPILIO,RAMIREZ PINEDO,MOTONAUTICA,VARIOS,YAMAHA,30000
PERUANOS POR EL KAMBIO,CONGRESISTA,MARIA DEL PILAR,TORRES LEVANO,JOYAS,"PULSERAS, ANILLOS Y COLLARES ",ORO 18K,50000
PERUANOS POR EL KAMBIO,CONGRESISTA,MARLENY GABRIELA,MONTESINOS CHACON,ELECTRONICOS,"APPLE, LG, LAPTOP, IPAD, COMPUTADORAS",VARIOS,30000
PERUANOS POR EL KAMBIO,CONGRESISTA,MARLENY GABRIELA,MONTESINOS CHACON,JOYAS,VARIOS,"ORO, PLATA",51000
PERUANOS POR EL KAMBIO,CONGRESISTA,MARLENY GABRIELA,MONTESINOS CHACON,PINTURA,VARIOS,"OLEOS, ACUARELAS",60000
PERUANOS POR EL KAMBIO,CONGRESISTA,MARLENY GABRIELA,MONTESINOS CHACON,LIBROS,COLECCION,VARIOS,30000
PERUANOS POR EL KAMBIO,CONGRESISTA,MERCEDES ROSALBA,ARAOZ FERNANDEZ,Joyas,Oro y plata,Varias,20000
PERUANOS POR EL KAMBIO,CONGRESISTA,MERCEDES ROSALBA,ARAOZ FERNANDEZ,Objetos de arte,Cuadros/Escultura,Varios,200000
PERUANOS POR EL KAMBIO,CONGRESISTA,PEDRO CARLOS,OLAECHEA ALVAREZ CALDERON,BROCAL,ACC. COMUNES,S/. 4.80,596680
PERUANOS POR EL KAMBIO,CONGRESISTA,PEDRO CARLOS,OLAECHEA ALVAREZ CALDERON,CSEMBC,ACC. COMUNES,S/. 0.12,11729
PERUANOS POR EL KAMBIO,CONGRESISTA,PEDRO CARLOS,OLAECHEA ALVAREZ CALDERON,VOLCAN,ACC. SERIE B.,S/.0.19,3765
PERUANOS POR EL KAMBIO,CONGRESISTA,PEDRO CARLOS,OLAECHEA ALVAREZ CALDERON,VIÑA TACAMA,ACC. IMV.,S/.1.00,148359
PERUANOS POR EL KAMBIO,CONGRESISTA,PEDRO CARLOS,OLAECHEA ALVAREZ CALDERON,VIÑA TACAMA,ACC. COMUNES,S/. 10.00,2098580
PERUANOS POR EL KAMBIO,CONGRESISTA,RAFAEL,VARGAS MALAGA,ACCIONES,SWISSLOG,VARIOS,980
PERUANOS POR EL KAMBIO,CONGRESISTA,RAFAEL,VARGAS MALAGA,MUEBLES Y EQUIPOS,USO DOMESTICO,USADOS,30000
PERUANOS POR EL KAMBIO,CONGRESISTA,RAFAEL,VARGAS MALAGA,ACCIONES,COORPORACION LOGISTICA,VARIOS,209375
PERUANOS POR EL KAMBIO,CONGRESISTA,ROBERTO GAMANIEL,VIEIRA PORTUGAL ,EMBARCACION PESQUERA ARTESANAL EN CONSTRCCION,"NOMBRE ""ALERTA 1""","ESLORA 11 METROS, MANGA 3.50M. PUNTAL 1.30M. ",30000
PERUANOS POR EL KAMBIO,CONGRESISTA,SHIRLEY MARGOT,REVOLLAR CACERES,ANTIGUEDADES,MUÑECOS ANTIG.,DE METAL,500000
PERUANOS POR EL KAMBIO,CONGRESISTA,SHIRLEY MARGOT,REVOLLAR CACERES,ANTIGUEDADES,JOYAS ANTIG.,DE METAL,150000
PERUANOS POR EL KAMBIO,CONGRESISTA,SHIRLEY MARGOT,REVOLLAR CACERES,ANTIGUEDADES,MONEDAS ANTIGUAS,DE METAL,200000
PERUANOS POR EL KAMBIO,CONGRESISTA,TERESA,HUARCA LOPEZ,LIBROS,DERECHO DEL NIÑO Y ADOLESCENTES,AUTORES EXTRANJEROS,4000
PERUANOS POR EL KAMBIO,CONGRESISTA,TERESA,HUARCA LOPEZ,LIBROS,COLECCIÓN DE CODIGO CIVIL Y PROCESAL CIVIL,AUTORES EXTRANJEROS,3000
PERUANOS POR EL KAMBIO,CONGRESISTA,TERESA,HUARCA LOPEZ,LIBROS,COLECCION DE POLITICA GENERAL Y DERECHO Y POLITICA,AUTORES EXTRANJEROS,20000
PERUANOS POR EL KAMBIO,CONGRESISTA,TERESA,HUARCA LOPEZ,LIBROS,"CRIMINOLOGIA, CRIMINALISTICA, MEDICINA LEGAL",AUTORES EXTRANJEROS,10000
PERUANOS POR EL KAMBIO,CONGRESISTA,TERESA,HUARCA LOPEZ,LIBROS,"CIENCIA Y POLITICA, PODER, SISTEMA DE GOBIERNOS",AUTORES EXTRANJEROS,26000
PERUANOS POR EL KAMBIO,CONGRESISTA,TERESA,HUARCA LOPEZ,LIBROS,TRATADOS DE DERECHO CIVIL Y PATRIMONIAL,AUTORES EXTRANJEROS,12000
PERUANOS POR EL KAMBIO,CONGRESISTA,TERESA,HUARCA LOPEZ,LIBROS,DERECHO DE FAMILIA,AUTORES EXTRANJEROS,6000
PERUANOS POR EL KAMBIO,CONGRESISTA,TERESA,HUARCA LOPEZ,LIBROS,COLECCIONES DE DERECHO PENAL,AUTORES EXTRANJEROS,22000
PERUANOS POR EL KAMBIO,CONGRESISTA,TERESA,HUARCA LOPEZ,LIBROS,COLECCIÓN DE TEORIA GENERAL DE DERECHO,AUTORES EXTRANJEROS,14000
PERUANOS POR EL KAMBIO,CONGRESISTA,TERESA,HUARCA LOPEZ,LIBROS ,COLECCIONES DE ARGUMENTACION,AUTORES EXTRANJEROS,20000
PERUANOS POR EL KAMBIO,CONGRESISTA,TERESA,HUARCA LOPEZ,LIBROS,COLECCIONES DE ECONOMIA,AUTORES EXTRANJEROS,24000
PERUANOS POR EL KAMBIO,CONGRESISTA,TERESA,HUARCA LOPEZ,LIBROS,COLECCIONES DE FILOSOFIA,AUTORES EXTRANJEROS,30000
PERUANOS POR EL KAMBIO,CONGRESISTA,TERESA,HUARCA LOPEZ,LIBROS,COLECCIONES DE DERECHO PROCESAL PENAL,AUTORES EXTRANJEROS,12000
PERUANOS POR EL KAMBIO,CONGRESISTA,TERESA,HUARCA LOPEZ,LIBROS,COLECCIONES DE DERECHO CIVIL,AUTORES EXTRANJEROS,17000
PERUANOS POR EL KAMBIO,CONGRESISTA,TERESA,HUARCA LOPEZ,LIBROS,COLECCIONES DE DERECHO CONSTITUCIONAL,AUTORES EXTRANJEROS,32000
PERUANOS POR EL KAMBIO,CONGRESISTA,TERESA JESUS,GONZALES HUAMAN,POTRERO AZANCCA,APROX.  30 Ha 2890 MSNM,LOMA PARA PASTOREO DE GANADO VACUNO,50000
PERUANOS POR EL KAMBIO,CONGRESISTA,TERESA JESUS,GONZALES HUAMAN,TERRENO SAN JACINTO,APROX. 18 Ha 3200 MSNM,TIENE AGUA PROPIA PARA EL CULTIVO,30000
PERUANOS POR EL KAMBIO,CONGRESISTA,TERESA JESUS,GONZALES HUAMAN,TERRENO ACHIRO,APROX 8 Ha 2700 MSNM,QUEBRADA CRECE ARBOLES FRUTALES,15000
PERUANOS POR EL KAMBIO,CONGRESISTA,VICTOR ALFONSO,SANCHEZ ZERILLO,VALORES,ACCIONES ,COMUNES,165897
PERUANOS POR EL KAMBIO,CONGRESISTA,VICTOR VIDAL,PINO ZAMBRANO,ACCIONES,DE LA UNIVERSIDAD GLOBAL,ACCIONISTA,28000
PERUANOS POR EL KAMBIO,PRESIDENTE DE LA REPUBLICA,PEDRO PABLO,KUCZYNSKI GODARD,Cuadro,Paisanas con Bultos,No registra proveedor,2800
PERUANOS POR EL KAMBIO,PRESIDENTE DE LA REPUBLICA,PEDRO PABLO,KUCZYNSKI GODARD,Cuadro,Arcángel Arcabucero,proveedor: José Ignacio Lambarri,30000
PERUANOS POR EL KAMBIO,PRESIDENTE DE LA REPUBLICA,PEDRO PABLO,KUCZYNSKI GODARD,Cuadro,Retrato de Niña,Autor: Teodoro Núñez Ureta (atribuida),4500
PERUANOS POR EL KAMBIO,PRESIDENTE DE LA REPUBLICA,PEDRO PABLO,KUCZYNSKI GODARD,Cuadro,Esquina de San Cayetano,Autora: Cristina Carmán,15000
PERUANOS POR EL KAMBIO,PRESIDENTE DE LA REPUBLICA,PEDRO PABLO,KUCZYNSKI GODARD,Cuadro,Marina de Guido Strazza,No hay proveedor,90000
PERUANOS POR EL KAMBIO,PRESIDENTE DE LA REPUBLICA,PEDRO PABLO,KUCZYNSKI GODARD,Cuadro,Inmaculada concepción,proveedor: José Ignacio Lambarri,17000
PERUANOS POR EL KAMBIO,PRESIDENTE DE LA REPUBLICA,PEDRO PABLO,KUCZYNSKI GODARD,Cuadro,Adoración de los pastores,No registra proveedor,15000
PERUANOS POR EL KAMBIO,PRESIDENTE DE LA REPUBLICA,PEDRO PABLO,KUCZYNSKI GODARD,Cuadro,Arcangel Arcabucero-Rafael,No registra proveedor,30000
PERUANOS POR EL KAMBIO,PRESIDENTE DE LA REPUBLICA,PEDRO PABLO,KUCZYNSKI GODARD,Cuadro,El Problema del Globo,Autor: Teodoro Nuñez Ureta,3000
PERUANOS POR EL KAMBIO,PRESIDENTE DE LA REPUBLICA,PEDRO PABLO,KUCZYNSKI GODARD,Cuadro,Solar de Barranco,Autor: Carlos Solari,4300
PERUANOS POR EL KAMBIO,PRESIDENTE DE LA REPUBLICA,PEDRO PABLO,KUCZYNSKI GODARD,Cuadro,Puerta II (De la serie Pachacamac),Autor: Dare Dovijenko,7140
PERUANOS POR EL KAMBIO,PRESIDENTE DE LA REPUBLICA,PEDRO PABLO,KUCZYNSKI GODARD,Cuadro,Virgen de la Candelaria,Proveedor: José Ignacio Lambarri,8000
PERUANOS POR EL KAMBIO,PRESIDENTE DE LA REPUBLICA,PEDRO PABLO,KUCZYNSKI GODARD,Cuadro,Descanso a la huida a Egipto de la Sagrada Familia,Proveedor: José Ignacio Lambarri,20000
PERUANOS POR EL KAMBIO,PRESIDENTE DE LA REPUBLICA,PEDRO PABLO,KUCZYNSKI GODARD,Cuadro,Santa Rosa,No registra proveedor,5000
PERUANOS POR EL KAMBIO,PRESIDENTE DE LA REPUBLICA,PEDRO PABLO,KUCZYNSKI GODARD,Cuadro,El Cristo en la silla,No registra proveedor,12000
PERUANOS POR EL KAMBIO,PRESIDENTE DE LA REPUBLICA,PEDRO PABLO,KUCZYNSKI GODARD,Cuadro,San Eloy ,No registra proveedor,15000
PERUANOS POR EL KAMBIO,PRESIDENTE DE LA REPUBLICA,PEDRO PABLO,KUCZYNSKI GODARD,Espejo,Cajamarquino,No registra,1100
PERUANOS POR EL KAMBIO,PRESIDENTE DE LA REPUBLICA,PEDRO PABLO,KUCZYNSKI GODARD,Cuadro,San Francisco de Asís,proveedor: José Ignacio Lambarri,8500
PERUANOS POR EL KAMBIO,PRESIDENTE DE LA REPUBLICA,PEDRO PABLO,KUCZYNSKI GODARD,Cuadro,Arcángel San Miguel,proveedor: José Ignacio Lambarri,5300
PERUANOS POR EL KAMBIO,PRESIDENTE DE LA REPUBLICA,PEDRO PABLO,KUCZYNSKI GODARD,Cuadro,"Broad Street, New York",Miguel Wautzo (atribuida),2000
PERUANOS POR EL KAMBIO,PRESIDENTE DE LA REPUBLICA,PEDRO PABLO,KUCZYNSKI GODARD,Cuadro,Virgen de la Leche,No registra proveedor,15000
PERUANOS POR EL KAMBIO,PRESIDENTE DE LA REPUBLICA,PEDRO PABLO,KUCZYNSKI GODARD,Cuadro,"Callejón Alababas, Cusco","Autor: Miguel Wautzo (atribuida), proveedor José Ignacio Lambarri",2500
PERUANOS POR EL KAMBIO,PRESIDENTE DE LA REPUBLICA,PEDRO PABLO,KUCZYNSKI GODARD,Cuadro,"Callejón Alababas, Cusco","Autor: Miguel Wautzo (atribuida), proveedor José Ignacio Lambarri",2500
PERUANOS POR EL KAMBIO,PRESIDENTE DE LA REPUBLICA,PEDRO PABLO,KUCZYNSKI GODARD,Cuadro,Retorno a Egipto,proveedor: José Ignacio Lambarri,8300
PERUANOS POR EL KAMBIO,PRESIDENTE DE LA REPUBLICA,PEDRO PABLO,KUCZYNSKI GODARD,Cuadro,San Rafael,No registra proveedor,5500
PERUANOS POR EL KAMBIO,PRESIDENTE DE LA REPUBLICA,PEDRO PABLO,KUCZYNSKI GODARD,Cuadro,Arcangel San Miguel,No tiene proveedor,10000
PERUANOS POR EL KAMBIO,PRESIDENTE DE LA REPUBLICA,PEDRO PABLO,KUCZYNSKI GODARD,Cuadro,Arcangel Arcabucero-Ariel,No presenta proveedor,30000
PERUANOS POR EL KAMBIO,PRESIDENTE DE LA REPUBLICA,PEDRO PABLO,KUCZYNSKI GODARD,Cuadro,Arcangel Arcabucero - Gabriel Dei,No presenta proveedor,18000
PERUANOS POR EL KAMBIO,PRESIDENTE DE LA REPUBLICA,PEDRO PABLO,KUCZYNSKI GODARD,Cuadro,Santa Rosa,No presenta proveedor,25000
PERUANOS POR EL KAMBIO,PRESIDENTE DE LA REPUBLICA,PEDRO PABLO,KUCZYNSKI GODARD,Cuadro,Santo Tomás de Aquino,Proveedor José Ignacio Lambarri,12000
PERUANOS POR EL KAMBIO,PRESIDENTE DE LA REPUBLICA,PEDRO PABLO,KUCZYNSKI GODARD,Cuadro,Sin título (Estudiante de espaldas),No registra proveedor,3500
PERUANOS POR EL KAMBIO,PRESIDENTE DE LA REPUBLICA,PEDRO PABLO,KUCZYNSKI GODARD,Cuadro,Virgen del Rosario con Donantes,No registra proveedor,8000
PERUANOS POR EL KAMBIO,PRESIDENTE DE LA REPUBLICA,PEDRO PABLO,KUCZYNSKI GODARD,Cuadro,Llamas de oelo,Autor: José Sabogal,9000
PERUANOS POR EL KAMBIO,PRESIDENTE DE LA REPUBLICA,PEDRO PABLO,KUCZYNSKI GODARD,Cuadro,Nacimiento de la Virgen María (Momentos previos),No registra proveedor,18500
PERUANOS POR EL KAMBIO,PRESIDENTE DE LA REPUBLICA,PEDRO PABLO,KUCZYNSKI GODARD,Cuadro,Virgen del Rosario con Santa Rosa de Lima ,proveedor: José Ignacio Lambarri,20500
PERUANOS POR EL KAMBIO,PRESIDENTE DE LA REPUBLICA,PEDRO PABLO,KUCZYNSKI GODARD,Cuadro,Santísima Trinidad con la Virgen,proveedor: José Ignacio Lambarri,30000
PERUANOS POR EL KAMBIO,PRESIDENTE DE LA REPUBLICA,PEDRO PABLO,KUCZYNSKI GODARD,Cuadro,Virgen del Rosario con Santo Domingo y Santo Tomás de Aquino,No registra proveedor,10000
PERUANOS POR EL KAMBIO,PRESIDENTE DE LA REPUBLICA,PEDRO PABLO,KUCZYNSKI GODARD,Cuadro,Adoración de la Santísima Eucaristía,No tiene proveedor,13350
PERUANOS POR EL KAMBIO,PRESIDENTE DE LA REPUBLICA,PEDRO PABLO,KUCZYNSKI GODARD,Cuadro,Dos Caminos a Mendieta,Autor: Fernando de Szyszlo ,18101
PERUANOS POR EL KAMBIO,PRESIDENTE DE LA REPUBLICA,PEDRO PABLO,KUCZYNSKI GODARD,Cuadro,Señor de los Temblores ,Escuela Cusqueña - Siglo XVIII,6000
PERUANOS POR EL KAMBIO,PRESIDENTE DE LA REPUBLICA,PEDRO PABLO,KUCZYNSKI GODARD,Cuadro,Santa Lucía,No registra proveedor,10000
PERUANOS POR EL KAMBIO,PRESIDENTE DE LA REPUBLICA,PEDRO PABLO,KUCZYNSKI GODARD,Cuadro,Miguel Arcangel,No registra proveedor,8500
PERUANOS POR EL KAMBIO,PRESIDENTE DE LA REPUBLICA,PEDRO PABLO,KUCZYNSKI GODARD,Cuadro,Virgen del Rosario con Santo Domingo,Proveedor: Jose Ignacio Lambarri,6500
PERUANOS POR EL KAMBIO,PRESIDENTE DE LA REPUBLICA,PEDRO PABLO,KUCZYNSKI GODARD,Cuadro,Alegoría del Santísimo Sacramento,proveedor: José Ignacio Lambarri,50000
PERUANOS POR EL KAMBIO,PRESIDENTE DE LA REPUBLICA,PEDRO PABLO,KUCZYNSKI GODARD,Cuadro,Ciudad,Autor: Miguel Wautzo,1500
PERUANOS POR EL KAMBIO,PRESIDENTE DE LA REPUBLICA,PEDRO PABLO,KUCZYNSKI GODARD,Cuadro,Sit (Carretera),Fotografía de Hans Stoll,1666
PERUANOS POR EL KAMBIO,PRESIDENTE DE LA REPUBLICA,PEDRO PABLO,KUCZYNSKI GODARD,Cuadro,La anunciación,No registra proveedor,15000
PERUANOS POR EL KAMBIO,PRESIDENTE DE LA REPUBLICA,PEDRO PABLO,KUCZYNSKI GODARD,Cuadro,La Visitación,Proveedor: José Ignacio Lambarri,10000
PERUANOS POR EL KAMBIO,PRESIDENTE DE LA REPUBLICA,PEDRO PABLO,KUCZYNSKI GODARD,Cerámicas,Varias,No registra,500
PERUANOS POR EL KAMBIO,PRESIDENTE DE LA REPUBLICA,PEDRO PABLO,KUCZYNSKI GODARD,Cuadro,San Antonio de Padua,proveedor: José Ignacio Lambarri,4000
PERUANOS POR EL KAMBIO,PRESIDENTE DE LA REPUBLICA,PEDRO PABLO,KUCZYNSKI GODARD,Cuadro,Nuestra Señora de la Merced - La Peregrina,No registra proveedor,15000
PERUANOS POR EL KAMBIO,PRESIDENTE DE LA REPUBLICA,PEDRO PABLO,KUCZYNSKI GODARD,Cuadro,San José con el Niño,Proveedor: José Ignacio Lambarri,8000
PERUANOS POR EL KAMBIO,PRESIDENTE DE LA REPUBLICA,PEDRO PABLO,KUCZYNSKI GODARD,Cuadro,Arcángel San Gabriel,No hay proveedor,28000
PERUANOS POR EL KAMBIO,PRIMER VICEPRESIDENTE DE LA REPUBLICA,MARTIN ALBERTO,VIZCARRA CORNEJO,Acciones,Pertenen a C Y M Vizcarra S.A.C,35% del total,2100000
PERUANOS POR EL KAMBIO,SEGUNDO VICEPRESIDENTE DE LA REPUBLICA,MERCEDES ROSALBA,ARAOZ FERNANDEZ,Joyas,Oro y plata,Varias,20000
PERUANOS POR EL KAMBIO,SEGUNDO VICEPRESIDENTE DE LA REPUBLICA,MERCEDES ROSALBA,ARAOZ FERNANDEZ,Objetos de arte,Cuadros/Escultura,Varios,200000
PROGRESANDO PERU,CONGRESISTA,ANGEL,CARMEN CALDERON,NIGUNO,NINGUNO,NINGUNO,0
PROGRESANDO PERU,PRIMER VICEPRESIDENTE DE LA REPUBLICA,MANUEL EDUARDO JULIO,PONCE AYALA,ACCIONES,TITULO VALOR,COMUNES,34091076
TODOS POR EL PERU,CONGRESISTA,ALAN,BENEL CERNA,Motocicleta,Suzuki GN 125,Negra,4000
TODOS POR EL PERU,CONGRESISTA,ANA CECILIA,LOPEZ SALAZAR,DEPARTAMENTO ,URB. ASIS MZ E LOTE 1 DPTO 209,FLAT SACHACA,650000
TODOS POR EL PERU,CONGRESISTA,ANA CECILIA,LOPEZ SALAZAR,PREDIO RURAL,CALLE CUSCO 133,PARCELA 9,1350000
TODOS POR EL PERU,CONGRESISTA,ANA CECILIA,LOPEZ SALAZAR,DEPARTAMENTO,EDIFICIO BAVARIA,FLAT  1001,650000
TODOS POR EL PERU,CONGRESISTA,CAROLINA,LIZARRAGA HOUGHTON,MUEBLES Y ENSERES,MENAJE Y ARTÍCULOS DEL HOGAR,MENAJE,60000
TODOS POR EL PERU,CONGRESISTA,CAROLINA,LIZARRAGA HOUGHTON,JOYAS Y COLECCIONES,JOYAS Y COLECCIONES,"ORO, BRILLANTES, PIEDRAS PRECIOSAS",150000
TODOS POR EL PERU,CONGRESISTA,EDUARDO,LADRON DE GUEVARA PAWELEC,Pintura de Gianna Polarollo,Pintura - Cuadro,Cuadro natural surrealista,14000
TODOS POR EL PERU,CONGRESISTA,MANUEL OSCAR,RODRIGUEZ TORRES,Motocicleta,AO-0616,Color amarillo,1500
TODOS POR EL PERU,CONGRESISTA,MARITZA,CHIROQUE SANDOVAL,JOYAS,"CADENAS,SORTIJAS,AROS,RELOJES",ORO 18K,19000
TODOS POR EL PERU,CONGRESISTA,RUTH,GUTIERREZ ORE,Motocicleta ,Zenke 110 - 2007,Placa: MI 78027,2000
