ORGANIZACION_POLITICA,CARGO_AUTORIDAD,NOMBRES,APELLIDOS,PROCESO_ELECTORAL,ORGANIZACION_POLITICA,ANIO_INICIO,ANIO_FINAL,CARGO_ELEGIDO
ACCION POPULAR,CONGRESISTA,AMELIA PILAR,SOSA DAMIAN,2014,ACCION POPULAR,2014,2014,REGIDOR(A) DISTRITAL
ACCION POPULAR,CONGRESISTA,ANGEL,YBARHUEN ORTEGAL,REGIONAL MUNICIPAL 2010,ACCION POPULAR,2011,2014,ALCALDE(SA) PROVINCIAL
ACCION POPULAR,CONGRESISTA,ARMANDO,VILLANUEVA MERCADO,1990,FREDEMO,1990,1992,CONSEJERO REGIONAL
ACCION POPULAR,CONGRESISTA,ARMANDO,VILLANUEVA MERCADO,1983,ACCION POPULAR,1984,1986,REGIDOR(A) DISTRITAL
ACCION POPULAR,CONGRESISTA,AUGUSTO,REY HERNANDEZ DE AGUERO,ELECCIONES REGIONALES Y MUNICIPALES 2014,DIALOGO VECINAL,2015,Actualidad,REGIDOR(A) PROVINCIAL
ACCION POPULAR,CONGRESISTA,BLANCA MARIA,ROCHA VDA DE JANZ,1985-1990,ACCION POPULAR,1985,1990,CONGRESISTA
ACCION POPULAR,CONGRESISTA,BLANCA MARIA,ROCHA VDA DE JANZ,1990-1992,ACCION POPULAR,1990,1992,CONGRESISTA
ACCION POPULAR,CONGRESISTA,CARLOS ENRIQUE,MORALES MANSILLA,1992,ACCION POPULAR,1993,1995,REGIDOR(A) DISTRITAL
ACCION POPULAR,CONGRESISTA,CARMEN ROSA,AGUILAR ALGUIAR,ELECCIONES MUNICIPALES 1989,ACCION POPULAR/FREDEMO,1990,1992,REGIDOR(A) DISTRITAL
ACCION POPULAR,CONGRESISTA,CARMEN ROSSANA,MONROY PIEROLA DE TALLEDO,1998,ACCION POPULAR,1999,2002,REGIDOR(A) PROVINCIAL
ACCION POPULAR,CONGRESISTA,CESAR GILMER,MENDOZA MENDOZA,Elecciones Municipales ,Acción Popular ,2011,2014,ALCALDE(SA) DISTRITAL
ACCION POPULAR,CONGRESISTA,HUGO POMPEYO,TUESTA SALDAÑA,1983,Accion Popular,1984,1986,REGIDOR(A) PROVINCIAL
ACCION POPULAR,CONGRESISTA,HUGO POMPEYO,TUESTA SALDAÑA,1992,Accion Popular,1993,1995,REGIDOR(A) PROVINCIAL
ACCION POPULAR,CONGRESISTA,ISABEL,DAVILA CARDENAS,ELECCIONES REGIONALES Y MUNICIPALES 2006,TRABAJEMOS JUNTOS POR HUÁNUCO,2007,2010,ALCALDE(SA) DISTRITAL
ACCION POPULAR,CONGRESISTA,ISABEL,DAVILA CARDENAS,ELECCIONES MUNICIPALES 1989,IZQUIERDA UNIDA,1990,1992,REGIDOR(A) PROVINCIAL
ACCION POPULAR,CONGRESISTA,JORGE RAFAEL,FOINQUINOS MERA ,ELECCIONES GENERAL 2006,ALIANZA ELECTORAL FRENTE DE CENTRO,2008,2011,CONGRESISTA
ACCION POPULAR,CONGRESISTA,JUAN JOSE,ROCHA LOPEZ,ELECCIONES REGIONALES Y MUNICIPALES 2010,ACCION POPULAR,2012,2014,REGIDOR(A) PROVINCIAL
ACCION POPULAR,CONGRESISTA,JULIO,MORENO CARRASCO,2007,MOVIMIENTO AMPLIO REGIONAL CALLAO,2007,2010,CONSEJERO REGIONAL
ACCION POPULAR,CONGRESISTA,LIVIA SOLEDAD,MAYOR MONTESINOS,ELECCIONES MUNICIPALES 2002,MOVIM. INDEP. FUERZA CHANCHAMAYO,2003,2004,REGIDOR(A) PROVINCIAL
ACCION POPULAR,CONGRESISTA,LIVIA SOLEDAD,MAYOR MONTESINOS,ELECCIONES MUNICIPALES 2002,MOV. INDEP. FUERZA CHANCHAMAYO,2004,2006,ALCALDE(SA) PROVINCIAL
ACCION POPULAR,CONGRESISTA,MANUEL ARTURO,MERINO DE LAMA,2001,ACCION POPULAR,2001,2006,CONGRESISTA
ACCION POPULAR,CONGRESISTA,MANUEL ARTURO,MERINO DE LAMA,2011,PERU POSIBLE,2011,Actualidad,CONGRESISTA
ACCION POPULAR,CONGRESISTA,MARIA SHEILA PATRICIA,LAZO DEL CARPIO,ACCION POPULAR,ACCION POPULAR,2001,2001,CONGRESISTA
ACCION POPULAR,CONGRESISTA,MARIA SHEILA PATRICIA,LAZO DEL CARPIO,ACCIÓN POPULAR,ACCIÓN POPULAR / FREDEMO,1990,1993,REGIDOR(A) DISTRITAL
ACCION POPULAR,CONGRESISTA,MARIA SHEILA PATRICIA,LAZO DEL CARPIO,ACCIÓN POPULAR ,ACCIÓN POPULAR ,1993,1995,REGIDOR(A) DISTRITAL
ACCION POPULAR,CONGRESISTA,MIGUEL,ROMAN VALDIVIA,1995,ACCION POPULAR,1996,1998,ALCALDE(SA) DISTRITAL
ACCION POPULAR,CONGRESISTA,MIGUEL,ROMAN VALDIVIA,1998,ACCION POPULAR,1999,2002,ALCALDE(SA) PROVINCIAL
ACCION POPULAR,CONGRESISTA,MIGUEL,ROMAN VALDIVIA,2006,ACCION POPULAR,2007,2010,ALCALDE(SA) PROVINCIAL
ACCION POPULAR,CONGRESISTA,MIGUEL,ROMAN VALDIVIA,2010,ACCION POPULAR,2011,2014,ALCALDE(SA) PROVINCIAL
ACCION POPULAR,CONGRESISTA,MIGUEL,ROMAN VALDIVIA,2002,ACCION POPULAR,2003,2006,ALCALDE(SA) PROVINCIAL
ACCION POPULAR,CONGRESISTA,NORMA JUDITH,TORRES LOZANO,Elecciones Municipales ,Parido Aprista Peruano ,2010,2010,REGIDOR(A) DISTRITAL
ACCION POPULAR,CONGRESISTA,OLGA,MOREANO VARGAS,29 DE ENERO DE 1993,PPC - AP,1993,1994,ALCALDE(SA) DISTRITAL
ACCION POPULAR,CONGRESISTA,OLGA,MOREANO VARGAS,NOVIEMBRE DE 1989,FREDEMO - ACCIÓN POPULAR,1990,1992,REGIDOR(A) PROVINCIAL
ACCION POPULAR,CONGRESISTA,PEDRO ANTONIO,MORALES MANSILLA,2000,ACCION POPULAR,2000,2001,CONGRESISTA
ACCION POPULAR,CONGRESISTA,PEDRO ANTONIO,MORALES MANSILLA,1995,ACCION POPULAR,1996,1998,ALCALDE(SA) PROVINCIAL
ACCION POPULAR,CONGRESISTA,PEDRO ANTONIO,MORALES MANSILLA,2001,ACCION POPULAR,2001,2006,CONGRESISTA
ACCION POPULAR,CONGRESISTA,PEDRO ANTONIO,MORALES MANSILLA,1993,ACCION POPULAR,1993,1995,ALCALDE(SA) PROVINCIAL
ACCION POPULAR,CONGRESISTA,RILDO,ALARCON HUAYHUA,ELECCION POPULAR,MOVIMIENTO INDEPENDIENTE PROYECTO CCOCHUA,2011,2014,ALCALDE(SA) DE CENTRO POBLADO
ACCION POPULAR,CONGRESISTA,ULDARICO BALDOMERO,CASTILLO RAMOS,ELECCIONES MUNICIPALES 2010,ACCION POPULAR,2011,2013,ALCALDE(SA) DISTRITAL
ACCION POPULAR,CONGRESISTA,VICENTE ARMANDO,ROJAS CAPISTRANO ,MUNICIPAL 2002,UNIDAD NACIONAL,2003,2006,ALCALDE(SA) DISTRITAL
ACCION POPULAR,CONGRESISTA,VICTOR ANDRES,GARCIA BELAUNDE,ELECCIONES GENERALES 2006,"ALIANZA ELECTORAL ""FRENTE DE CENTRO""",2006,2011,CONGRESISTA
ACCION POPULAR,CONGRESISTA,VICTOR ANDRES,GARCIA BELAUNDE,ELECCIONES GENERALES 1990,"ALIANZA ELECTORAL ""FREDEMO""",1990,1992,DIPUTADO(A)
ACCION POPULAR,CONGRESISTA,VICTOR ANDRES,GARCIA BELAUNDE,ELECCIONES GENERALES 2011,"ALIANZA ELECTORAL ""PERU POSIBLE""",2011,2016,CONGRESISTA
ACCION POPULAR,CONGRESISTA,VICTOR ANDRES,GARCIA BELAUNDE,ELECCIONES GENERALES 1985,"PARTIDO POLITICO ""ACCION POPULAR""",1985,1990,DIPUTADO(A)
ACCION POPULAR,CONGRESISTA,VICTOR MANUEL,BELAUNDE GONZALES,ELECCIONES COMPLEMENTARIAS DEL 2013,ACCION POPULAR,2014,2014,REGIDOR(A) PROVINCIAL
ACCION POPULAR,CONGRESISTA,VICTOR MARIANO,MARIN NEYRA,1980,ACCIÓN POPULAR,1981,1983,REGIDOR(A) PROVINCIAL
ACCION POPULAR,CONGRESISTA,VICTOR MARIANO,MARIN NEYRA,1983,ACCIÓN POPULAR ,1984,1986,REGIDOR(A) PROVINCIAL
ACCION POPULAR,CONGRESISTA,YONHY,LESCANO ANCIETA,2011,ACCION POPULAR,2011,2016,CONGRESISTA
ACCION POPULAR,PRESIDENTE DE LA REPUBLICA,ISAAC ALFREDO,BARNECHEA GARCIA,ELECCIONES GENERALES 1985,PARTIDO APRISTA PERUANO,1985,1990,DIPUTADO(A)
ACCION POPULAR,PRIMER VICEPRESIDENTE DE LA REPUBLICA,VICTOR ANDRES,GARCIA BELAUNDE,ELECCIONES GENERALES 2011,"ALIANZA ELECTORAL ""PERU POSIBLE""",2011,2016,CONGRESISTA
ACCION POPULAR,PRIMER VICEPRESIDENTE DE LA REPUBLICA,VICTOR ANDRES,GARCIA BELAUNDE,ELECCIONES GENERALES 2006,"ALIANZA ELECTORAL ""FRENTE DE CENTRO""",2006,2011,CONGRESISTA
ACCION POPULAR,PRIMER VICEPRESIDENTE DE LA REPUBLICA,VICTOR ANDRES,GARCIA BELAUNDE,ELECCIONES GENERALES 1990,"ALIANZA ELECTORAL ""FREDEMO""",1990,1992,DIPUTADO(A)
ACCION POPULAR,PRIMER VICEPRESIDENTE DE LA REPUBLICA,VICTOR ANDRES,GARCIA BELAUNDE,ELECCIONES GENERALES 1985,"PARTIDO POLITICO ""ACCION POPULAR""",1985,1990,DIPUTADO(A)
ACCION POPULAR,SEGUNDO VICEPRESIDENTE DE LA REPUBLICA,RICARDO EDMUNDO,DEL AGUILA MOROTE,1990,ACCION POPULAR / FREDEMO,1990,1992,DIPUTADO(A)
ALIANZA ELECTORAL SOLIDARIDAD NACIONAL - UPP,CONGRESISTA,ADOLFO ALBERTO,ARRIETA KOHLER ,ELECCIONES REGIONALES Y MUNICIPALES 2014,SOLIDARIDAD NACIONAL,2015,Actualidad,REGIDOR(A) PROVINCIAL
ALIANZA ELECTORAL SOLIDARIDAD NACIONAL - UPP,CONGRESISTA,AIDA AZUCENA,LOZANO TRUJILLO,ELECCIONES REGIONALES 2006,PARTIDO REGIONAL DE INTEGRACION,2007,2010,CONSEJERO REGIONAL
ALIANZA ELECTORAL SOLIDARIDAD NACIONAL - UPP,CONGRESISTA,CHRISTOPHER ANTONIO,CASTILLO CALDERON ,ELECCIONES REGIONALES Y MUNICIPALES 2014,SOLIDARIDAD NACIONAL,2015,Actualidad,REGIDOR(A) PROVINCIAL
ALIANZA ELECTORAL SOLIDARIDAD NACIONAL - UPP,CONGRESISTA,ENRIQUE,WONG PUJADA,ELECCIONES MUNICIPALES 1998,MOVIMIENTO VAMOS VECINOS,1998,2003,REGIDOR(A) DISTRITAL
ALIANZA ELECTORAL SOLIDARIDAD NACIONAL - UPP,CONGRESISTA,ENRIQUE,WONG PUJADA,ELECCIONES GENERALES 1985,PARTIDO APRISTA PERUANO,1985,1990,DIPUTADO(A)
ALIANZA ELECTORAL SOLIDARIDAD NACIONAL - UPP,CONGRESISTA,ENRIQUE,WONG PUJADA,ELECCIONES MUNICIPALES 1980,PARTIDO APRISTA PERUANO,1980,1983,REGIDOR(A) PROVINCIAL
ALIANZA ELECTORAL SOLIDARIDAD NACIONAL - UPP,CONGRESISTA,ENRIQUE,WONG PUJADA,ELECCIONES 2011,PERUANOS POR EL KAMBIO,2011,Actualidad,CONGRESISTA
ALIANZA ELECTORAL SOLIDARIDAD NACIONAL - UPP,CONGRESISTA,ESTHER CONSUELO,QUIÑONES ZARATE DE NAJARRO,ELECCIONES REGIONALES Y MUNICIPALES 2014,PARTIDO SOLIDARIDAD NACIONAL,2015,Actualidad,REGIDOR(A) DISTRITAL
ALIANZA ELECTORAL SOLIDARIDAD NACIONAL - UPP,CONGRESISTA,GERARDO GIESSLER,LOPEZ QUIROZ ,ELECCIONES GENERALES 1990,CAMBIO 90,1990,1992,DIPUTADO(A)
ALIANZA ELECTORAL SOLIDARIDAD NACIONAL - UPP,CONGRESISTA,GUSTAVO BERNARDO,RONDON FUDINAGA,2011 - 2016,ALIANZA SOLIDARIDAD NACIONAL,2011,2016,CONGRESISTA
ALIANZA ELECTORAL SOLIDARIDAD NACIONAL - UPP,CONGRESISTA,IBAR,QUINTANA MOSCOSO,1993,CAMBIO 90,1993,1995,REGIDOR(A) PROVINCIAL
ALIANZA ELECTORAL SOLIDARIDAD NACIONAL - UPP,CONGRESISTA,ISAAC FREDY,SERNA GUZMAN ,Elecciones Generales 2006,UNIÓN POR EL PERÚ,2006,2011,CONGRESISTA
ALIANZA ELECTORAL SOLIDARIDAD NACIONAL - UPP,CONGRESISTA,JAIME ROOSEWELT,MINAYA CASTROMONTE,ELECCIONES 1990,IZQUIERDA UNIDA,1990,1991,GOBERNADOR(A) REGIONAL
ALIANZA ELECTORAL SOLIDARIDAD NACIONAL - UPP,CONGRESISTA,JOSE ALEJANDRO,VEGA ANTONIO ,Elecciones Generales 2006,Unión por el Perú,2006,2011,CONGRESISTA
ALIANZA ELECTORAL SOLIDARIDAD NACIONAL - UPP,CONGRESISTA,JOSE AUGUSTO,ARCE PAREDES ,2011 - 2014,AREQUIPA RENACE,2011,2014,REGIDOR(A) DISTRITAL
ALIANZA ELECTORAL SOLIDARIDAD NACIONAL - UPP,CONGRESISTA,JOSE LEON,LUNA GALVEZ,2000 - 2001,SOLIDARIDAD NACIONAL,2000,2001,CONGRESISTA
ALIANZA ELECTORAL SOLIDARIDAD NACIONAL - UPP,CONGRESISTA,JOSE LEON,LUNA GALVEZ,1998,APRA,1999,2002,REGIDOR(A) PROVINCIAL
ALIANZA ELECTORAL SOLIDARIDAD NACIONAL - UPP,CONGRESISTA,JOSE LEON,LUNA GALVEZ,2001 - 2006,ALIANZA ELECTORAL UNIDAD NACIONAL,2001,2006,CONGRESISTA
ALIANZA ELECTORAL SOLIDARIDAD NACIONAL - UPP,CONGRESISTA,JOSE LEON,LUNA GALVEZ,2011,ALIANZA SOLIDARIDAD NACIONAL,2011,Actualidad,CONGRESISTA
ALIANZA ELECTORAL SOLIDARIDAD NACIONAL - UPP,CONGRESISTA,JOSE LEON,LUNA GALVEZ,2006 - 2011,UNIDAD NACIONAL,2006,2011,CONGRESISTA
ALIANZA ELECTORAL SOLIDARIDAD NACIONAL - UPP,CONGRESISTA,JUAN DAVID,PERRY CRUZ,ELECCIONES GENERALES 2006,RESTAURACIÓN NACIONAL,2006,2011,CONGRESISTA
ALIANZA ELECTORAL SOLIDARIDAD NACIONAL - UPP,CONGRESISTA,JULIO,CARDENAS SANCHEZ,2003,Partido Aprista Peruano,2003,2005,VICEGOBERNADOR(A) REGIONAL
ALIANZA ELECTORAL SOLIDARIDAD NACIONAL - UPP,CONGRESISTA,JULIO,CARDENAS SANCHEZ,2003,Partido Aprista Peruano,2005,2006,GOBERNADOR(A) REGIONAL
ALIANZA ELECTORAL SOLIDARIDAD NACIONAL - UPP,CONGRESISTA,KAREN DENISSE,MANDUJANO ATENCIO,ERM 2014,Solidaridad Nacional,2015,Actualidad,REGIDOR(A) DISTRITAL
ALIANZA ELECTORAL SOLIDARIDAD NACIONAL - UPP,CONGRESISTA,LUIS ALBERTO,MATOS DEL POZO ,ELECCIONES REGIONALES Y MUNICIPALES 2014,SOLIDARIDAD NACIONAL,2015,Actualidad,REGIDOR(A) DISTRITAL
ALIANZA ELECTORAL SOLIDARIDAD NACIONAL - UPP,CONGRESISTA,LUIS DANTE,ZUBIA CORTEZ,1998,Vamos Vecino,1999,2002,ALCALDE(SA) PROVINCIAL
ALIANZA ELECTORAL SOLIDARIDAD NACIONAL - UPP,CONGRESISTA,LUZ ELIZABETH,MONTENEGRO DAVILA,ELECCIONES REGIONALES 2010, PARTIDO POLÍTICO MANOS LIMPIAS ,2012,2012,ALCALDE(SA) PROVINCIAL
ALIANZA ELECTORAL SOLIDARIDAD NACIONAL - UPP,CONGRESISTA,LUZ ELIZABETH,MONTENEGRO DAVILA,ELECCIONES REGIONALES 2010,PARTIDO POLÍTICO MANOS LIMPIAS,2014,2014,ALCALDE(SA) PROVINCIAL
ALIANZA ELECTORAL SOLIDARIDAD NACIONAL - UPP,CONGRESISTA,LUZ ELIZABETH,MONTENEGRO DAVILA,ELECCIONES REGIONALES 2006,PARTIDO POLÍTICO MANOS LIMPIAS,2007,2011,REGIDOR(A) PROVINCIAL
ALIANZA ELECTORAL SOLIDARIDAD NACIONAL - UPP,CONGRESISTA,LUZ ELIZABETH,MONTENEGRO DAVILA,ELECCIONES REGIONALES 2010,PARTIDO POLÍTICO MANOS LIMPIAS ,2011,2014,REGIDOR(A) PROVINCIAL
ALIANZA ELECTORAL SOLIDARIDAD NACIONAL - UPP,CONGRESISTA,MARCIA,MONTERO LARA,ELECCIONES 2006,ALIANZA UNIDAD NACIONAL,2007,2010,REGIDOR(A) PROVINCIAL
ALIANZA ELECTORAL SOLIDARIDAD NACIONAL - UPP,CONGRESISTA,MARCIA,MONTERO LARA,ELECCIONES 2002,ALIANZA UNIDAD NACIONAL,2003,2006,REGIDOR(A) PROVINCIAL
ALIANZA ELECTORAL SOLIDARIDAD NACIONAL - UPP,CONGRESISTA,MARTIN,BELAUNDE MOREYRA ,ELECCIONES GENERALES 2011,ALIANZA SOLIDARIDAD NACIONAL,2011,2016,CONGRESISTA
ALIANZA ELECTORAL SOLIDARIDAD NACIONAL - UPP,CONGRESISTA,MERINO,TRIGOSO PINEDO,2002,MOVIMIENTO INDIGENA CONDORCANQUI AMAZONAS-MICA-,2003,2005,ALCALDE(SA) PROVINCIAL
ALIANZA ELECTORAL SOLIDARIDAD NACIONAL - UPP,CONGRESISTA,MILAGROS JUDITH,SILVA CHIRA,PROCESO DE ELECCIONES MUNICIPALES 2015,UNIÓN POR EL PERÚ,2015,2015,REGIDOR(A) DISTRITAL
ALIANZA ELECTORAL SOLIDARIDAD NACIONAL - UPP,CONGRESISTA,OBDULIA,PRADA TELLO,2003 - 2006,UNIDOS POR ABANCAY,2003,2006,REGIDOR(A) DISTRITAL
ALIANZA ELECTORAL SOLIDARIDAD NACIONAL - UPP,CONGRESISTA,OLINDA VISENTA,ARMAS VICHARRA,REVOCATORIA DE CONCEJO MUNICIPAL,SIEMPRE UNIDOS,2009,2009,ALCALDE(SA) DISTRITAL
ALIANZA ELECTORAL SOLIDARIDAD NACIONAL - UPP,CONGRESISTA,PORFIRIO,VARGAS QUISPE,2011,GANA PERU,2011,2015,ALCALDE(SA) DE CENTRO POBLADO
ALIANZA ELECTORAL SOLIDARIDAD NACIONAL - UPP,CONGRESISTA,ROMAN LUIS,MARCELO CALLUPE,1998,Movimiento Independiente Vamos Vecino,1999,2002,REGIDOR(A) DISTRITAL
ALIANZA ELECTORAL SOLIDARIDAD NACIONAL - UPP,CONGRESISTA,ROMAN LUIS,MARCELO CALLUPE,2006,Partido Aprista Peruano,2007,2010,ALCALDE(SA) DISTRITAL
ALIANZA ELECTORAL SOLIDARIDAD NACIONAL - UPP,CONGRESISTA,TITO HUGO,HUAMAN LOPEZ,ELECCIONES MUNICIPALES 1992,PARTIDO APRISTA PERUANO,1993,1995,REGIDOR(A) DISTRITAL
ALIANZA ELECTORAL SOLIDARIDAD NACIONAL - UPP,CONGRESISTA,TITO HUGO,HUAMAN LOPEZ,ELECCIONES MUNICIPALE4S 1989,PARETIDO APRISTA PERUANO,1990,1992,REGIDOR(A) DISTRITAL
ALIANZA ELECTORAL SOLIDARIDAD NACIONAL - UPP,CONGRESISTA,TITO HUGO,HUAMAN LOPEZ,ELECCIONES MUNICIPALES 2002,PARTIDO APRISTA PERUANO,2003,2006,ALCALDE(SA) DISTRITAL
ALIANZA ELECTORAL SOLIDARIDAD NACIONAL - UPP,CONGRESISTA,WILDER AUGUSTO,RUIZ SILVA ,ELECCIONES REGIONALES Y MUNICIPALES 2002,UNIDAD NACIONAL,2003,2006,REGIDOR(A) PROVINCIAL
ALIANZA ELECTORAL SOLIDARIDAD NACIONAL - UPP,CONGRESISTA,WILDER AUGUSTO,RUIZ SILVA ,ELECCIONES GENERALES 2006,UNIDAD NACIONAL,2007,2009,CONGRESISTA
ALIANZA ELECTORAL SOLIDARIDAD NACIONAL - UPP,CONGRESISTA,WILDER AUGUSTO,RUIZ SILVA ,ELECCIONES REGIONALES Y MUNICIPALES 2014,SOLIDARIDAD NACIONAL,2015,Actualidad,REGIDOR(A) PROVINCIAL
ALIANZA ELECTORAL SOLIDARIDAD NACIONAL - UPP,CONGRESISTA,WILFREDO,QUISPE GUTIERREZ ,2015 - 2018,"""SE DEMOSTRÓ CON OBRAS""",2015,Actualidad,REGIDOR(A) DISTRITAL
ALIANZA ELECTORAL SOLIDARIDAD NACIONAL - UPP,PRIMER VICEPRESIDENTE DE LA REPUBLICA,JOSE LEON,LUNA GALVEZ,2000 - 2001,SOLIDARIDAD NACIONAL,2000,2001,CONGRESISTA
ALIANZA ELECTORAL SOLIDARIDAD NACIONAL - UPP,PRIMER VICEPRESIDENTE DE LA REPUBLICA,JOSE LEON,LUNA GALVEZ,2001 - 2006,ALIANZA ELECTORAL UNIDAD NACIONAL,2001,2006,CONGRESISTA
ALIANZA ELECTORAL SOLIDARIDAD NACIONAL - UPP,PRIMER VICEPRESIDENTE DE LA REPUBLICA,JOSE LEON,LUNA GALVEZ,2006 - 2011,UNIDAD NACIONAL,2006,2011,CONGRESISTA
ALIANZA ELECTORAL SOLIDARIDAD NACIONAL - UPP,PRIMER VICEPRESIDENTE DE LA REPUBLICA,JOSE LEON,LUNA GALVEZ,2011,ALIANZA SOLIDARIDAD NACIONAL,2011,Actualidad,CONGRESISTA
ALIANZA ELECTORAL SOLIDARIDAD NACIONAL - UPP,PRIMER VICEPRESIDENTE DE LA REPUBLICA,JOSE LEON,LUNA GALVEZ,1998,APRA,1999,2002,REGIDOR(A) PROVINCIAL
ALIANZA ELECTORAL SOLIDARIDAD NACIONAL - UPP,SEGUNDO VICEPRESIDENTE DE LA REPUBLICA,GUSTAVO BERNARDO,RONDON FUDINAGA,2011 - 2016,ALIANZA SOLIDARIDAD NACIONAL,2011,2016,CONGRESISTA
ALIANZA PARA EL PROGRESO DEL PERU,CONGRESISTA,BENICIO,RIOS OCSA ,ELECCIONES REGIONALES Y MUNICIPALES 2010,ACUERDO POPULAR UNIFICADO,2011,2014,ALCALDE(SA) PROVINCIAL
ALIANZA PARA EL PROGRESO DEL PERU,CONGRESISTA,BENICIO,RIOS OCSA ,ELECCIONES MUNICIPALES 1998,MOVIMIENTO INDEPENDIENTE URUBAMBA,1999,2002,ALCALDE(SA) DISTRITAL
ALIANZA PARA EL PROGRESO DEL PERU,CONGRESISTA,BENICIO,RIOS OCSA ,ELECCIONES MUNICIPALES 1989,IZQUIERDA UNIDA,1990,1993,REGIDOR(A) DISTRITAL
ALIANZA PARA EL PROGRESO DEL PERU,CONGRESISTA,BENICIO,RIOS OCSA ,ELECCIONES REGIONALES Y MUNICIPALES 2006,UNION POR EL PERU,2007,2010,ALCALDE(SA) PROVINCIAL
ALIANZA PARA EL PROGRESO DEL PERU,CONGRESISTA,BENIGNO TEOFILO,CORNEJO VALENCIA ,ELECCIONES MUNICIPALES 1998,FRENTE VECINAL CERREÑO,1999,2002,ALCALDE(SA) DISTRITAL
ALIANZA PARA EL PROGRESO DEL PERU,CONGRESISTA,BENIGNO TEOFILO,CORNEJO VALENCIA ,ELECCIONES MUNICIPALES 2002,CERREÑOS AVANZANDO,2003,2006,ALCALDE(SA) DISTRITAL
ALIANZA PARA EL PROGRESO DEL PERU,CONGRESISTA,BENIGNO TEOFILO,CORNEJO VALENCIA ,ELECCIONES MUNICIPALES 1995,L.I. NRO 25 BOMBILLA 95,1996,1998,REGIDOR(A) DISTRITAL
ALIANZA PARA EL PROGRESO DEL PERU,CONGRESISTA,BETTY,CHAMORRO BALVIN ,ELECCIONES REGIONALES Y MUNICIPALES 2002,MOVIMIENTO REGIONAL UNIDOS POR JUNIN SIERRA Y SELVA,2003,2006,ALCALDE(SA) DISTRITAL
ALIANZA PARA EL PROGRESO DEL PERU,CONGRESISTA,CARLOS FEDERICO,LEYTON MUÑOZ ,ELECCIONES REGIONALES Y MUNICIPALES 2006,AREQUIPA TRADICION Y FUTURO,2006,2009,VICEGOBERNADOR(A) REGIONAL
ALIANZA PARA EL PROGRESO DEL PERU,CONGRESISTA,CESAR,VILLANUEVA AREVALO ,2010,MOVIMIENTO REGIONAL NUEVA AMAZONIA,2011,2014,GOBERNADOR(A) REGIONAL
ALIANZA PARA EL PROGRESO DEL PERU,CONGRESISTA,CESAR,VILLANUEVA AREVALO ,2006,MOVIMIENTO REGIONAL NUEVA AMAZONIA,2007,2010,GOBERNADOR(A) REGIONAL
ALIANZA PARA EL PROGRESO DEL PERU,CONGRESISTA,CESAR TEDDY,UBILLUS OLEMAR ,ERM 1986,PARTIDO APRISTA PERUANO,1987,1989,REGIDOR(A) DISTRITAL
ALIANZA PARA EL PROGRESO DEL PERU,CONGRESISTA,EDITH JANETT,HUARI CONTRERAS,ELECCIONES REGIONALES Y MUNICIPALES 2010,MOVIMIENTO POLÍTICO REGIONAL PERÚ LIBRE,2011,2014,CONSEJERO REGIONAL
ALIANZA PARA EL PROGRESO DEL PERU,CONGRESISTA,EDUARDO RUBEN,CARHUARICRA MEZA ,ELECCIONES MUNICIPALES 1995,MOVIMIENTO INTEGRACIÓN Y DESARROLLO,1996,1998,ALCALDE(SA) PROVINCIAL
ALIANZA PARA EL PROGRESO DEL PERU,CONGRESISTA,EDUARDO RUBEN,CARHUARICRA MEZA ,ELECCIONES GENERALES 2001,PARTIDO POLÍTICO SOMO PERÚ,2001,2006,CONGRESISTA
ALIANZA PARA EL PROGRESO DEL PERU,CONGRESISTA,ELOY RICARDO,NARVAEZ SOTO ,ELECCIONES REGIONALES Y MUNICIPALES 2002,PARTIDO APRISTA PERUANO,2004,2006,GOBERNADOR(A) REGIONAL
ALIANZA PARA EL PROGRESO DEL PERU,CONGRESISTA,ELOY RICARDO,NARVAEZ SOTO ,ELECCIONES REGIONAL Y MUNICIPALES 2002,PARTIDO APRISTA PERUANO,2003,2003,VICEGOBERNADOR(A) REGIONAL
ALIANZA PARA EL PROGRESO DEL PERU,CONGRESISTA,ELSA,VASQUEZ RUIZ ,ELECCIONES REGIONALES Y MUNICIPALES 2006,ACCION REGIONAL,2007,2010,REGIDOR(A) PROVINCIAL
ALIANZA PARA EL PROGRESO DEL PERU,CONGRESISTA,ELSA YOLANDA,MAMANI CARPIO ,ELECCIONES REGIONALES Y MUNICIPALES 2010,PARTIDO SIEMPRE UNIDOS,2011,2014,REGIDOR(A) DISTRITAL
ALIANZA PARA EL PROGRESO DEL PERU,CONGRESISTA,FERNANDO JUAN,ANDRADE CARMONA ,ELECCIONES GENERALES MUNICIPALES 1995,PARTIDO SOMOS PERU,1996,1999,ALCALDE(SA) DISTRITAL
ALIANZA PARA EL PROGRESO DEL PERU,CONGRESISTA,FERNANDO JUAN,ANDRADE CARMONA ,ELECCIONES GENERAL 2011,ALIANZA  PERU POSIBLE,2011,2016,CONGRESISTA
ALIANZA PARA EL PROGRESO DEL PERU,CONGRESISTA,FERNANDO JUAN,ANDRADE CARMONA ,ELECIONES REGIONALES Y MUNICIPALES 2002,ELECCIONES REGIONALES Y MUNICIPALES 2002,2003,2006,ALCALDE(SA) DISTRITAL
ALIANZA PARA EL PROGRESO DEL PERU,CONGRESISTA,GELACIO LOMBARDO,MAUTINO ANGELES ,ELECCIONES REGIONALES Y MUNICIPALES 2002,MOVIMIENTO ACCION NACIONALISTA PERUANO,2003,2006,ALCALDE(SA) PROVINCIAL
ALIANZA PARA EL PROGRESO DEL PERU,CONGRESISTA,GELACIO LOMBARDO,MAUTINO ANGELES ,ELECCIONES REGIONALES Y MUNICIPALES 2006,MOVIMIENTO ACCION NACIONALISTA PERUANO,2007,2010,ALCALDE(SA) PROVINCIAL
ALIANZA PARA EL PROGRESO DEL PERU,CONGRESISTA,GLADYS NATALIE,CONDORI JAHUIRA ,ELECCIONES GENERALES 2011,PARTIDO NACIONALISTA PERUANO,2011,2016,CONGRESISTA
ALIANZA PARA EL PROGRESO DEL PERU,CONGRESISTA,GLORIA EDELMIRA,MONTENEGRO FIGUEROA ,ELECCIONES REGIONALES Y MUNICIPALES 2006,ALIANZA PARA EL PROGRESO,2007,2010,REGIDOR(A) PROVINCIAL
ALIANZA PARA EL PROGRESO DEL PERU,CONGRESISTA,GLORIA EDELMIRA,MONTENEGRO FIGUEROA ,ELECCIONES REGIONALES Y MUNICIPALES 2010,ALIANZA PARA EL PROGRESO,2011,2014,REGIDOR(A) PROVINCIAL
ALIANZA PARA EL PROGRESO DEL PERU,CONGRESISTA,HERNAN,DE LA TORRE DUEÑAS ,MOVIMIENTO INDEPENDIENTE LOCAL,ELECCIONES REGIONALES Y MUNICIPALES 1995,1996,1998,REGIDOR(A) PROVINCIAL
ALIANZA PARA EL PROGRESO DEL PERU,CONGRESISTA,HERNAN,DE LA TORRE DUEÑAS ,ELECCIONES GENERALES 2010,GANA PERU,2011,2016,CONGRESISTA
ALIANZA PARA EL PROGRESO DEL PERU,CONGRESISTA,HERNAN,DE LA TORRE DUEÑAS ,ELECCIONES REGIONALES Y MUNICIPALES 2006,UPP,2007,2010,ALCALDE(SA) PROVINCIAL
ALIANZA PARA EL PROGRESO DEL PERU,CONGRESISTA,HERNAN,DE LA TORRE DUEÑAS ,ELECCIONES REGIONALES Y MUNICIPALES 1998,MOVIMIENTO INDEPENDIENTE LOCAL,1999,2002,REGIDOR(A) PROVINCIAL
ALIANZA PARA EL PROGRESO DEL PERU,CONGRESISTA,INDIRA MARIANA,URCIA AREVALO ,ELECCIONES REGIONALES Y MUNICIPALES 2006,MOVIMIENTO AGRARIO POPULAR UCAYALINO,2007,2010,REGIDOR(A) PROVINCIAL
ALIANZA PARA EL PROGRESO DEL PERU,CONGRESISTA,INDIRA MARIANA,URCIA AREVALO ,ELECCIONES REGIONALES Y MUNICIPALES 2010,MOVIMIENTO REGIONAL INTEGRADO UCAYALI,2011,2014,CONSEJERO REGIONAL
ALIANZA PARA EL PROGRESO DEL PERU,CONGRESISTA,ISAAC,MEKLER NEIMAN,ELECCIONES GENERALES 2006,UNIÓN POR EL PERÚ - UPP,2006,2011,CONGRESISTA
ALIANZA PARA EL PROGRESO DEL PERU,CONGRESISTA,JAVIER,YAURI SALOME ,ELECCIONES REGIONALES Y MUNICIPALES DEL 2006,JUNIN SOSTENIBLE CON SU GENTE,2007,2010,REGIDOR(A) PROVINCIAL
ALIANZA PARA EL PROGRESO DEL PERU,CONGRESISTA,JORGE FAUSTO,SUMARI BUENDIA ,ELECCIONES REGIONAMES Y MUNICIPALES 2010,"AREQUIPA, TRADICION Y FUTURO",2011,2014,REGIDOR(A) PROVINCIAL
ALIANZA PARA EL PROGRESO DEL PERU,CONGRESISTA,JORGE FAUSTO,SUMARI BUENDIA ,ELECCIONES GENERALES MUNICIPALES 1995,L.I. NRO 13 DE LA UNIV,1996,1998,REGIDOR(A) PROVINCIAL
ALIANZA PARA EL PROGRESO DEL PERU,CONGRESISTA,JORGE FAUSTO,SUMARI BUENDIA ,ELECCIONES MUNICIPALES 2006,"AREQUIPA, TRADICION Y FUTURO",2007,2011,REGIDOR(A) PROVINCIAL
ALIANZA PARA EL PROGRESO DEL PERU,CONGRESISTA,JOSE ALFONSO,MASLUCAN CULQUI ,2006,UNION POR EL PERU,2006,2011,CONGRESISTA
ALIANZA PARA EL PROGRESO DEL PERU,CONGRESISTA,JOSE FERNANDO,MENDOZA RAMIREZ ,ELECCIONES MUNICIPALES 1986,PARTIDO POPULAR CRISTIANO,1988,1989,REGIDOR(A) DISTRITAL
ALIANZA PARA EL PROGRESO DEL PERU,CONGRESISTA,JOSE FERNANDO,MENDOZA RAMIREZ ,ELECCIONES MUNICIPALES 1989,FREDEMO,1990,1992,REGIDOR(A) DISTRITAL
ALIANZA PARA EL PROGRESO DEL PERU,CONGRESISTA,JUAN ANTONIO,JARA GALLARDO ,ELECCIONES 1990,IZQUIERDA SOCIALISTA,1990,1992,DIPUTADO(A)
ALIANZA PARA EL PROGRESO DEL PERU,CONGRESISTA,JUAN JOSE MARTIN,FORT CABRERA,ELECCIONES REGIONALES Y MUNICIPALES 2010,ALIANZA PARA EL PROGRESO,2011,2014,REGIDOR(A) PROVINCIAL
ALIANZA PARA EL PROGRESO DEL PERU,CONGRESISTA,JUAN RAMIRO,ALVARADO GOMEZ,ERM 2010,PERU POSIBLE,2011,2014,REGIDOR(A) DISTRITAL
ALIANZA PARA EL PROGRESO DEL PERU,CONGRESISTA,JUAN RAMIRO,ALVARADO GOMEZ,ERM 2014,MOVIMIENTO POLITICO VILLA CAMBIA,2015,Actualidad,REGIDOR(A) DISTRITAL
ALIANZA PARA EL PROGRESO DEL PERU,CONGRESISTA,JULIO PABLO,ROSAS HUARANGA,ELECCIONES GENERALES 2011,FUERZA 2011,2011,2016,CONGRESISTA
ALIANZA PARA EL PROGRESO DEL PERU,CONGRESISTA,LILIA,VARGAS CESPEDES ,ERM 2006,UNION POR EL PERU,2007,2010,REGIDOR(A) PROVINCIAL
ALIANZA PARA EL PROGRESO DEL PERU,CONGRESISTA,LILIA,VARGAS CESPEDES ,ERM 2010,MOVIMIENTO POPULAR KALLPA,2011,2014,REGIDOR(A) PROVINCIAL
ALIANZA PARA EL PROGRESO DEL PERU,CONGRESISTA,LUIS CARLOS ANTONIO,IBERICO NUÑEZ,ELECCIONES GENERALES 2000,FRENTE INDEPENDIENTE MORALIZADOR,2000,2001,CONGRESISTA
ALIANZA PARA EL PROGRESO DEL PERU,CONGRESISTA,LUIS CARLOS ANTONIO,IBERICO NUÑEZ,ELECCIONES GENERALES 2001,FRENTE INDEPENDIENTE MORALIZADOR,2001,2006,CONGRESISTA
ALIANZA PARA EL PROGRESO DEL PERU,CONGRESISTA,LUIS CARLOS ANTONIO,IBERICO NUÑEZ,ELECCIONES GENERALES 2011,ALIANZA POR EL GRAN CAMBIO,2011,2016,CONGRESISTA
ALIANZA PARA EL PROGRESO DEL PERU,CONGRESISTA,MARCIAL ALCIBIADES,PALOMINO GARCIA MILLA ,EM 1998,VAMOS VECINOS,2000,2002,REGIDOR(A) PROVINCIAL
ALIANZA PARA EL PROGRESO DEL PERU,CONGRESISTA,MARCIAL ALCIBIADES,PALOMINO GARCIA MILLA ,ERM2002,SOMOS PERÚ,2003,2006,REGIDOR(A) PROVINCIAL
ALIANZA PARA EL PROGRESO DEL PERU,CONGRESISTA,MARCIAL ALCIBIADES,PALOMINO GARCIA MILLA ,ERM2010,MOVIMIENTO REGIONAL CONCERTACIÓN PARA EL DESARROLLO REGIONAL - LA FAMILIA,2011,2014,CONSEJERO REGIONAL
ALIANZA PARA EL PROGRESO DEL PERU,CONGRESISTA,MARCO TULIO,FALCONI PICARDO ,ELECCIONES GENERALES 2011,PARTIDO POLITICO PERU POSIBLE,2011,2016,CONGRESISTA
ALIANZA PARA EL PROGRESO DEL PERU,CONGRESISTA,MARGARITA TEODORA,SUCARI CARI ,ELECCIONES GENERALES 2006,UNION POR EL PERU,2006,2011,CONGRESISTA
ALIANZA PARA EL PROGRESO DEL PERU,CONGRESISTA,MARIA JESUS,ESPINOZA MATOS ,ELECCIONES GENERALES 2000,ALIANZA ELECTORAL PERÚ 2000,2000,2001,CONGRESISTA
ALIANZA PARA EL PROGRESO DEL PERU,CONGRESISTA,MARIA JESUS,ESPINOZA MATOS ,ELECCIONES GENERALES 1995,CAMBIO 90 - NUEVA MAYORÍA,1995,2000,CONGRESISTA
ALIANZA PARA EL PROGRESO DEL PERU,CONGRESISTA,MARIANO EUTROPIO,PORTUGAL CATACORA,ELECCIONES GENERALES 2011,PARTIDO POLITICO PERU POSIBLE,2011,Actualidad,CONGRESISTA
ALIANZA PARA EL PROGRESO DEL PERU,CONGRESISTA,MARIANO EUTROPIO,PORTUGAL CATACORA,ERM 2002,UNION REGIONAL - PUNO,2003,2006,ALCALDE(SA) PROVINCIAL
ALIANZA PARA EL PROGRESO DEL PERU,CONGRESISTA,MARISOL,ESPINOZA CRUZ,ELECCIONES PRESIDENCIALES 2006,UNION POR EL PERU,2006,2011,CONGRESISTA
ALIANZA PARA EL PROGRESO DEL PERU,CONGRESISTA,MARISOL,ESPINOZA CRUZ,ELECCIONES PRESIDENCIALES 2011,PARTIDO NACIONALISTA PERUANO,2011,2016,CONGRESISTA
ALIANZA PARA EL PROGRESO DEL PERU,CONGRESISTA,MARISOL,ESPINOZA CRUZ,ELECCIONES PRESIDENCIALES 2011,PARTIDO NACIONALISTA PERUANO,2011,2016,VICEPRESIDENTE(A)
ALIANZA PARA EL PROGRESO DEL PERU,CONGRESISTA,OLGA ROSA,YGLESIAS PELAEZ ,2010,PARTIDO APRISTA PERUANO,2011,2014,CONSEJERO REGIONAL
ALIANZA PARA EL PROGRESO DEL PERU,CONGRESISTA,OLGA ROSA,YGLESIAS PELAEZ ,2006,FUERZA DEMOCRATICA,2007,2010,CONSEJERO REGIONAL
ALIANZA PARA EL PROGRESO DEL PERU,CONGRESISTA,PEDRO JORGE,LOPEZ BARRIOS ,ERM 2010,MI CALLAO,2011,2014,ALCALDE(SA) DISTRITAL
ALIANZA PARA EL PROGRESO DEL PERU,CONGRESISTA,PEDRO JORGE,LOPEZ BARRIOS ,ERM 2006,MI CALLAO,2007,2010,ALCALDE(SA) DISTRITAL
ALIANZA PARA EL PROGRESO DEL PERU,CONGRESISTA,PEDRO JORGE,LOPEZ BARRIOS ,ERM 2002,MI CALLAO,2003,2006,ALCALDE(SA) DISTRITAL
ALIANZA PARA EL PROGRESO DEL PERU,CONGRESISTA,RICHARD FRANK,ACUÑA NUÑEZ ,ELECCIONES GENERALES 2011,ALIANZA POR EL GRAN CAMBIO,2011,Actualidad,CONGRESISTA
ALIANZA PARA EL PROGRESO DEL PERU,CONGRESISTA,ROBERTO CARLOS,PALACIOS MESTAS,ELECCIONES REGIONALES Y MUNICIPALES 2010,UNIDAD DISTRITAL CHORRILLANA,2011,2014,REGIDOR(A) DISTRITAL
ALIANZA PARA EL PROGRESO DEL PERU,CONGRESISTA,ROGELIO ANTENOR,CANCHES GUZMAN,2002,PERÚ POSIBLE,2003,2006,GOBERNADOR(A) REGIONAL
ALIANZA PARA EL PROGRESO DEL PERU,CONGRESISTA,ROGELIO ANTENOR,CANCHES GUZMAN,2011,GANA PERÚ,2011,2016,CONGRESISTA
ALIANZA PARA EL PROGRESO DEL PERU,CONGRESISTA,SABINA,CARDENAS CANALES ,ELECCIONES REGIONALES Y MUNICIPALES 2010,ALIANZA REGIONAL INDEPENDIENTE,2011,2012,REGIDOR(A) PROVINCIAL
ALIANZA PARA EL PROGRESO DEL PERU,CONGRESISTA,SABINA,CARDENAS CANALES ,ELECCIONES MUNICIPALES 2006,ORGANIZACIÓN INDEPENDIENTE,2007,2010,REGIDOR(A) DISTRITAL
ALIANZA PARA EL PROGRESO DEL PERU,CONGRESISTA,SONNIA DEL CARMEN,ALARCON HORNA ,ELECCIONES MUNICIPALES 1998,FRENTE PROGRESISTA CUTERVINO,1999,2002,REGIDOR(A) PROVINCIAL
ALIANZA PARA EL PROGRESO DEL PERU,CONGRESISTA,TADEO ANASTACIO,GUARDIA HUAMANI,ELECCIONES MUNICIPALES 2012,UNIDAD NACIONAL,2003,2006,ALCALDE(SA) DISTRITAL
ALIANZA PARA EL PROGRESO DEL PERU,CONGRESISTA,VIRGILIO,ACUÑA PERALTA ,ELECIONES REGIONALES Y MUNICIPALES 2003 - 2006,SOLIDARIDAD NACIONAL,2003,2006,REGIDOR(A) PROVINCIAL
ALIANZA PARA EL PROGRESO DEL PERU,CONGRESISTA,VIRGILIO,ACUÑA PERALTA ,ELECCIONES GENERALES 2011 - 2016,SOLIDARIDAD NACIONAL,2011,2016,CONGRESISTA
ALIANZA PARA EL PROGRESO DEL PERU,CONGRESISTA,WILLY,SERRATO PUSE ,ELECCIONES REGIONALES Y MUNICIPALES 2010,ALIANZA PARA EL PROGRESO,2011,2014,ALCALDE(SA) DISTRITAL
ALIANZA PARA EL PROGRESO DEL PERU,CONGRESISTA,WILLY,SERRATO PUSE ,ELECIONES GENERALES MUNICIPALES 1995,OLMOS AL 2000,1996,1998,ALCALDE(SA) DISTRITAL
ALIANZA PARA EL PROGRESO DEL PERU,CONGRESISTA,WILLY,SERRATO PUSE ,ELECCIONES GENERALES 2000,ALIANZA ELECTORAL PERU 2000,2000,2001,CONGRESISTA
ALIANZA PARA EL PROGRESO DEL PERU,CONGRESISTA,WILLY,SERRATO PUSE ,ELECCIONES CONGRESO CONSTITUYENTE DEMOCRATICO 1992,FRENTE INDEPENDIENTE MORALIZADOR,1992,1995,CONGRESISTA
ALIANZA PARA EL PROGRESO DEL PERU,PRIMER VICEPRESIDENTE DE LA REPUBLICA,ANA ELENA LUISA CRISTINA,TOWNSEND DIEZ CANSECO,2001,PERÚ POSIBLE,2001,2006,CONGRESISTA
ALIANZA PARA EL PROGRESO DEL PERU,PRIMER VICEPRESIDENTE DE LA REPUBLICA,ANA ELENA LUISA CRISTINA,TOWNSEND DIEZ CANSECO,2000,SOMOS PERÚ,2000,2001,CONGRESISTA
ALIANZA PARA EL PROGRESO DEL PERU,PRIMER VICEPRESIDENTE DE LA REPUBLICA,ANA ELENA LUISA CRISTINA,TOWNSEND DIEZ CANSECO,1995,UNIÓN POR EL PERÚ,1995,2000,CONGRESISTA
ALIANZA POPULAR,CONGRESISTA,AIDA NALDY CLOTILDE,SOTOMAYOR GARCIA VDA DE ESTERRIPA,REGIONAL MUNICIPAL,MOVIMIENTO INDEPENDIENTE CHIMPUM CALLAO,2003,2006,REGIDOR(A) PROVINCIAL
ALIANZA POPULAR,CONGRESISTA,AIDA NALDY CLOTILDE,SOTOMAYOR GARCIA VDA DE ESTERRIPA,REGIONAL MUNICIPAL,ALIANZA REGIONAL CHIMPUM CALLAO,2015,Actualidad,REGIDOR(A) DISTRITAL
ALIANZA POPULAR,CONGRESISTA,AIDA NALDY CLOTILDE,SOTOMAYOR GARCIA VDA DE ESTERRIPA,REGIONAL MUNICIPAL,MOVIMIENTO INDEPENDIENTE CHIMPUM CALLAO,2011,2014,REGIDOR(A) DISTRITAL
ALIANZA POPULAR,CONGRESISTA,AIDA NALDY CLOTILDE,SOTOMAYOR GARCIA VDA DE ESTERRIPA,REGIONAL MUNICIPAL,MOVIMIENTO INDEPENDIENTE CHIMPUM CALLAO,2007,2010,REGIDOR(A) PROVINCIAL
ALIANZA POPULAR,CONGRESISTA,ALBERTO,MESSA MEZA ,2005,APRA,2006,2010,REGIDOR(A) PROVINCIAL
ALIANZA POPULAR,CONGRESISTA,ALEXANDER BRYAN,UCHASARA MAMANI ,REGIONALES Y MUNICIPALES 2006,MOVIMIENTO ANDINO SOCIALISTA,2007,2010,ALCALDE(SA) DISTRITAL
ALIANZA POPULAR,CONGRESISTA,ALFREDO ARCADIO,LOZADA BONILLA ,ELECCIONES MUNICIPALES 2010,PARTIDO POPULAR CRISTIANO,2013,2013,REGIDOR(A) PROVINCIAL
ALIANZA POPULAR,CONGRESISTA,ALFREDO ARCADIO,LOZADA BONILLA ,NUEVAS ELECCIONES 2013,PARTIDO POPULAR CRISTIANO,2013,2014,REGIDOR(A) PROVINCIAL
ALIANZA POPULAR,CONGRESISTA,ALONSO ALBERTO,NAVARRO CABANILLAS,ELECCIONES REGIONALES 2006,PARTIDO REGIONAL DE INTEGRACION,2007,2010,VICEGOBERNADOR(A) REGIONAL
ALIANZA POPULAR,CONGRESISTA,ALONSO ALBERTO,NAVARRO CABANILLAS,ELECCIONES REGIONALES 2010,FRENTE REGIONAL PROGRESISTA IQUEÑO,2011,2014,GOBERNADOR(A) REGIONAL
ALIANZA POPULAR,CONGRESISTA,ALVARO JUANITO,QUISPE PEREZ,2006,PARTIDO APRISTA PERUANO,2007,2010,REGIDOR(A) DISTRITAL
ALIANZA POPULAR,CONGRESISTA,ANDREA YOLANDA ANITA,LANATA DENTONE,Elecciones Municipales 2014,Partido Popular Cristiano,2015,Actualidad,REGIDOR(A) DISTRITAL
ALIANZA POPULAR,CONGRESISTA,ANGEL JAVIER,VELASQUEZ QUESQUEN,ELECCIONES 1995,PARTIDO APRISTA PERUANO ,1995,2000,CONGRESISTA
ALIANZA POPULAR,CONGRESISTA,ANGEL JAVIER,VELASQUEZ QUESQUEN,ELECCIONES 2011,PARTIDO APRISTA PERUANO,2011,2016,CONGRESISTA
ALIANZA POPULAR,CONGRESISTA,ANGEL JAVIER,VELASQUEZ QUESQUEN,ELECCIONES GENERALES 2006,PARTIDO APRISTA PERUANO,2006,2011,CONGRESISTA
ALIANZA POPULAR,CONGRESISTA,ANGEL JAVIER,VELASQUEZ QUESQUEN,ELECCIONES GENERALES 2001,PARTIDO APRISTA PERUANO,2001,2006,CONGRESISTA
ALIANZA POPULAR,CONGRESISTA,ANTONINA ROSARIO,SASIETA MORALES ,ELECCIONES GENERALES,FRENTE DE CENTRO,2006,2011,CONGRESISTA
ALIANZA POPULAR,CONGRESISTA,ANTONINA ROSARIO,SASIETA MORALES ,ELECCIONES MUNICIPALES 2006,ACCION POPULAR,2003,2006,REGIDOR(A) DISTRITAL
ALIANZA POPULAR,CONGRESISTA,CARLOS ENRIQUE,CALDERON CARVAJAL,Municipalidad Regional 2002,Partido Aprista Peruano,2003,2006,REGIDOR(A) DISTRITAL
ALIANZA POPULAR,CONGRESISTA,CARLOS ENRIQUE,CALDERON CARVAJAL,Elecciones Generales 1990,Partido Aprista Peruano,1990,1992,CONGRESISTA
ALIANZA POPULAR,CONGRESISTA,CARLOS ENRIQUE,CALDERON CARVAJAL,Municipalidad Regional 2006,Partido Aprista Peruano,2007,2010,REGIDOR(A) PROVINCIAL
ALIANZA POPULAR,CONGRESISTA,CAROLINA MARIA,MC CALLOCK SILVA,Elecciones Municipales 2010,Partido Popular Cristiano,2011,2014,REGIDOR(A) DISTRITAL
ALIANZA POPULAR,CONGRESISTA,CLAUDE MAURICE,MULDER BEDOYA ,2006,PARTIDO APRISTA PERUANO,2006,2011,CONGRESISTA
ALIANZA POPULAR,CONGRESISTA,CLAUDE MAURICE,MULDER BEDOYA ,2011,PARTIDO APRISTA PERUANO,2011,2016,CONGRESISTA
ALIANZA POPULAR,CONGRESISTA,CLAUDE MAURICE,MULDER BEDOYA ,2001,PARTIDO APRISTA PERUANO,2001,2006,CONGRESISTA
ALIANZA POPULAR,CONGRESISTA,DANTE ADOLFO,DE CORDOVA VELEZ ,1990 - 1995,APRA,1990,1992,CONGRESISTA
ALIANZA POPULAR,CONGRESISTA,DAVID ABRAHAM,SALAZAR MOROTE,2006,FRENTE POPULAR LLAPANCHIK,2007,2010,GOBERNADOR(A) REGIONAL
ALIANZA POPULAR,CONGRESISTA,EDGARDO RENAN,DE POMAR VIZCARRA,Elecciones Municipales 2010,Partido Popular Cristiano,2011,2014,REGIDOR(A) PROVINCIAL
ALIANZA POPULAR,CONGRESISTA,ELIAS NICOLAS,RODRIGUEZ ZAVALETA,ELECCIONES GENERALES 2006,PARTIDO APRISTA PERUANO,2006,2011,CONGRESISTA
ALIANZA POPULAR,CONGRESISTA,ELIAS NICOLAS,RODRIGUEZ ZAVALETA,ELECCIONES MUNICIPALES 2002,PARTIDO APRISTA PERUANO,2003,2006,REGIDOR(A) PROVINCIAL
ALIANZA POPULAR,CONGRESISTA,ELIAS NICOLAS,RODRIGUEZ ZAVALETA,ELECCIONES GENERALES 2011,PARTIDO APRISTA PERUANO,2011,2016,CONGRESISTA
ALIANZA POPULAR,CONGRESISTA,ENRIQUE,MERINO CRUZ ,MUNICIPAL,APRA,1987,1989,REGIDOR(A) PROVINCIAL
ALIANZA POPULAR,CONGRESISTA,ENRIQUE,MERINO CRUZ ,REGIONAL MUNICIPAL,APRA,2007,2010,REGIDOR(A) PROVINCIAL
ALIANZA POPULAR,CONGRESISTA,ENRIQUE,MERINO CRUZ ,MUNICIPAL,APRA,1990,1993,REGIDOR(A) DISTRITAL
ALIANZA POPULAR,CONGRESISTA,EVELIN,ORCON HUAMAN,2014,PARTIDO APRISTA PERUANO,2015,Actualidad,REGIDOR(A) PROVINCIAL
ALIANZA POPULAR,CONGRESISTA,EVELIN,ORCON HUAMAN,2006,PARTIDO APRISTA PERUANO,2007,2010,REGIDOR(A) DISTRITAL
ALIANZA POPULAR,CONGRESISTA,FLOR DE MARIA,TRUJILLO MARCELO,ELECCIONES LOCALES Y REGIONALES,PARTIDO APRISTA PERUANO,2007,2010,REGIDOR(A) PROVINCIAL
ALIANZA POPULAR,CONGRESISTA,FRANKLIN HUMBERTO,SANCHEZ ORTIZ ,2006,Partido Aprista Peruano,2006,2011,CONGRESISTA
ALIANZA POPULAR,CONGRESISTA,FRANKLIN HUMBERTO,SANCHEZ ORTIZ ,1998,Alianza Democrática Tumbesina - PAP - AP,1999,2002,ALCALDE(SA) PROVINCIAL
ALIANZA POPULAR,CONGRESISTA,FRANKLIN HUMBERTO,SANCHEZ ORTIZ ,1983,Partido Aprista Peruano,1984,1986,REGIDOR(A) PROVINCIAL
ALIANZA POPULAR,CONGRESISTA,FRANKLIN HUMBERTO,SANCHEZ ORTIZ ,1990,Partido Aprista Peruano,1990,1992,CONGRESISTA
ALIANZA POPULAR,CONGRESISTA,FREDDY ALBERTO,GHILARDI ALVAREZ,1990,APRA,1990,1992,DIPUTADO(A)
ALIANZA POPULAR,CONGRESISTA,FREDDY ALBERTO,GHILARDI ALVAREZ,1995 - 2000,APRA,1995,2000,CONGRESISTA
ALIANZA POPULAR,CONGRESISTA,FREDDY ALBERTO,GHILARDI ALVAREZ,1985,APRA,1985,1990,DIPUTADO(A)
ALIANZA POPULAR,CONGRESISTA,GEORGE ADRIEL,BERRIOS RAMOS,ELECCIONES MUNICIPALES 1989,FREDEMO,1990,1993,REGIDOR(A) DISTRITAL
ALIANZA POPULAR,CONGRESISTA,GEORGE ADRIEL,BERRIOS RAMOS,ELECCIONES MUNICIPALES Y REGIONALES,PARTIDO POPULAR CRISTIANO,2015,Actualidad,REGIDOR(A) PROVINCIAL
ALIANZA POPULAR,CONGRESISTA,HERNAN ELAR,DE LA FUENTE RONDON,ELECCIONES MUNICIPALES ,MOVIMIENTO INDEP SOMOS LIMA,1996,1998,REGIDOR(A) DISTRITAL
ALIANZA POPULAR,CONGRESISTA,JAIME ALEJANDRO,ZEA USCA,Elecciones Municipales,Restauracion Nacional,2007,2010,ALCALDE(SA) DISTRITAL
ALIANZA POPULAR,CONGRESISTA,JAIME ALEJANDRO,ZEA USCA,Elecciones Municipales 2002,Unidad Nacional,2003,2006,ALCALDE(SA) DISTRITAL
ALIANZA POPULAR,CONGRESISTA,JAIME ALEJANDRO,ZEA USCA,Elecciones Municipales 1998,Somos Peru,1999,2002,REGIDOR(A) DISTRITAL
ALIANZA POPULAR,CONGRESISTA,JAIME ALEJANDRO,ZEA USCA,Elecciones Municipales Complementarias,Partido Popular Cristiano,2014,2014,REGIDOR(A) PROVINCIAL
ALIANZA POPULAR,CONGRESISTA,JAVIER ALONSO,BEDOYA DE VIVANCO ,ELECCIONES MUNICIPALES,PARTIDO POPULAR CRISTIANO ,1981,1983,REGIDOR(A) PROVINCIAL
ALIANZA POPULAR,CONGRESISTA,JAVIER ALONSO,BEDOYA DE VIVANCO ,ELECCIONES GENERALES,UNIDAD NACIONAL,2006,2011,CONGRESISTA
ALIANZA POPULAR,CONGRESISTA,JAVIER ALONSO,BEDOYA DE VIVANCO ,ELECCIONES GENERALES,ALIANZA POR EL CAMBIO ,2011,Actualidad,CONGRESISTA
ALIANZA POPULAR,CONGRESISTA,JAVIER ALONSO,BEDOYA DE VIVANCO ,ELECCIONES GENERALES ,FREDEMO,1990,1992,CONGRESISTA
ALIANZA POPULAR,CONGRESISTA,JAVIER ALONSO,BEDOYA DE VIVANCO ,ELECCIONES GENERALES,PARTIDO POPULAR CRISTIANO,1985,1990,CONGRESISTA
ALIANZA POPULAR,CONGRESISTA,JESSICA ARMIDA,VARGAS GOMEZ,Elecciones Municipales 2010,Partido Popular Cristiano,2011,2014,ALCALDE(SA) DISTRITAL
ALIANZA POPULAR,CONGRESISTA,JORGE ALFONSO ALEJANDRO,DEL CASTILLO GALVEZ,2001,PARTIDO APRISTA PERUANO,2001,2006,CONGRESISTA
ALIANZA POPULAR,CONGRESISTA,JORGE ALFONSO ALEJANDRO,DEL CASTILLO GALVEZ,1995,PARTIDO APRISTA PERUANO,1995,2000,CONGRESISTA
ALIANZA POPULAR,CONGRESISTA,JORGE ALFONSO ALEJANDRO,DEL CASTILLO GALVEZ,2000,PARTIDO APRISTA PERUANO,2000,2001,CONGRESISTA
ALIANZA POPULAR,CONGRESISTA,JORGE ALFONSO ALEJANDRO,DEL CASTILLO GALVEZ,2006,PARTIDO APRISTA PERUANO,2006,2011,CONGRESISTA
ALIANZA POPULAR,CONGRESISTA,JOSE AUGUSTO,VARGAS FERNANDEZ,2006,PARTIDO APRISTA PERUANO,2006,2011,CONGRESISTA
ALIANZA POPULAR,CONGRESISTA,JOSE AUGUSTO,VARGAS FERNANDEZ,2002,PARTIDO APRISTA PERUANO,2003,2006,REGIDOR(A) PROVINCIAL
ALIANZA POPULAR,CONGRESISTA,JUAN CARLOS,EGUREN NEUENSCHWANDER ,ELEECIONES MUNICIPALES 1990,PPC,1991,1994,REGIDOR(A) PROVINCIAL
ALIANZA POPULAR,CONGRESISTA,JUAN CARLOS,EGUREN NEUENSCHWANDER ,ELECCINES GENERALES 2006,UNIDAD NACIONAL,2006,2011,CONGRESISTA
ALIANZA POPULAR,CONGRESISTA,JUAN CARLOS,EGUREN NEUENSCHWANDER ,ELECCIONES GENERALES 2011,ALIANZA POR EL GRAN CAMBIO,2011,2016,CONGRESISTA
ALIANZA POPULAR,CONGRESISTA,JUVAL MARTIN,CORDOVA PALACIOS,ELECCIONES REGIONALES Y MUNICIPALES 2002,UNIDAD NACIONAL,2003,2006,REGIDOR(A) PROVINCIAL
ALIANZA POPULAR,CONGRESISTA,JUVAL MARTIN,CORDOVA PALACIOS,ELECCIONES REGIONALES Y MUNICIPALES 2006,UNIDAD NACIONAL,2007,2010,REGIDOR(A) PROVINCIAL
ALIANZA POPULAR,CONGRESISTA,LUCIANA MILAGROS,LEON ROMERO,2011,PARTIDO APRISTA PERUANO,2011,Actualidad,CONGRESISTA
ALIANZA POPULAR,CONGRESISTA,LUCIANA MILAGROS,LEON ROMERO,2006,Partido Aprista Peruano,2006,2011,CONGRESISTA
ALIANZA POPULAR,CONGRESISTA,LUIS BELTRAN,BARRA PACHECO,ELECCIONES MUNICIPALES 1982,MOVIMIENTO INDEPENDIENTE ABANCAY,1983,1985,ALCALDE(SA) PROVINCIAL
ALIANZA POPULAR,CONGRESISTA,LUIS BELTRAN,BARRA PACHECO,ELECCIONES MUNICIPALES 1993,MOVIMIENTO INDEPENDIENTE ABANCAY,1994,1995,ALCALDE(SA) PROVINCIAL
ALIANZA POPULAR,CONGRESISTA,LUIS BELTRAN,BARRA PACHECO,ELECCIONES MUNICIPALES 1995,MOVIMIENTO INDEPENDIENTE ABANCAY,1996,1998,ALCALDE(SA) PROVINCIAL
ALIANZA POPULAR,CONGRESISTA,LUIS BELTRAN,BARRA PACHECO,ELECCIONES REGIONALES 2002,UNION POR EL PERU,2003,2004,GOBERNADOR(A) REGIONAL
ALIANZA POPULAR,CONGRESISTA,LUIS DANIEL,WILSON UGARTE,2006,APRA,2006,2011,CONGRESISTA
ALIANZA POPULAR,CONGRESISTA,LUIS DANIEL,WILSON UGARTE,1998,UNIDAD CONVENCIANA,1999,2002,REGIDOR(A) PROVINCIAL
ALIANZA POPULAR,CONGRESISTA,LUIS DANIEL,WILSON UGARTE,1992,PARTIDO APRISTA,1993,1993,REGIDOR(A) PROVINCIAL
ALIANZA POPULAR,CONGRESISTA,MANUEL ISIDRO,VASQUEZ FLORES ,2006,Partido Aprista Peruano,2007,2010,REGIDOR(A) PROVINCIAL
ALIANZA POPULAR,CONGRESISTA,MANUEL VICENTE,TELLO CESPEDES,1983,PARTIDO APRISTA PERUANO,1984,1986,ALCALDE(SA) PROVINCIAL
ALIANZA POPULAR,CONGRESISTA,MANUEL VICENTE,TELLO CESPEDES,2002,PARTIDO APRISTA PERUANO,2003,2006,GOBERNADOR(A) REGIONAL
ALIANZA POPULAR,CONGRESISTA,MARIA DEL CARMEN,VALENCIA CASAS DE SIMBRON,Elecciones Municipales 2010,Partido Popular Cristiano,2011,2014,REGIDOR(A) DISTRITAL
ALIANZA POPULAR,CONGRESISTA,MARIA DEL CARMEN,VALENCIA CASAS DE SIMBRON,Elecciones Municipales 2014,Partido Popular Cristiano,2015,Actualidad,REGIDOR(A) DISTRITAL
ALIANZA POPULAR,CONGRESISTA,MARIA ELIZABETH,RONDO LAYZA ,REGIONAL Y MUNICIPAL 2002,APRA,2003,2006,CONSEJERO REGIONAL
ALIANZA POPULAR,CONGRESISTA,MARIA ELIZABETH,RONDO LAYZA ,MUNICIPALES 1998,APRA,1999,2002,REGIDOR(A) PROVINCIAL
ALIANZA POPULAR,CONGRESISTA,MIGUEL LUIS,GUEVARA TRELLES ,2006,Partido Aprista Peruano,2006,2011,CONGRESISTA
ALIANZA POPULAR,CONGRESISTA,MILUSKA FIORELLA,CARHUAYANO FLORES,Nuevas Elecciones Municipales 2013,PARTIDO POPULAR CRISTIANO,2014,2014,REGIDOR(A) PROVINCIAL
ALIANZA POPULAR,CONGRESISTA,MOISES ELIAS,MONTENEGRO LOPEZ,ELECCIONES MUNICIPALES 1986,PARTIDO APRISTA PERUANO,1987,1989,REGIDOR(A) DISTRITAL
ALIANZA POPULAR,CONGRESISTA,MONICA PAOLA,SANCHEZ MINCHOLA,2010,PARTIDO APRISTA VPERUANO,2011,2014,VICEGOBERNADOR(A) REGIONAL
ALIANZA POPULAR,CONGRESISTA,MONICA PAOLA,SANCHEZ MINCHOLA,2010 ,PARTIDO APRISTA PERUANO,2011,2014,VICEGOBERNADOR(A) REGIONAL
ALIANZA POPULAR,CONGRESISTA,NIDIA RUTH,VILCHEZ YUCRA,ELECCIONES 1990,PARTIDO APRISTA PERUANO,1990,1992,CONSEJERO REGIONAL
ALIANZA POPULAR,CONGRESISTA,NIDIA RUTH,VILCHEZ YUCRA,ELECCIONES GENERALES 2006,PARTIDO APRISTA PERUANO,2006,2011,CONGRESISTA
ALIANZA POPULAR,CONGRESISTA,ORLANDO,SALAZAR QUISPE,2006,MOVIMIENTO REGIONAL TRABAJANDO PARA TODOS,2007,2010,CONSEJERO REGIONAL
ALIANZA POPULAR,CONGRESISTA,OSCAR ENRIQUE,TORRES QUIROZ,1997,PARTIDO APRISTA PERUANO,1997,2000,REGIDOR(A) PROVINCIAL
ALIANZA POPULAR,CONGRESISTA,OSCAR ENRIQUE,TORRES QUIROZ,2003-2006,Partido Aprista Peruano,2003,2006,ALCALDE(SA) PROVINCIAL
ALIANZA POPULAR,CONGRESISTA,PERCY ALBERTO,RAMOS PUELLES,ELECCIONES MUNICIPALES GENERALES 1995,"MOVIMIENTO INDEPENDIENTE ""UNIDOS""",1996,1998,REGIDOR(A) PROVINCIAL
ALIANZA POPULAR,CONGRESISTA,PERCY ALBERTO,RAMOS PUELLES,ELECCIONES REGIONALES Y MUNICIPALES -2010,PARTIDO APRISTA PERUANO,2011,2014,ALCALDE(SA) PROVINCIAL
ALIANZA POPULAR,CONGRESISTA,PERCY ALBERTO,RAMOS PUELLES,ELECCIONES REGIONALES Y MUNICIPALES 2006,PARTIDO APRISTA PERUANO,2007,2010,ALCALDE(SA) PROVINCIAL
ALIANZA POPULAR,CONGRESISTA,PERCY ALBERTO,RAMOS PUELLES,ELECCIONES REGIONALES Y MUNICIPALES 2002,PARTIDO APRISTA PERUANO,2003,2006,ALCALDE(SA) PROVINCIAL
ALIANZA POPULAR,CONGRESISTA,RAFAEL GUSTAVO,YAMASHIRO ORE ,ELECCIONES GENERALES,UNIDAD NACIONAL,2006,2011,CONGRESISTA
ALIANZA POPULAR,CONGRESISTA,RAFAEL GUSTAVO,YAMASHIRO ORE ,ELECCIONES MUNICIPALES Y REGIONALES,PARTIDO POPULAR CRISTIANO,2015,Actualidad,REGIDOR(A) PROVINCIAL
ALIANZA POPULAR,CONGRESISTA,RAFAEL JULIO ANTONIO,OCAÑA MELGAREJO,Elecciones Municipales 2014,Partido Popular Cristiano,2015,Actualidad,REGIDOR(A) DISTRITAL
ALIANZA POPULAR,CONGRESISTA,RAFAEL JULIO ANTONIO,OCAÑA MELGAREJO,ELECCIONES MUNICIPALES 2010,Unidad Nacional,2011,2014,REGIDOR(A) DISTRITAL
ALIANZA POPULAR,CONGRESISTA,RAUL EDUARDO,CASTRO STAGNARO ,ELECCIONES GENERALES,UNIDAD NACIONAL,2006,2011,CONGRESISTA
ALIANZA POPULAR,CONGRESISTA,RAUL EDUARDO,CASTRO STAGNARO ,ELECCIONES MUNICIPALES,PARTIDO POPULAR CRISTIANO,1986,1988,REGIDOR(A) DISTRITAL
ALIANZA POPULAR,CONGRESISTA,ROFILIO T,NEYRA HUAMANI ,1998,VAMOS VECINOS,1998,2002,REGIDOR(A) DISTRITAL
ALIANZA POPULAR,CONGRESISTA,ROFILIO T,NEYRA HUAMANI ,2011,FUERZA 2011,2011,2016,CONGRESISTA
ALIANZA POPULAR,CONGRESISTA,ROSA LILIANA,TORRES CASTILLO ,ERM - 2016,PATRIA JOVEN,2007,2010,REGIDOR(A) PROVINCIAL
ALIANZA POPULAR,CONGRESISTA,ROSA LILIANA,TORRES CASTILLO ,ERM - 2010,PATRIA JOVEN,2011,2014,CONSEJERO REGIONAL
ALIANZA POPULAR,CONGRESISTA,ROSA YRIS,MEDINA FEIJOO,ELECCIONES 1986,PARTIDO APRISTA PERUANO,1987,1989,REGIDOR(A) PROVINCIAL
ALIANZA POPULAR,CONGRESISTA,ROSA YRIS,MEDINA FEIJOO,ELECCIONES 2002,PARTIDO APRISTA PERUANO,2003,2006,GOBERNADOR(A) REGIONAL
ALIANZA POPULAR,CONGRESISTA,VICTOR FRANCISCO,TORRES JIMENEZ,ELECCIONES MUNICIPALES 1999,VAMOS VECINO,1999,2002,REGIDOR(A) DISTRITAL
ALIANZA POPULAR,CONGRESISTA,VICTOR GERMAN,BOLUARTE MEDINA ,MUNICIPAL 2002,PARTIDO APRISTA,2003,2006,REGIDOR(A) PROVINCIAL
ALIANZA POPULAR,CONGRESISTA,WERCHIMANS,ARELLANO SUSANO,ELECCIONES MUNICIPALES,SOMOS PERU,1995,1998,REGIDOR(A) PROVINCIAL
ALIANZA POPULAR,CONGRESISTA,WERCHIMANS,ARELLANO SUSANO,ELECCIONES GENERALES ,FREDEMO,1990,1992,CONGRESISTA
ALIANZA POPULAR,CONGRESISTA,WERCHIMANS,ARELLANO SUSANO,ELECCIONES MUNICIPALES,PARTIDO POPULAR CRISTIANO,1999,2002,REGIDOR(A) PROVINCIAL
ALIANZA POPULAR,CONGRESISTA,WILMER,TAPIA SAMANIEGO,ELECCIONES MUNICIPALES 2002,UNIDAD NACIONAL,2003,2006,REGIDOR(A) PROVINCIAL
ALIANZA POPULAR,CONGRESISTA,YVAN ENRIQUE,VASQUEZ VALERA,ELECCIONES MUNICIPALES,MOVIMIENTO POLITICO REGIONAL FUERZA LORETANA,1999,2002,ALCALDE(SA) PROVINCIAL
ALIANZA POPULAR,CONGRESISTA,YVAN ENRIQUE,VASQUEZ VALERA,ELECCIONES REGIONALES,MOVIMIENTO POLITICO REGIONAL FUERZA LORETANA,2007,2010,GOBERNADOR(A) REGIONAL
ALIANZA POPULAR,CONGRESISTA,YVAN ENRIQUE,VASQUEZ VALERA,ELECCIONES REGIONALES,MOVIMIENTO POLITICO REGIONAL FUERZA LORETANA,2011,2014,GOBERNADOR(A) REGIONAL
ALIANZA POPULAR,PRESIDENTE DE LA REPUBLICA,ALAN GABRIEL LUDWIG,GARCIA PEREZ,ELECCIONES GENERALES,PARTIDO APRISTA PERUANO,2006,2011,PRESIDENTE(A)
ALIANZA POPULAR,PRESIDENTE DE LA REPUBLICA,ALAN GABRIEL LUDWIG,GARCIA PEREZ,ELECCIONES GENERALES ,PARTIDO APRISTA PERUANO,1985,1990,PRESIDENTE(A)
ALIANZA POPULAR,PRESIDENTE DE LA REPUBLICA,ALAN GABRIEL LUDWIG,GARCIA PEREZ,ELECCIONES GENERALES,PARTIDO APRISTA PERUANO,1980,1985,CONGRESISTA
ALIANZA POPULAR,PRIMER VICEPRESIDENTE DE LA REPUBLICA,LOURDES CELMIRA ROSARIO,FLORES NANO,ELECCIONES GENERALES 1990 - 1993 - 1995,FREDEMO / PARTIDO POPULAR CRISTIANO,1990,2000,CONGRESISTA
ALIANZA POPULAR,PRIMER VICEPRESIDENTE DE LA REPUBLICA,LOURDES CELMIRA ROSARIO,FLORES NANO,ELECCIONES GENERALES  1986 - 1989,PARTIDO POPULAR CRISTIANO / FREDEMO,1986,1990,REGIDOR(A) PROVINCIAL
ALIANZA POPULAR,SEGUNDO VICEPRESIDENTE DE LA REPUBLICA,DAVID ABRAHAM,SALAZAR MOROTE,2006,FRENTE POPULAR LLAPANCHIK,2007,2010,GOBERNADOR(A) REGIONAL
DEMOCRACIA DIRECTA,CONGRESISTA,ANNABELLA,VILLEGAS DE CAYRO,1999,MODE,1999,2002,REGIDOR(A) DISTRITAL
DEMOCRACIA DIRECTA,CONGRESISTA,ANNABELLA,VILLEGAS DE CAYRO,2011,AREQUIPA RENACE,2011,2014,REGIDOR(A) DISTRITAL
DEMOCRACIA DIRECTA,CONGRESISTA,ANNABELLA,VILLEGAS DE CAYRO,1999,MODE,1999,2002,REGIDOR(A) DISTRITAL
DEMOCRACIA DIRECTA,CONGRESISTA,ANNABELLA,VILLEGAS DE CAYRO,1999,MODE,1999,2002,REGIDOR(A) DISTRITAL
DEMOCRACIA DIRECTA,CONGRESISTA,ELEUTERIO,TORREJON PEZO,REGIONALES Y MUNICIPALES 2002,PARTIDO POLÍTICO PERÚ POSIBLE - ALTOBIAVO,2003,2006,ALCALDE(SA) DISTRITAL
DEMOCRACIA DIRECTA,CONGRESISTA,ELSA CELIA,ANICAMA ÑAÑEZ ,2011  al  2016,GANA PERU,2011,2015,CONGRESISTA
DEMOCRACIA DIRECTA,CONGRESISTA,ELVIS RAUL,MAMANI CALSIN,2010,PROYECTO POLITICO AQUI,2011,2014,ALCALDE(SA) DISTRITAL
DEMOCRACIA DIRECTA,CONGRESISTA,JAIME,NUÑEZ HUAHUASONCCO,2014,DEMOCRACIA DIRECTA,2014,2014,VICEGOBERNADOR(A) REGIONAL
DEMOCRACIA DIRECTA,CONGRESISTA,JORGE ANTONIO,RIMARACHIN CABRERA,ELECCIONES GENERALES  2011,GANA PERÚ,2011,2016,CONGRESISTA
DEMOCRACIA DIRECTA,CONGRESISTA,MANUEL INOCENTE,BAUTISTA CASIANO ,1987 - 1989,IZQUIERDA UNIDA,1987,1989,REGIDOR(A) PROVINCIAL
DEMOCRACIA DIRECTA,CONGRESISTA,RICHARD HECTOR,BLANCO CLAROS,2002,APRA,2003,2006,CONSEJERO REGIONAL
DEMOCRACIA DIRECTA,CONGRESISTA,ROGER ANTONIO,ALCANTARA PAREDES ,2006,SOMOS PERU,2006,2009,REGIDOR(A) PROVINCIAL
DEMOCRACIA DIRECTA,PRESIDENTE DE LA REPUBLICA,GREGORIO,SANTOS GUERRERO,ELECCIONES REGIONALES Y MUNICIPALES 2010,MOVIMIENTO DE AFIRMACION SOCIAL,2011,2014,GOBERNADOR(A) REGIONAL
"EL FRENTE AMPLIO POR JUSTICIA, VIDA Y LIBERTAD",CONGRESISTA,AUGUSTO JOSE,MALPARTIDA LEON ,1986,IZQUIERDA UNIDA,1987,1989,REGIDOR(A) DISTRITAL
"EL FRENTE AMPLIO POR JUSTICIA, VIDA Y LIBERTAD",CONGRESISTA,AURELIO,CHOQUEHUANCA CONDORI,11 OCTUBRE 1998,FRATERNIDAD NACIONAL,1999,2002,ALCALDE(SA) PROVINCIAL
"EL FRENTE AMPLIO POR JUSTICIA, VIDA Y LIBERTAD",CONGRESISTA,CARLOS EMILIO,VIZCARRA VELAZCO,2006,PARTIDO NACIONALISTA PERUANO,2007,2010,REGIDOR(A) PROVINCIAL
"EL FRENTE AMPLIO POR JUSTICIA, VIDA Y LIBERTAD",CONGRESISTA,CARLOS GREGORIO,CORNEJO SUCLLA ,ELECCIONES MUNICIPALES,IZQUIERDA UNIDA,1987,1989,REGIDOR(A) PROVINCIAL
"EL FRENTE AMPLIO POR JUSTICIA, VIDA Y LIBERTAD",CONGRESISTA,CARLOS GREGORIO,CORNEJO SUCLLA ,ELECCIONES MUNICIPALES,IZQUIERDA UNIDA,1984,1986,REGIDOR(A) PROVINCIAL
"EL FRENTE AMPLIO POR JUSTICIA, VIDA Y LIBERTAD",CONGRESISTA,CARLOS GREGORIO,CORNEJO SUCLLA ,ELECCIONES MUNICIPALES,IZQUIERDA UNIDA,1993,1995,REGIDOR(A) PROVINCIAL
"EL FRENTE AMPLIO POR JUSTICIA, VIDA Y LIBERTAD",CONGRESISTA,EDGAR AMERICO,OCHOA PEZO ,1999,INVITADO,1999,2000,REGIDOR(A) PROVINCIAL
"EL FRENTE AMPLIO POR JUSTICIA, VIDA Y LIBERTAD",CONGRESISTA,INDIRA ISABEL,HUILCA FLORES ,ELECCIONES REGIONALES Y MUNICIPALES 2010,PARTIDO DESCENTRALISTA FUERZA SOCIAL,2013,2013,REGIDOR(A) PROVINCIAL
"EL FRENTE AMPLIO POR JUSTICIA, VIDA Y LIBERTAD",CONGRESISTA,JESUS LUIS,CAMPOS MUÑOZ ,2007,MOVIMIENTO COMPROMISO Y DESARROLLO CADE,2007,2010,REGIDOR(A) PROVINCIAL
"EL FRENTE AMPLIO POR JUSTICIA, VIDA Y LIBERTAD",CONGRESISTA,LUIS,GARNIQUE ORTIZ,1984-1987,IZQUIERDA UNIDA,1984,1987,REGIDOR(A) PROVINCIAL
"EL FRENTE AMPLIO POR JUSTICIA, VIDA Y LIBERTAD",CONGRESISTA,LUIS,GARNIQUE ORTIZ,1979-1983,IZQUIERDA UNIDA,1979,1983,REGIDOR(A) PROVINCIAL
"EL FRENTE AMPLIO POR JUSTICIA, VIDA Y LIBERTAD",CONGRESISTA,MANUEL ENRIQUE ERNESTO,DAMMERT EGO AGUIRRE ,ELECCIONES GENERALES 1990,IZQUIERDA SOCIALISTA ,1990,1992,DIPUTADO(A)
"EL FRENTE AMPLIO POR JUSTICIA, VIDA Y LIBERTAD",CONGRESISTA,MANUEL ENRIQUE ERNESTO,DAMMERT EGO AGUIRRE ,ELECCIONES GENERALES 2011,PARTIDO NACIONALISTA PERUANO,2013,2016,CONGRESISTA
"EL FRENTE AMPLIO POR JUSTICIA, VIDA Y LIBERTAD",CONGRESISTA,MANUEL ENRIQUE ERNESTO,DAMMERT EGO AGUIRRE ,ELECCIONES GENERALES 1985,IZQUIERDA UNIDA,1985,1990,DIPUTADO(A)
"EL FRENTE AMPLIO POR JUSTICIA, VIDA Y LIBERTAD",CONGRESISTA,MANUEL ENRIQUE ERNESTO,DAMMERT EGO AGUIRRE ,ELECCIONES GENERALES 1980,UNIR-PCR,1980,1985,DIPUTADO(A)
"EL FRENTE AMPLIO POR JUSTICIA, VIDA Y LIBERTAD",CONGRESISTA,MANUEL GERMAN,BENZA PFLÜCKER ,ELECCIONES GENERALES ,IZQUIERDA UNIDA,1985,1990,DIPUTADO(A)
"EL FRENTE AMPLIO POR JUSTICIA, VIDA Y LIBERTAD",CONGRESISTA,MARISA,GLAVE REMY ,2010,Partido Descentralista Fuerza Social,2011,2013,REGIDOR(A) PROVINCIAL
"EL FRENTE AMPLIO POR JUSTICIA, VIDA Y LIBERTAD",CONGRESISTA,MARISA,GLAVE REMY ,2006,Partido Nacionalista Peruano,2007,2010,REGIDOR(A) PROVINCIAL
"EL FRENTE AMPLIO POR JUSTICIA, VIDA Y LIBERTAD",CONGRESISTA,NELIDA,AYAY CHILON ,ELECCIONES DE CENTRO POBLADO,MOVIMIENTO INDEPENDIENTE PORCON,2005,2008,REGISDOR(A) DE CENTRO POBLADO
"EL FRENTE AMPLIO POR JUSTICIA, VIDA Y LIBERTAD",CONGRESISTA,OSCAR AVELINO,MOLLOHUANCA CRUZ ,2010,MOV. TIERRA Y LIBERTAD,2011,2014,ALCALDE(SA) PROVINCIAL
"EL FRENTE AMPLIO POR JUSTICIA, VIDA Y LIBERTAD",CONGRESISTA,OSCAR AVELINO,MOLLOHUANCA CRUZ ,1998,MOV. INTEGRACION KANA,1999,2002,ALCALDE(SA) PROVINCIAL
"EL FRENTE AMPLIO POR JUSTICIA, VIDA Y LIBERTAD",CONGRESISTA,PEDRO FERNANDO,TINCOPA CALLE,2006,ACCION POPULAR,2007,2010,ALCALDE(SA) PROVINCIAL
"EL FRENTE AMPLIO POR JUSTICIA, VIDA Y LIBERTAD",CONGRESISTA,SAMUEL REYNEL,YAÑEZ TORRES ,ELECCIONES 1983,IZQUIERDA UNIDA,1984,1986,REGIDOR(A) DISTRITAL
"EL FRENTE AMPLIO POR JUSTICIA, VIDA Y LIBERTAD",CONGRESISTA,SAMUEL REYNEL,YAÑEZ TORRES ,ELECCIONES 1986,IZQUIERDA UNIDA,1987,1989,REGIDOR(A) DISTRITAL
"EL FRENTE AMPLIO POR JUSTICIA, VIDA Y LIBERTAD",CONGRESISTA,SANTIAGO,MANUIN VALERA ,ELECCIONES 2011,UNIDAD Y DEMOCRACIA DE AMAZONAS,2011,2014,CONSEJERO REGIONAL
"EL FRENTE AMPLIO POR JUSTICIA, VIDA Y LIBERTAD",CONGRESISTA,SIGIFREDO MARCIAL,VELASQUEZ RAMOS ,2011,FUERZA SOCIAL,2011,2014,REGIDOR(A) PROVINCIAL
"EL FRENTE AMPLIO POR JUSTICIA, VIDA Y LIBERTAD",CONGRESISTA,VALDEMAR,DOMINGUEZ RAMIREZ ,VECINAL,INDEPENDIENTE,1996,1999,ALCALDE(SA) DE CENTRO POBLADO
"EL FRENTE AMPLIO POR JUSTICIA, VIDA Y LIBERTAD",CONGRESISTA,VERONICA MELANIA,RIOS CALIZAYA ,2014,DIGNIDAD SAMEGUANA,2015,Actualidad,REGIDOR(A) DISTRITAL
"EL FRENTE AMPLIO POR JUSTICIA, VIDA Y LIBERTAD",CONGRESISTA,WILBERT GABRIEL,ROZAS BELTRAN,1998,AYLLU,1999,2002,ALCALDE(SA) DISTRITAL
"EL FRENTE AMPLIO POR JUSTICIA, VIDA Y LIBERTAD",CONGRESISTA,WILBERT GABRIEL,ROZAS BELTRAN,1994,Ayllu,1995,1998,ALCALDE(SA) DISTRITAL
"EL FRENTE AMPLIO POR JUSTICIA, VIDA Y LIBERTAD",CONGRESISTA,WILBERT GABRIEL,ROZAS BELTRAN,2002,PARTIDO SOCIALISTA,2003,2006,ALCALDE(SA) PROVINCIAL
"EL FRENTE AMPLIO POR JUSTICIA, VIDA Y LIBERTAD",CONGRESISTA,WILBERT GABRIEL,ROZAS BELTRAN,2006,PARTIDO SOCIALISTA,2007,2009,ALCALDE(SA) PROVINCIAL
"EL FRENTE AMPLIO POR JUSTICIA, VIDA Y LIBERTAD",PRESIDENTE DE LA REPUBLICA,VERONIKA FANNY,MENDOZA FRISCH,Elecciones Generales 2011,Partido Nacionalista,2011,Actualidad,CONGRESISTA
FRENTE ESPERANZA,CONGRESISTA,CARLOS RICARDO,CUARESMA SANCHEZ,1982,Izquierda Unida,1983,1985,ALCALDE(SA) DISTRITAL
FRENTE ESPERANZA,CONGRESISTA,CARLOS RICARDO,CUARESMA SANCHEZ,1992,Frente Independiente Moralizador,1993,1995,CONGRESISTA
FRENTE ESPERANZA,CONGRESISTA,CARLOS RICARDO,CUARESMA SANCHEZ,2000,Frente Independiente Moralizador,2000,2001,CONGRESISTA
FRENTE ESPERANZA,CONGRESISTA,CARLOS RICARDO,CUARESMA SANCHEZ,2002,Frente Independiente Moralizador,2003,2006,GOBERNADOR(A) REGIONAL
FRENTE ESPERANZA,CONGRESISTA,ENOCH TEODORO,SANCHEZ PRUDENCIO ,2006,Confianza Peru,2007,2010,ALCALDE(SA) DISTRITAL
FRENTE ESPERANZA,CONGRESISTA,ERIBERTO,VENTURA CASTREJON,1986,IZQUIERDA UNIDA,1987,1989,REGIDOR(A) PROVINCIAL
FRENTE ESPERANZA,CONGRESISTA,ERIBERTO,VENTURA CASTREJON,1983,IZQUIERDA UNIDA,1984,1986,REGIDOR(A) PROVINCIAL
FRENTE ESPERANZA,CONGRESISTA,GUSTAVO GUZMAN,ROMERO IZAGUIRRE ,1989,Partido Aprista,1990,1992,REGIDOR(A) PROVINCIAL
FRENTE ESPERANZA,CONGRESISTA,JUANA NATIVIDAD,AVELLANEDA SOTO,1990,Cambio 90,1990,1992,DIPUTADO(A)
FRENTE ESPERANZA,CONGRESISTA,VERONICA JANET,PEREZ ALQUIZAR,2006,TODOS POR LAMBAYEQUE,2007,2010,REGIDOR(A) DISTRITAL
FRENTE ESPERANZA,PRESIDENTE DE LA REPUBLICA,LUIS FERNANDO,OLIVERA VEGA,1995,Frente Independiente Moralizador,1995,2000,CONGRESISTA
FRENTE ESPERANZA,PRESIDENTE DE LA REPUBLICA,LUIS FERNANDO,OLIVERA VEGA,1992,Frente Independiente Moralizador,1992,1995,CONGRESISTA
FRENTE ESPERANZA,PRESIDENTE DE LA REPUBLICA,LUIS FERNANDO,OLIVERA VEGA,1990,Frente Independiente Moralizador,1990,1992,CONGRESISTA
FRENTE ESPERANZA,PRESIDENTE DE LA REPUBLICA,LUIS FERNANDO,OLIVERA VEGA,1985,Convergencia Democrática,1985,1990,CONGRESISTA
FRENTE ESPERANZA,PRESIDENTE DE LA REPUBLICA,LUIS FERNANDO,OLIVERA VEGA,2000,Frente Independiente Moralizador,2000,2001,CONGRESISTA
FRENTE ESPERANZA,PRIMER VICEPRESIDENTE DE LA REPUBLICA,CARLOS RICARDO,CUARESMA SANCHEZ,1982,Izquierda Unida,1983,1985,ALCALDE(SA) DISTRITAL
FRENTE ESPERANZA,PRIMER VICEPRESIDENTE DE LA REPUBLICA,CARLOS RICARDO,CUARESMA SANCHEZ,2002,Frente Independiente Moralizador,2003,2006,GOBERNADOR(A) REGIONAL
FRENTE ESPERANZA,PRIMER VICEPRESIDENTE DE LA REPUBLICA,CARLOS RICARDO,CUARESMA SANCHEZ,2000,Frente Independiente Moralizador,2000,2001,CONGRESISTA
FRENTE ESPERANZA,PRIMER VICEPRESIDENTE DE LA REPUBLICA,CARLOS RICARDO,CUARESMA SANCHEZ,1992,Frente Independiente Moralizador,1993,1995,CONGRESISTA
FRENTE ESPERANZA,SEGUNDO VICEPRESIDENTE DE LA REPUBLICA,JUANA NATIVIDAD,AVELLANEDA SOTO,1990,Cambio 90,1990,1992,DIPUTADO(A)
FUERZA POPULAR,CONGRESISTA,ALEJANDRINA,CARRANZA NORIEGA,MUNICIPAL 1993,CAMBIO 90,1993,1995,REGIDOR(A) DISTRITAL
FUERZA POPULAR,CONGRESISTA,ALEX,GONZALES CASTILLO,1986,INDEPENDIENTE,1987,1989,REGIDOR(A) DISTRITAL
FUERZA POPULAR,CONGRESISTA,ANGEL,NEYRA OLAYCHEA ,ELECCIONES GENERALES 2011,FUERZA 2011 - AHORA FUERZA POPULAR,2011,2016,CONGRESISTA
FUERZA POPULAR,CONGRESISTA,ANTONIO,MEDINA ORTIZ ,ELECCIONES GENERAL 2011,FUERZA 2011,2011,2016,CONGRESISTA
FUERZA POPULAR,CONGRESISTA,CAMILO JOSE,CARCAMO MATTOS ,Elecciones Municipales 1998,Acción Democrática,1999,2002,ALCALDE(SA) DISTRITAL
FUERZA POPULAR,CONGRESISTA,CAMILO JOSE,CARCAMO MATTOS ,Elecciones Municipales 2006,Si Cumple,2007,2010,ALCALDE(SA) PROVINCIAL
FUERZA POPULAR,CONGRESISTA,CAMILO JOSE,CARCAMO MATTOS ,Eleeciones Municipales 1995,Nueva Generación,1996,1998,ALCALDE(SA) DISTRITAL
FUERZA POPULAR,CONGRESISTA,CARLOS ALBERTO SEGUNDO,SANCHEZ CENTURION ,Elecciones Municipales,Magdalena Sí,1999,2002,REGIDOR(A) DISTRITAL
FUERZA POPULAR,CONGRESISTA,CARLOS MARIO DEL CARMEN,TUBINO ARIAS SCHREIBER ,2011,FUERZA 2011,2011,2016,CONGRESISTA
FUERZA POPULAR,CONGRESISTA,CECILIA ISABEL,CHACON DE VETTORI,ELECCIONES GENERALES 2011,FUERZA POPULAR ,2011,2016,CONGRESISTA
FUERZA POPULAR,CONGRESISTA,CECILIA ISABEL,CHACON DE VETTORI,ELECCIONES GENERALES 2006,ALIANZA POR EL FUTURO,2006,2011,CONGRESISTA
FUERZA POPULAR,CONGRESISTA,CLAYTON FLAVIO,GALVAN VENTO,Elecciones Regionales y Municipales 2010,Si Cumple,2011,2014,ALCALDE(SA) DISTRITAL
FUERZA POPULAR,CONGRESISTA,DANIEL ENRIQUE,SALAVERRY VILLA ,2006,PARTIDO APRISTA PERUANO,2007,2010,REGIDOR(A) PROVINCIAL
FUERZA POPULAR,CONGRESISTA,DARIO,MOGROVEJO NINAN,2002,JUNTOS POR EL PROGRESO,2003,2006,REGIDOR(A) DISTRITAL
FUERZA POPULAR,CONGRESISTA,ELARD GALO,MELGAR VALDEZ ,ELECCIONES GENERALES 2011,FUERZA 2011,2011,Actualidad,CONGRESISTA
FUERZA POPULAR,CONGRESISTA,ESTHER,SAAVEDRA VELA ,ELECCIONES 2011,PARTIDO GANA PERU,2011,2016,CONGRESISTA
FUERZA POPULAR,CONGRESISTA,FEDERICO,PARIONA GALINDO ,2002,UNIDAD NACIONAL,2003,2006,REGIDOR(A) DISTRITAL
FUERZA POPULAR,CONGRESISTA,FEDERICO,PARIONA GALINDO ,2011,FUERZA 2011,2011,2016,CONGRESISTA
FUERZA POPULAR,CONGRESISTA,FRANCISCO AMADOR,MERINO REYNA MENESES,2003 - 2006,ACCION POPULAR,2003,2006,REGIDOR(A) DISTRITAL
FUERZA POPULAR,CONGRESISTA,FRANCISCO JAVIER,VILLAVICENCIO CARDENAS,REGIONAL,PERU POSIBLE ,2003,2006,CONSEJERO REGIONAL
FUERZA POPULAR,CONGRESISTA,FREDDY FERNANDO,SARMIENTO BETANCOURT ,Elecciones Generales 2011,Fuerza 2011,2011,2016,CONGRESISTA
FUERZA POPULAR,CONGRESISTA,GABINO HUGO,ROSAS LOPEZ ,2010,FUERZA POPULAR,2014,2014,REGIDOR(A) PROVINCIAL
FUERZA POPULAR,CONGRESISTA,GIAN CARLO,VACCHELLI CORBETTO ,2011,FUERZA 2011,2011,Actualidad,CONGRESISTA
FUERZA POPULAR,CONGRESISTA,GILMER,TRUJILLO ZEGARRA ,ELECCIONES MUNICIPALES 1995,FRENTE INDEPENDIENTE SOLIDARIDAD UCHICINA,1996,1998,REGIDOR(A) DISTRITAL
FUERZA POPULAR,CONGRESISTA,HECTOR VIRGILIO,BECERRIL RODRIGUEZ,ELECCIONES GENERALES AÑO 2011,FUERZA 2011,2011,Actualidad,CONGRESISTA
FUERZA POPULAR,CONGRESISTA,JOSE LUIS,ESPICHAN PEREZ,ELECCIONES REGIONALES Y MUNICIPALES 2006,PARTIDO APRISTA PERUANO,2007,2010,REGIDOR(A) DISTRITAL
FUERZA POPULAR,CONGRESISTA,JOSE LUIS,ESPICHAN PEREZ,ELECCIONES REGIONALES Y MUNICIPALES 2014,SOLIDARIDAD NACIONAL,2015,Actualidad,REGIDOR(A) DISTRITAL
FUERZA POPULAR,CONGRESISTA,JOSE MARVIN,PALMA MENDOZA,ELECCIONES MUNICIPALES Y REGIONALES 2014,ALIANZA PARA EL PROGRESO ,2015,Actualidad,REGIDOR(A) DISTRITAL
FUERZA POPULAR,CONGRESISTA,JUAN CARLOS,DEL AGUILA CARDENAS ,2002,PARTIDO APRISTA PERUANO,2003,2006,ALCALDE(SA) PROVINCIAL
FUERZA POPULAR,CONGRESISTA,KARINA JULIZA,BETETA RUBIN,2011,FUERZA 2011,2015,Actualidad,CONGRESISTA
FUERZA POPULAR,CONGRESISTA,KARINA JULIZA,BETETA RUBIN,2006,UNIÓN POR EL PERÚ,2006,2011,CONGRESISTA
FUERZA POPULAR,CONGRESISTA,KARLA MELISSA,SCHAEFER CUCULIZA ,ELECCIONES GENERALES 2011,FUERZA 2011,2011,2016,CONGRESISTA
FUERZA POPULAR,CONGRESISTA,KENJI GERARDO,FUJIMORI HIGUCHI ,2011,FUERZA 2011,2011,2016,CONGRESISTA
FUERZA POPULAR,CONGRESISTA,LEYLA FELICITA,CHIHUAN RAMOS,ELECCIONES GENERALES 2011,FUERZA 2011,2011,2016,CONGRESISTA
FUERZA POPULAR,CONGRESISTA,LUCIO,AVILA ROJAS ,Elecciones Regionales y Municipales 1995,Vamos Vecino,1996,1998,REGIDOR(A) PROVINCIAL
FUERZA POPULAR,CONGRESISTA,LUIS FERNANDO,GALARRETA VELARDE,ELECCIONES REGIONALES Y MUNICIPALES 2002,ALIANZA UNIDAD NACIONAL,2003,2006,REGIDOR(A) PROVINCIAL
FUERZA POPULAR,CONGRESISTA,LUIS FERNANDO,GALARRETA VELARDE,ELECCIONES GENERALES 2011,ALIANZA POR EL GRAN CAMBIO,2011,2016,CONGRESISTA
FUERZA POPULAR,CONGRESISTA,LUIS FERNANDO,GALARRETA VELARDE,ELECCIONES GENERALES 2006,ALIANZA UNIDAD NACIONAL,2006,2011,CONGRESISTA
FUERZA POPULAR,CONGRESISTA,LUZ FILOMENA,SALGADO RUBIANES ,ELECCIONES GENERALES 2011,FUERZA 2011,2011,Actualidad,CONGRESISTA
FUERZA POPULAR,CONGRESISTA,LUZ FILOMENA,SALGADO RUBIANES ,ELECCIONES GENERALES 2001,ALIANZA ELECTORAL CAMBIO 90 NUEVA MAYORIA,2001,2001,CONGRESISTA
FUERZA POPULAR,CONGRESISTA,LUZ FILOMENA,SALGADO RUBIANES ,ELECCIONES GENERALES 1995,ALIANZA ELECTORAL CAMBIO 90 NUEVA MAYORIA,1995,2000,CONGRESISTA
FUERZA POPULAR,CONGRESISTA,LUZ FILOMENA,SALGADO RUBIANES ,ELECCIONES GENERALES 2000,ALIANZA ELECTORAL PERU 2000,2000,2001,CONGRESISTA
FUERZA POPULAR,CONGRESISTA,MARCO ENRIQUE,MIYASHIRO ARASHIRO,ELECCIONES REGIONALES Y MUNICIPALES 2014,FUERZA POPULAR,2015,Actualidad,REGIDOR(A) PROVINCIAL
FUERZA POPULAR,CONGRESISTA,MARIA ELIZABETH,VILLAVICENCIO VALLE,2006,Proyecto Integracionista de Comunidades Organizadas ,2007,2010,CONSEJERO REGIONAL
FUERZA POPULAR,CONGRESISTA,MARIA LOURDES PIA LUISA,ALCORTA SUERO,2006-2011,UNIDAD NACIONAL ,2006,2011,CONGRESISTA
FUERZA POPULAR,CONGRESISTA,MARIA LOURDES PIA LUISA,ALCORTA SUERO,2011-2016,INVITADA  POR PPK - ALIANZA POR EL GRAN CAMBIO,2011,Actualidad,CONGRESISTA
FUERZA POPULAR,CONGRESISTA,MARIA LOURDES PIA LUISA,ALCORTA SUERO,2003-2006,UNIDAD NACIONAL ,2003,2006,REGIDOR(A) DISTRITAL
FUERZA POPULAR,CONGRESISTA,MARTIRES,LIZANA SANTOS ,Elecciones Comunal,Lista Verde Caña,1999,2002,ALCALDE(SA) DE CENTRO POBLADO
FUERZA POPULAR,CONGRESISTA,MARTIRES,LIZANA SANTOS ,Elecciones Regionales y Municipal 2006,Movimiento Independiente Frente de Unidad Campesina,2007,2010,ALCALDE(SA) DISTRITAL
FUERZA POPULAR,CONGRESISTA,MARTIRES,LIZANA SANTOS ,Elección Comunal,Lista Roja,1996,1999,REGISDOR(A) DE CENTRO POBLADO
FUERZA POPULAR,CONGRESISTA,MARTIRES,LIZANA SANTOS ,Elecciones Regionales y Municipales 2010,Movimiento Independiente Fuerza Regional,2011,2014,ALCALDE(SA) DISTRITAL
FUERZA POPULAR,CONGRESISTA,MARTIRES,LIZANA SANTOS ,Elecciones Regionales y Municipales  2002,Movimiento Independiente Desarrollemos el Campo y la Ciudad,2002,2006,REGIDOR(A) DISTRITAL
FUERZA POPULAR,CONGRESISTA,MIKY JOAQUIN,DIPAS HUAMAN ,2002,Juntos por el Progreso,2003,2006,ALCALDE(SA) DISTRITAL
FUERZA POPULAR,CONGRESISTA,MIKY JOAQUIN,DIPAS HUAMAN ,2006,Unión por el Perú,2007,2010,ALCALDE(SA) DISTRITAL
FUERZA POPULAR,CONGRESISTA,NELIDA,CALVO NANTIP,ELECCIONES REGIONALES Y MUNICIPALES 2010,SURGE AMAZONAS,2011,2014,CONSEJERO REGIONAL
FUERZA POPULAR,CONGRESISTA,NELLY LADY,CUADROS CANDIA ,2010,SOMOS PERU,2010,2014,REGIDOR(A) DISTRITAL
FUERZA POPULAR,CONGRESISTA,OCTAVIO EDILBERTO,SALAZAR MIRANDA ,ELECCIONES GENERALES 2011,FUERZA 2011,2011,Actualidad,CONGRESISTA
FUERZA POPULAR,CONGRESISTA,OSWALDO,LUIZAR OBREGON ,2006,UPP,2006,2011,CONGRESISTA
FUERZA POPULAR,CONGRESISTA,PATRICIA ELIZABETH,DONAYRE PASQUEL ,Elecciones Generales 2000,Frente Independiente Moralizador,2000,2001,CONGRESISTA
FUERZA POPULAR,CONGRESISTA,PERCY ELOY,ALCALA MATEO,2006,ARRIBA CAÑETE,2007,2011,REGIDOR(A) DISTRITAL
FUERZA POPULAR,CONGRESISTA,PERCY ELOY,ALCALA MATEO,1993,ACCIÓN POPULAR,1993,1995,REGIDOR(A) DISTRITAL
FUERZA POPULAR,CONGRESISTA,PERCY ELOY,ALCALA MATEO,1995,ACCIÓN POPULAR,1996,1999,REGIDOR(A) DISTRITAL
FUERZA POPULAR,CONGRESISTA,RAMIRO,GUZMAN IBAÑEZ ,2010,"Movimiento Regional ""Ayni""",2011,2014,ALCALDE(SA) PROVINCIAL
FUERZA POPULAR,CONGRESISTA,RAMIRO,GUZMAN IBAÑEZ ,1995,Movimiento Provincial Unira,1996,1998,REGIDOR(A) PROVINCIAL
FUERZA POPULAR,CONGRESISTA,ROLANDO,REATEGUI FLORES ,ELECCIONES MUNICIPALES 1995,MOVIMIENTO INDEPENDIENTE IDEAS,1996,1998,ALCALDE(SA) PROVINCIAL
FUERZA POPULAR,CONGRESISTA,ROLANDO,REATEGUI FLORES ,ELECCIONES GENERALES 2006,ALIANZA POR EL FUTURO,2006,2011,CONGRESISTA
FUERZA POPULAR,CONGRESISTA,ROLANDO,REATEGUI FLORES ,ELECCIONES GENERALES 2000,VAMOS VECINO,2000,2001,CONGRESISTA
FUERZA POPULAR,CONGRESISTA,ROLANDO,REATEGUI FLORES ,ELECCIONES GENERALES 2011,FUERZA 2011,2011,2016,CONGRESISTA
FUERZA POPULAR,CONGRESISTA,ROSA MARIA,BARTRA BARRIGA ,ELECCIONES REGIONALES Y MUNICIPALES,MIR RIO SANTA CAUDALOSO,2007,2010,REGIDOR(A) DISTRITAL
FUERZA POPULAR,CONGRESISTA,SEGUNDO LEOCADIO,TAPIA BERNAL ,ELECCIONES GENERALES 2011-2016,FUERZA 2011,2011,2016,CONGRESISTA
FUERZA POPULAR,CONGRESISTA,VICTOR AUGUSTO,ALBRECHT RODRIGUEZ ,2007-2010,CHIM PUM CALLAO,2010,2010,GOBERNADOR(A) REGIONAL
FUERZA POPULAR,CONGRESISTA,VICTOR AUGUSTO,ALBRECHT RODRIGUEZ ,ELECCIONES MUNICIPALES 1998,CHIM PUM CALLAO,1998,2001,ALCALDE(SA) DISTRITAL
FUERZA POPULAR,CONGRESISTA,VICTOR AUGUSTO,ALBRECHT RODRIGUEZ ,ELECCIONES REGIONALES Y MUNICIPALES 2006,CHIM PUM CALLAO ,2007,2010,VICEGOBERNADOR(A) REGIONAL
FUERZA POPULAR,CONGRESISTA,WUILIAN ALFONSO,MONTEROLA ABREGU ,2011,PERU POSIBLE ,2011,Actualidad,CONGRESISTA
FUERZA POPULAR,PRESIDENTE DE LA REPUBLICA,KEIKO SOFIA,FUJIMORI HIGUCHI,Elecciones 2006,Alianza para el Futuro,2006,2011,CONGRESISTA
FUERZA POPULAR,PRIMER VICEPRESIDENTE DE LA REPUBLICA,JOSE,CHLIMPER ACKERMAN,Elecciones Municipales de Lima 1995,Cambio 90 - Nueva Mayoría,1996,1998,REGIDOR(A) PROVINCIAL
FUERZA POPULAR,SEGUNDO VICEPRESIDENTE DE LA REPUBLICA,VLADIMIRO,HUAROC PORTOCARRERO,Elecciones 2006,Convergencia Regional Descentralista - CONREDES,2007,2010,GOBERNADOR(A) REGIONAL
PARTIDO HUMANISTA PERUANO,CONGRESISTA,ALCIBIADES,PINTO MELENDEZ,elecciones municipales,Izquierda Revolucionaria Apurimac,1991,1993,REGIDOR(A) PROVINCIAL
PARTIDO HUMANISTA PERUANO,CONGRESISTA,ALCIBIADES,PINTO MELENDEZ,elecciones municipales,Izquierda Revolucionaria Apurimac,1988,1990,REGIDOR(A) PROVINCIAL
PARTIDO HUMANISTA PERUANO,CONGRESISTA,CESAR,CAMPOS RODRIGUEZ,1990,Organizaciones Economicas,1990,1992,CONSEJERO REGIONAL
PARTIDO HUMANISTA PERUANO,CONGRESISTA,EDWIN ALFONSO,ESPINOZA CHAVEZ,2013,PARTIDO HUMANISTA PERUANO,2014,2014,REGIDOR(A) PROVINCIAL
PARTIDO HUMANISTA PERUANO,CONGRESISTA,JAIME FELIX,ESCUDERO MENDOZA,2002,PERU POSIBLE,2002,2002,ALCALDE(SA) PROVINCIAL
PARTIDO HUMANISTA PERUANO,CONGRESISTA,JAIME FELIX,ESCUDERO MENDOZA,1993,LIBERTAD,1993,1993,ALCALDE(SA) PROVINCIAL
PARTIDO HUMANISTA PERUANO,CONGRESISTA,JAIME FELIX,ESCUDERO MENDOZA,1995,CODE PAIS POSIBLE,1995,1995,CONGRESISTA
PARTIDO HUMANISTA PERUANO,CONGRESISTA,JAVIER FERNANDO,ARCE ALVARADO,1996-1998,Frente Santa Rosa 2000,1996,1998,REGIDOR(A) DISTRITAL
PARTIDO HUMANISTA PERUANO,CONGRESISTA,JOSE ANTONIO,BAFFIGO TORRE,1990-1992,Cambio 90,1990,1992,CONGRESISTA
PARTIDO HUMANISTA PERUANO,CONGRESISTA,JYOMAR YUNIOR,FAUSTINO TOLENTINO,ELECCIONES REGIONALES Y MUNICIPALES 2002,PARTIDO POLÍTICO PRIMERO PERÚ,2003,2006,ALCALDE(SA) DISTRITAL
PARTIDO HUMANISTA PERUANO,CONGRESISTA,LEONEL MILTON,FALCON GUERRA,1983,IZQUIERDA UNIDA,1983,1986,REGIDOR(A) DISTRITAL
PARTIDO HUMANISTA PERUANO,CONGRESISTA,LUIS BELTRAN,ARONES HUALLANCA,2002,Partido Perú Posible,2003,2006,REGIDOR(A) DISTRITAL
PARTIDO HUMANISTA PERUANO,CONGRESISTA,ROSA DELSA,MAVILA LEON,Elecciones Generales 2011,GANA PERÚ,2011,2016,CONGRESISTA
PARTIDO HUMANISTA PERUANO,PRESIDENTE DE LA REPUBLICA,YEHUDE,SIMON MUNARO,Elecciones Nacionales ,Alianza por el Gran cambio,2011,2012,CONGRESISTA
PARTIDO HUMANISTA PERUANO,PRESIDENTE DE LA REPUBLICA,YEHUDE,SIMON MUNARO,Elecciones Regionales,Movimiento Humanista Peruano,2006,2008,GOBERNADOR(A) REGIONAL
PARTIDO HUMANISTA PERUANO,PRESIDENTE DE LA REPUBLICA,YEHUDE,SIMON MUNARO,Elecciones Nacionales,UPP,2003,2006,GOBERNADOR(A) REGIONAL
PARTIDO HUMANISTA PERUANO,PRESIDENTE DE LA REPUBLICA,YEHUDE,SIMON MUNARO,Elecciones Nacionales,Izquierda Unida,1985,1990,CONGRESISTA
PARTIDO HUMANISTA PERUANO,PRIMER VICEPRESIDENTE DE LA REPUBLICA,ROSA DELSA,MAVILA LEON,Elecciones Generales 2011,GANA PERÚ,2011,2016,CONGRESISTA
PARTIDO NACIONALISTA PERUANO,CONGRESISTA,ALFREDO,RENGIFO NAVARRETE,1998,RECONSTRUCCIÓN Y DESARROLLO,1999,2002,ALCALDE(SA) DISTRITAL
PARTIDO NACIONALISTA PERUANO,CONGRESISTA,ANA MARIA,SOLORZANO FLORES ,ELECCIONES GENERALES 2011,GANA PERU,2011,2016,CONGRESISTA
PARTIDO NACIONALISTA PERUANO,CONGRESISTA,JOHNNY,CARDENAS CERRON,2011,PARTIDO NACIONALISTA PERUANO,2011,2016,CONGRESISTA
PARTIDO NACIONALISTA PERUANO,CONGRESISTA,LEONIDAS,HUAYAMA NEIRA,2011,PARTIDO NACIONALISTA - GANA PERU,2011,2016,CONGRESISTA
PARTIDO NACIONALISTA PERUANO,CONGRESISTA,TOMAS MARTIN,ZAMUDIO BRICEÑO,ELECCIONES  GENERALES 2011,PARTIDO NACIONALISTA PERUANO,2011,2016,CONGRESISTA
PARTIDO NACIONALISTA PERUANO,CONGRESISTA,TOMAS MARTIN,ZAMUDIO BRICEÑO,ELECCIONES MUNICIPALES,IZQUIERDA UNIDA,1987,1990,REGIDOR(A) PROVINCIAL
PARTIDO NACIONALISTA PERUANO,CONGRESISTA,TOMAS MARTIN,ZAMUDIO BRICEÑO,ELECCIONES GENERALES 2006,UPP - PARTIDO NACIONALISTA PERUANO,2010,2011,CONGRESISTA
PARTIDO POLITICO ORDEN,CONGRESISTA,DIOGENES AMARANTE,JUAREZ CAMPOS,ELECCIONES MUNICIPALES Y REGIONALES,PARTIDO APRISTA PERUANO,1990,1992,ALCALDE(SA) PROVINCIAL
PARTIDO POLITICO ORDEN,CONGRESISTA,ENITH SADITH,CHUQUIVAL SAAVEDRA,Elecciones Generales,Perú Posible,2001,2006,CONGRESISTA
PARTIDO POLITICO ORDEN,CONGRESISTA,JOSE LUIS,RISCO MONTALVAN,2001,UNIDAD NACIONAL,2001,2006,CONGRESISTA
PARTIDO POLITICO ORDEN,CONGRESISTA,JOSE LUIS,RISCO MONTALVAN,2001,UNIDAD NACIONAL,2001,2006,CONGRESISTA
PARTIDO POLITICO ORDEN,CONGRESISTA,JOSE LUIS,RISCO MONTALVAN,2001,UNIDAD NACIONAL,2001,2006,CONGRESISTA
PARTIDO POLITICO ORDEN,CONGRESISTA,JUAN BENITO,VALENCIA VARGAS,Elecciones Municipales Distrital,Partido Popular Cristiano,2007,2010,REGIDOR(A) DISTRITAL
PARTIDO POLITICO ORDEN,CONGRESISTA,ROMULO,MUCHO MAMANI,ELECCIONES GENERALES 2000,PERU POSIBLE,2000,2001,CONGRESISTA
PARTIDO POLITICO ORDEN,PRESIDENTE DE LA REPUBLICA,ANTERO,FLORES ARAOZ ESPARZA,1992,Partido Popular Cristiano -PPC,1992,1995,CONGRESISTA
PARTIDO POLITICO ORDEN,PRESIDENTE DE LA REPUBLICA,ANTERO,FLORES ARAOZ ESPARZA,1995,Partido Popular Cristiano -PPC,1995,2000,CONGRESISTA
PARTIDO POLITICO ORDEN,PRESIDENTE DE LA REPUBLICA,ANTERO,FLORES ARAOZ ESPARZA,2000,Perú Posible  (acuerdo con PPC),2000,2001,CONGRESISTA
PARTIDO POLITICO ORDEN,PRESIDENTE DE LA REPUBLICA,ANTERO,FLORES ARAOZ ESPARZA,2001,Unidad Nacional -PPC,2001,2006,CONGRESISTA
PARTIDO POLITICO ORDEN,PRIMER VICEPRESIDENTE DE LA REPUBLICA,ROMULO,MUCHO MAMANI,ELECCIONES GENERALES 2000,PERU POSIBLE,2000,2001,CONGRESISTA
PERU LIBERTARIO,CONGRESISTA,ALFREDO,PARIONA SINCHE,2006,MOVIMIENTO REGIONAL PICO,2007,2010,REGIDOR(A) DISTRITAL
PERU LIBERTARIO,CONGRESISTA,ALFREDO,PARIONA SINCHE,1998,AHORA PERU,1999,2002,REGIDOR(A) DISTRITAL
PERU LIBERTARIO,CONGRESISTA,ELENA ELIZABETH,POMACHE LEON,ELECCIONES MUNICIPALES,FRENTE TACNEÑISTA,2003,2006,REGIDOR(A) DISTRITAL
PERU LIBERTARIO,CONGRESISTA,GUSTAVO DACIO,ESPINOZA SOTO,2006,UNION POR EL PERU,2006,2009,CONGRESISTA
PERU LIBERTARIO,CONGRESISTA,ROGER,NAJAR KOKALLY,ELECCIONES GENERALES,UPP,2006,2011,CONGRESISTA
PERU LIBERTARIO,CONGRESISTA,WENCESLAO,HOLGUIN CUTE,CONSEJREO REGIONAL ,FIM,2003,2006,CONSEJERO REGIONAL
PERU LIBERTARIO,CONGRESISTA,WILSON FREDY,BARRANTES MENDOZA,ELECCIONES GENERALES 2011,JUSTICIA TEGNOLOGIA ECOLOGICA (JUSTE),2010,2011,ALCALDE(SA) DISTRITAL
PERU LIBERTARIO,PRESIDENTE DE LA REPUBLICA,VLADIMIR ROY,CERRON ROJAS,2010,MOVIMIENTO REGIONAL PERU LIBRE,2011,2014,GOBERNADOR(A) REGIONAL
PERU NACION,CONGRESISTA,JAVIER OTONIEL,PARDO NIMA,2011 ,Alianza por el gran cambio,2011,Actualidad,PARLAMENTARIO(A) ANDINO(A)
PERU NACION,CONGRESISTA,MOISES,ARISTA ESTACIO,2003,Movimiento Independiente Luchemos por Huanuco,2003,2006,CONSEJERO REGIONAL
PERU NACION,PRESIDENTE DE LA REPUBLICA,FRANCISCO ERNESTO,DIEZ-CANSECO TÁVARA,1985,Movimiento de Bases Hayistas,1985,1990,DIPUTADO(A)
PERU PATRIA SEGURA,CONGRESISTA,FERNANDO VICTOR,MACEDO MERCADO,-,M.I. JUNTOS POR EL DESARROLLO,1997,1998,REGIDOR(A) PROVINCIAL
PERU PATRIA SEGURA,CONGRESISTA,FERNANDO VICTOR,MACEDO MERCADO,1996-1998,M.I. JUNTOS PARA EL DESARROLLO,1997,1998,REGIDOR(A) PROVINCIAL
PERU PATRIA SEGURA,CONGRESISTA,LUIS ALBERTO,AYAUJA MALLMA,2011,FREPROI,2011,2014,REGIDOR(A) DISTRITAL
PERU PATRIA SEGURA,CONGRESISTA,RAUL ANDRES,POMA PALACIOS,Elecciones Regionales 1989,Fredemo,1990,1990,CONSEJERO REGIONAL
PERU PATRIA SEGURA,CONGRESISTA,TILER NIRO,MANRIQUE PRADO,PROCESO ELECTORAL MUNICIPAL,PARTIDO POPULAR CRISTIANO,2003,2006,ALCALDE(SA) DISTRITAL
PERU POSIBLE,CONGRESISTA,ANDRE XAVIER ANTONIO,ROMERO SANCHEZ,REVOCATORIA,PERÚ POSIBLE,2013,2013,REGIDOR(A) PROVINCIAL
PERU POSIBLE,CONGRESISTA,CIRO JERSY,CANCHUMANI SALOME,2010,MOVIMIENTO JUNIN SOSTENIBLE,2014,2014,REGIDOR(A) PROVINCIAL
PERU POSIBLE,CONGRESISTA,DALMACIO MODESTO,JULCA JARA ,ELECCIONES 2011,PERU POSIBLE,2011,2016,CONGRESISTA
PERU POSIBLE,CONGRESISTA,EDUARDO,SALHUANA CAVIDES,ELECCIONES GENERALES,RENACIMIENTO ANDINO,2001,2006,CONGRESISTA
PERU POSIBLE,CONGRESISTA,EDUARDO,SALHUANA CAVIDES,ELECCIONES CONGRESALES,IZQUIERDA UNIDAD,1990,1992,DIPUTADO(A)
PERU POSIBLE,CONGRESISTA,HILLMER HUMBERTO,REYES MURILLO,NUEVAS ELECCIONES LIMA 2013,PERÚ POSIBLE,2014,2014,REGIDOR(A) PROVINCIAL
PERU POSIBLE,CONGRESISTA,JESUS ALFREDO,TOVAR NOROÑA ,2010,PERU POSIBLE,2011,2014,REGIDOR(A) DISTRITAL
PERU POSIBLE,CONGRESISTA,JESUS ALFREDO,TOVAR NOROÑA ,2014,PERU POSIBLE,2015,Actualidad,REGIDOR(A) DISTRITAL
PERU POSIBLE,CONGRESISTA,JUAN DE DIOS,RAMIREZ CANCHARI,2001,PERÚ POSIBLE,2001,2006,CONGRESISTA
PERU POSIBLE,CONGRESISTA,JUAN DE DIOS,RAMIREZ CANCHARI,2000,PERÚ POSIBLE,2000,2001,CONGRESISTA
PERU POSIBLE,CONGRESISTA,MARIA DEL CARMEN,OMONTE DURAND,2011,Alianza Electoral Perú Posible,2011,2016,CONGRESISTA
PERU POSIBLE,CONGRESISTA,ODILON,SILVA LEON,1992,FOCEP,1993,1995,REGIDOR(A) PROVINCIAL
PERU POSIBLE,CONGRESISTA,OSCAR ROLANDO,MORALES VEGA ,1985,PARTIDO APRISTA PERUANO,1985,1990,CONGRESISTA
PERU POSIBLE,CONGRESISTA,PEDRO HECTOR,PARCO ESPINOZA,1995,MOVIMIENTO INDEPENDIENTE PERU PROFUNDO,1996,1998,REGIDOR(A) DISTRITAL
PERU POSIBLE,CONGRESISTA,RENNAN SAMUEL,ESPINOZA ROSALES ,2002,PERU POSIBLE,2003,2006,ALCALDE(SA) DISTRITAL
PERU POSIBLE,CONGRESISTA,RENNAN SAMUEL,ESPINOZA ROSALES ,2006,PERU POSIBLE,2007,2010,ALCALDE(SA) DISTRITAL
PERU POSIBLE,CONGRESISTA,RENNAN SAMUEL,ESPINOZA ROSALES ,2011,PERU POSIBLE,2011,2016,CONGRESISTA
PERU POSIBLE,CONGRESISTA,SILVIA,BARRERA VASQUEZ ,ELECCIONES 2010,PERU POSIBLE,2011,2014,ALCALDE(SA) DISTRITAL
PERU POSIBLE,CONGRESISTA,SILVIA,BARRERA VASQUEZ ,2006,RESTAURACION NACIONAL,2007,2010,REGIDOR(A) DISTRITAL
PERU POSIBLE,PRESIDENTE DE LA REPUBLICA,ALEJANDRO,TOLEDO MANRIQUE,2001,Peru Posible,2001,2006,PRESIDENTE(A)
PERU POSIBLE,PRIMER VICEPRESIDENTE DE LA REPUBLICA,FERNANDO MARCIAL,AYAIPOMA ALVARADO,2000,Partido Político Perú Posible,2000,2001,CONGRESISTA
PERU POSIBLE,PRIMER VICEPRESIDENTE DE LA REPUBLICA,FERNANDO MARCIAL,AYAIPOMA ALVARADO,2001,Partido Politico Peru Posible,2001,2006,CONGRESISTA
PERU POSIBLE,SEGUNDO VICEPRESIDENTE DE LA REPUBLICA,MARIA DEL CARMEN,OMONTE DURAND,2011,Alianza Electoral Perú Posible,2011,2016,CONGRESISTA
PERUANOS POR EL KAMBIO,CONGRESISTA,AUGUSTO,SIPION BARRIOS,ELECCION MUNICIPAL 2002,MOV. INDEP. SANTA ROSA SIEMPRE CONTIGO,2003,2006,ALCALDE(SA) DISTRITAL
PERUANOS POR EL KAMBIO,CONGRESISTA,AUGUSTO,SIPION BARRIOS,ELECCION MUNICIPAL 1998,MOV. INDEP. ADELANTE CHICLAYO,1999,2002,REGIDOR(A) DISTRITAL
PERUANOS POR EL KAMBIO,CONGRESISTA,CARLOS RICARDO,BRUCE MONTES DE OCA,2011,PERU POSIBLE,2011,2016,CONGRESISTA
PERUANOS POR EL KAMBIO,CONGRESISTA,CARLOS RICARDO,BRUCE MONTES DE OCA,2006,PERU POSIBLE,2006,2011,CONGRESISTA
PERUANOS POR EL KAMBIO,CONGRESISTA,CARMEN,CHIROQUE PAICO,ELECCIONES MUNICIPALES 2006,MOVIMIENTO REGIONAL TODOS POR TUMBES,2007,2010,ALCALDE(SA) DISTRITAL
PERUANOS POR EL KAMBIO,CONGRESISTA,CARMEN ROSA,NUÑEZ CAMPOS,ELECCIONES GENERALES (ACCESITARIA),ALIANZA SOLIDARIDAD NACIONAL,2014,2016,CONGRESISTA
PERUANOS POR EL KAMBIO,CONGRESISTA,CECILIA ROXANA,TAIT VILLACORTA,2001-2006,PERU POSIBLE,2001,2006,CONGRESISTA
PERUANOS POR EL KAMBIO,CONGRESISTA,CECILIA ROXANA,TAIT VILLACORTA,2000- 2001,PERU POSIBLE,2000,2001,CONGRESISTA
PERUANOS POR EL KAMBIO,CONGRESISTA,CECILIA ROXANA,TAIT VILLACORTA,2011- 2016,PERU POSIBLE,2011,Actualidad,CONGRESISTA
PERUANOS POR EL KAMBIO,CONGRESISTA,CECILIA ROXANA,TAIT VILLACORTA,ELECCION MUNICIPAL 1998,VAMOS VECINO,1999,2000,REGIDOR(A) DISTRITAL
PERUANOS POR EL KAMBIO,CONGRESISTA,CELINA,PALOMINO SULCA,ELECCIONES GENERALES 2001,PERU POSIBLE,2001,2006,CONGRESISTA
PERUANOS POR EL KAMBIO,CONGRESISTA,DONATO,DIAZ AYALA,2007-2010,SIEMPRE UNIDOS,2007,2010,REGIDOR(A) DISTRITAL
PERUANOS POR EL KAMBIO,CONGRESISTA,DONATO,DIAZ AYALA,2011-2014,SIEMPRE UNIDOS,2011,2014,REGIDOR(A) DISTRITAL
PERUANOS POR EL KAMBIO,CONGRESISTA,EDGAR DAVID,VILLANUEVA NUÑEZ,ELECCIONES MUNICIPALES 1999,MOVIMIENTO REGIONAL TODAS LAS SANGRES,1999,2001,ALCALDE(SA) PROVINCIAL
PERUANOS POR EL KAMBIO,CONGRESISTA,EDGAR DAVID,VILLANUEVA NUÑEZ,ELECCIONES GENERALES 2001,PERU POSIBLE,2001,2006,CONGRESISTA
PERUANOS POR EL KAMBIO,CONGRESISTA,EDGAR DAVID,VILLANUEVA NUÑEZ,ELLECIONES 1996,MOVIMIENTO REGIONAL TODAS LAS SANGRES,1996,1998,ALCALDE(SA) PROVINCIAL
PERUANOS POR EL KAMBIO,CONGRESISTA,EDUARDO,GUEVARA CAMARA,MUNICIPAL 1995,MOVIMIENTO INDEPENDIENTE ,1996,1999,ALCALDE(SA) PROVINCIAL
PERUANOS POR EL KAMBIO,CONGRESISTA,EDUARDO,GUEVARA CAMARA,MUNICIPAL 2002,MOVIMIENTO INDEPENDIENTE,2003,2006,ALCALDE(SA) PROVINCIAL
PERUANOS POR EL KAMBIO,CONGRESISTA,EDUARDO,GUEVARA CAMARA,REGIONALES 1989,APRA-INVITADO,1990,1992,DIPUTADO(A)
PERUANOS POR EL KAMBIO,CONGRESISTA,EDUARDO,ESPINOZA RAMOS,ELECCIONES GENERALES 2006,UNIÓN POR EL PERU,2006,2011,CONGRESISTA
PERUANOS POR EL KAMBIO,CONGRESISTA,EDUARDO,GUEVARA CAMARA,MUNICIPAL 1992,MOVIMIENTO INDEPENDIENTE,1993,1995,ALCALDE(SA) PROVINCIAL
PERUANOS POR EL KAMBIO,CONGRESISTA,GINO FRANCISCO,COSTA SANTOLALLA,2014,SOMOS PERU,2015,Actualidad,REGIDOR(A) DISTRITAL
PERUANOS POR EL KAMBIO,CONGRESISTA,GLADYS SOFIA,RODRIGUEZ ASPAJO,ELECCIONES MUNICIPALES 2014,ALIANZA PARA EL PROGRESO,2015,Actualidad,REGIDOR(A) PROVINCIAL
PERUANOS POR EL KAMBIO,CONGRESISTA,GUIDO RICARDO,LOMBARDI ELIAS,Elecciones generales 2006,Unidad Nacional,2006,2011,CONGRESISTA
PERUANOS POR EL KAMBIO,CONGRESISTA,HECTOR HUGO,CHAVEZ CHUCHON,ELECCIONES 2001,UNIDAD NACIONAL,2001,2006,CONGRESISTA
PERUANOS POR EL KAMBIO,CONGRESISTA,ISAAC ERNESTO,MOLINA CHAVEZ,2006,MOVIMIENTO INDEPENDIENTE INNOVACION REGIONAL,2007,2010,GOBERNADOR(A) REGIONAL
PERUANOS POR EL KAMBIO,CONGRESISTA,JAVIER FERNANDO MIGUEL,ATKINS LERGGIOS,ELECCIONES REGIONALES 2010,ALIANZA UNIDOS CONSTRUYENDO,2011,2014,GOBERNADOR(A) REGIONAL
PERUANOS POR EL KAMBIO,CONGRESISTA,JIMMY RENZO,OJEDA ARNICA,ELECCIONES 2010,AREQUIPA RENACE,2011,2014,REGIDOR(A) PROVINCIAL
PERUANOS POR EL KAMBIO,CONGRESISTA,JOSE LUIS,NOVOA FLORES,ELLECIONES 2002,ENERGIA COMUNAL AMAZONICA,2003,2004,ALCALDE(SA) PROVINCIAL
PERUANOS POR EL KAMBIO,CONGRESISTA,JOSE LUIS,NOVOA FLORES,ELECCIONES 1998,LA FUERZA DEL CAMBIO,1999,2002,ALCALDE(SA) PROVINCIAL
PERUANOS POR EL KAMBIO,CONGRESISTA,JOSE LUIS,HANCCO MAMANI,ELECIONES 1999,MOVIMIENTO INDEPENDIENTE VV,1999,2002,REGIDOR(A) PROVINCIAL
PERUANOS POR EL KAMBIO,CONGRESISTA,JOSE LUIS ANTONIO,MALAGA CUTIPE,PROCESO ELECTORAL 2010,RECUPEREMOS TACNA,2011,2014,ALCALDE(SA) PROVINCIAL
PERUANOS POR EL KAMBIO,CONGRESISTA,JOSE LUIS ANTONIO,MALAGA CUTIPE,ELECCIONES 1998,FUERZA Y DESARROLLO,1999,2002,ALCALDE(SA) DISTRITAL
PERUANOS POR EL KAMBIO,CONGRESISTA,JOSE LUIS ANTONIO,MALAGA CUTIPE,PROCESO ELECTORAL 2006,PERU POSIBLE,2007,2010,REGIDOR(A) PROVINCIAL
PERUANOS POR EL KAMBIO,CONGRESISTA,JOSE LUIS ANTONIO,MALAGA CUTIPE,PROCESO ELECTORAL 1992,MOVIMIENTO INDEPENDIENTE AGRARIO,1993,1995,REGIDOR(A) DISTRITAL
PERUANOS POR EL KAMBIO,CONGRESISTA,JUAN,CHANG TEMPLO,ELECCIONES MUNICIPALES 2011,MOVIMIENTO POLITICO INDEPENDIENTE EL JUANE,2011,2014,REGIDOR(A) PROVINCIAL
PERUANOS POR EL KAMBIO,CONGRESISTA,JUAN,CHANG TEMPLO,ELECCIONES MUNICIPALES 1996,MOV. IND. RENOVADOR MORALIZADOR-MIREMO,1996,1998,REGIDOR(A) PROVINCIAL
PERUANOS POR EL KAMBIO,CONGRESISTA,LIDIA GUMERCINDA,PRADO CARITAS,ELECCIONES 1995,MOVIMIENTO INDEPENDIENTE POR AYACUCHO,1996,1998,REGIDOR(A) PROVINCIAL
PERUANOS POR EL KAMBIO,CONGRESISTA,LUIS ALBERTO,BOCANGEL RAMIREZ,2006,RESTAURACION NACIONAL,2007,2010,ALCALDE(SA) PROVINCIAL
PERUANOS POR EL KAMBIO,CONGRESISTA,MARIO DELFIN,RIOS ESPINOZA,ELECCIONES GENERALES 2011,ALIANZA POR EL GRAN KAMBIO,2011,2012,CONGRESISTA
PERUANOS POR EL KAMBIO,CONGRESISTA,MARIO NEMECIO,MELO VILLALVA,ELECCIONES 2015,AREQUIPA RENACE,2015,Actualidad,REGIDOR(A) PROVINCIAL
PERUANOS POR EL KAMBIO,CONGRESISTA,MARIO NEMECIO,MELO VILLALVA,ELECCIONES 2011,AREQUIPA RENACE,2011,2014,REGIDOR(A) PROVINCIAL
PERUANOS POR EL KAMBIO,CONGRESISTA,MAURICIO,RODRIGUEZ RODRIGUEZ,ELECCIONES REGIONALES Y MUNICIPALES 2010,PROYECTO POLITICO AQUI,2011,2014,GOBERNADOR(A) REGIONAL
PERUANOS POR EL KAMBIO,CONGRESISTA,MAURO MAURICIO,VILA BEJARANO,ELECCIONES MUNICIPALES 1998,SOMOS PERU,1999,2002,ALCALDE(SA) DISTRITAL
PERUANOS POR EL KAMBIO,CONGRESISTA,MOISES BARTOLOME,GUIA PIANTO,1997,VAMOS VECINOS,1998,2002,REGIDOR(A) DISTRITAL
PERUANOS POR EL KAMBIO,CONGRESISTA,NIDIA ORFELINDA,PUELLES BECERRA ,ELECCIONES 2003,PERU POSIBLE,2003,2006,REGIDOR(A) PROVINCIAL
PERUANOS POR EL KAMBIO,CONGRESISTA,NILDA BEATRIZ,CCARITA QUEA,ELECCIONES 2014,PROYECTO DE LA INTEGRACION PARA LA COPERACION,2015,Actualidad,REGIDOR(A) PROVINCIAL
PERUANOS POR EL KAMBIO,CONGRESISTA,NOE,HERNANDEZ IZQUIERDO,ELECCIONES REGIONALES Y LOCALES 1995,CAMBIO DEMOCRATICO,1996,1998,ALCALDE(SA) PROVINCIAL
PERUANOS POR EL KAMBIO,CONGRESISTA,NOE,HERNANDEZ IZQUIERDO,ELECCIONES REGIONALES Y LOCALES 2002,FUERZA COMUNAL,2003,2006,ALCALDE(SA) PROVINCIAL
PERUANOS POR EL KAMBIO,CONGRESISTA,NOE,HERNANDEZ IZQUIERDO,ELECCIONES REGIONALES Y LOCALES 1998,VAMOS VECINO,1999,2002,ALCALDE(SA) PROVINCIAL
PERUANOS POR EL KAMBIO,CONGRESISTA,NORMA,BURGOS MONDRAGON,2010,ALIANZA REGIONAL JUNTOS POR AMAZONAS ,2013,2014,ALCALDE(SA) PROVINCIAL
PERUANOS POR EL KAMBIO,CONGRESISTA,NORMA,BURGOS MONDRAGON,2010,ALIANZA REGIONAL JUNTOS POR AMANAZONAS ,2011,2013,REGIDOR(A) PROVINCIAL
PERUANOS POR EL KAMBIO,CONGRESISTA,RAFAEL,VARGAS MALAGA,REGIONALES 2010,BANDERAS TACNEÑISTAS,2011,2014,CONSEJERO REGIONAL
PERUANOS POR EL KAMBIO,CONGRESISTA,ROSARIO ESTHER,NOVOA ESPINOZA,2006,UNIÓN POR EL PERÚ,2007,2010,REGIDOR(A) PROVINCIAL
PERUANOS POR EL KAMBIO,CONGRESISTA,SALEH CARLOS SALVADOR,HERESI CHICOMA,ELECCIONES MUNICIPALES 2006,UNIDAD NACIONAL,2007,2010,ALCALDE(SA) DISTRITAL
PERUANOS POR EL KAMBIO,CONGRESISTA,SALEH CARLOS SALVADOR,HERESI CHICOMA,ELECCIONES MUNICIPALES 1989,FREDEMO,1990,1993,REGIDOR(A) DISTRITAL
PERUANOS POR EL KAMBIO,CONGRESISTA,SALEH CARLOS SALVADOR,HERESI CHICOMA,ELECCIONES MUNICIPALES 2002,UNIDAD NACIONAL,2003,2006,ALCALDE(SA) DISTRITAL
PERUANOS POR EL KAMBIO,CONGRESISTA,SALEH CARLOS SALVADOR,HERESI CHICOMA,ELECCIONES MUNICIPALES 2010,CAMBIO RADICAL,2011,2014,ALCALDE(SA) DISTRITAL
PERUANOS POR EL KAMBIO,CONGRESISTA,SERGIO FRANCISCO FELIX,DAVILA VIZCARRA,ELECIONES 2006,MOV. REGIONAL AREQUIPA TRADICION Y FUTUTRO,2007,2010,ALCALDE(SA) PROVINCIAL
PERUANOS POR EL KAMBIO,CONGRESISTA,SERGIO FRANCISCO FELIX,DAVILA VIZCARRA,ELLECIONES 1986,UDECA,1987,1990,REGIDOR(A) PROVINCIAL
PERUANOS POR EL KAMBIO,CONGRESISTA,VICENTE ANTONIO,ZEBALLOS SALINAS,ELECCIONES GENERALES 2011,SOLIDARIDAD NACIONAL,2011,Actualidad,CONGRESISTA
PERUANOS POR EL KAMBIO,CONGRESISTA,VICENTE ANTONIO,ZEBALLOS SALINAS,PROCESO ELECTORAL 2003,COMPROMISO Y DESARROLLO,2003,2006,ALCALDE(SA) PROVINCIAL
PERUANOS POR EL KAMBIO,PRIMER VICEPRESIDENTE DE LA REPUBLICA,MARTIN ALBERTO,VIZCARRA CORNEJO,2010,Integración Regional por Ti,2011,2014,GOBERNADOR(A) REGIONAL
TODOS POR EL PERU,CONGRESISTA,ARTURO,CASTILLO CHIRINOS,Municipal 1992,Acción Popular,1993,1995,ALCALDE(SA) PROVINCIAL
TODOS POR EL PERU,CONGRESISTA,ARTURO,CASTILLO CHIRINOS,Municipal 1989,Frente Democrático (FREDEMO),1990,1992,ALCALDE(SA) PROVINCIAL
TODOS POR EL PERU,CONGRESISTA,ARTURO,CASTILLO CHIRINOS,Nacional 1995,Acción Popular,1995,2000,CONGRESISTA
TODOS POR EL PERU,CONGRESISTA,ARTURO,CASTILLO CHIRINOS,Municipal 2002,Acción Popular,2003,2006,ALCALDE(SA) PROVINCIAL
TODOS POR EL PERU,CONGRESISTA,CARLOS ANDRES,HUAMAN TOMECICH,Revocatoria Lima 2013,Acción Popular,2014,2014,REGIDOR(A) PROVINCIAL
TODOS POR EL PERU,CONGRESISTA,EDWIN ALFREDO,BUSTIOS SAAVEDRA,ELECCIONES MUNICIPALES 2006,QATUN TARPUY,2007,2010,ALCALDE(SA) PROVINCIAL
TODOS POR EL PERU,CONGRESISTA,EDWIN ALFREDO,BUSTIOS SAAVEDRA,ELECCIONES MUNICIPALES 2006,QATUN TARPUY,2007,2010,ALCALDE(SA) PROVINCIAL
TODOS POR EL PERU,CONGRESISTA,GONZALO GERMAN,AGUIRRE ARRIZ,2002,UNIDAD NACIONAL,2003,2006,REGIDOR(A) PROVINCIAL
TODOS POR EL PERU,CONGRESISTA,IRMA,PANDURO TORRES,2002,Partido Politico Perú Posible,2003,2006,REGIDOR(A) DISTRITAL
TODOS POR EL PERU,CONGRESISTA,LUIS ALBERTO,DIAZ MORALES,2002,UNIDAD NACIONAL,2003,2006,REGIDOR(A) PROVINCIAL
TODOS POR EL PERU,CONGRESISTA,LUIS GUILLERMO MARTIN,CASTRO PEREZ,ERM-2010,ACCION POPULAR,2011,2014,REGIDOR(A) DISTRITAL
TODOS POR EL PERU,CONGRESISTA,MANUEL,VILLALVA MORAN,.,FRENTE DE CENTRO,2006,2006,CONGRESISTA
TODOS POR EL PERU,CONGRESISTA,MARITZA,CHIROQUE SANDOVAL,2010,MOVIMIENTO REGIONAL UNIDOS CONSTRUYENDO,2011,2014,REGIDOR(A) PROVINCIAL
TODOS POR EL PERU,CONGRESISTA,SANDRA MARIA,GONZALES GOMEZ,2010,MOVIMIENTO REGIONAL INDEPENDIENTE UNIDOS VAMOS ADELANTE,2011,2014,REGIDOR(A) PROVINCIAL
