ORGANIZACION_POLITICA,CARGO_AUTORIDAD,NOMBRES,APELLIDOS,ORGANIZACION_POLITICA,ANIO_INICIO,ANIO_FINAL
ACCION POPULAR,CONGRESISTA,AMELIA HILDA,CELIS SOTO,CONCERTACION EN LA REGION PASCO,2004,2014
ACCION POPULAR,CONGRESISTA,AUGUSTO,REY HERNANDEZ DE AGUERO,PARTIDO DESCENTRALISTA FUERZA SOCIAL,2010,2011
ACCION POPULAR,CONGRESISTA,BALTAZAR,LANTARON NUÑEZ,ACCION POPULAR,2006,0
ACCION POPULAR,CONGRESISTA,BLANCA MARIA,ROCHA VDA DE JANZ,ACCION POPULAR,1967,1997
ACCION POPULAR,CONGRESISTA,CARLOS PEDRO,ORTIZ SEGURA,SIEMPRE UNIDOS,2005,2010
ACCION POPULAR,CONGRESISTA,CESAR AUGUSTO LFJP,MARMOL WITTGRUBER,PERU POSIBLE,2005,2005
ACCION POPULAR,CONGRESISTA,GLORIA ALBINA,ALVARADO ROMERO,PERU POSIBLE ,2005,2005
ACCION POPULAR,CONGRESISTA,IBO,URBIOLA SIERRA,PARTIDO APRISTA PERUANO,2008,2009
ACCION POPULAR,CONGRESISTA,JOSE HUGUIER,SANCHEZ CHAVEZ,PARTIDO APRISTA PERUANO,2008,2012
ACCION POPULAR,CONGRESISTA,JULIO,MORENO CARRASCO,MOVIMIENTO AMPLIO REGIONAL,2006,2010
ACCION POPULAR,CONGRESISTA,JULIO,MORENO CARRASCO,PERU POSIBLE ,2005,2007
ACCION POPULAR,CONGRESISTA,LUIS ANGEL,ARAGON CARREÑO,KAUSASHUN CUSCO,2014,2015
ACCION POPULAR,CONGRESISTA,NARDY ANGELICA,CARDAMA GONZALES ,ACCION POPULAR ,2004,2010
ACCION POPULAR,CONGRESISTA,NORMA JUDITH,TORRES LOZANO,Partido Humanista Peruano ,2005,2007
ACCION POPULAR,CONGRESISTA,SHEILLAH MARIA MILAGROS,MIÑANO BAUTISTA,MOVIMIENTO ARRIBA TACNA,2006,2009
ACCION POPULAR,CONGRESISTA,SHEILLAH MARIA MILAGROS,MIÑANO BAUTISTA,MOVIMIENTO CÍVICO PERUANO,2013,2015
ACCION POPULAR,CONGRESISTA,VICENTE ARMANDO,ROJAS CAPISTRANO ,CONCERTACION PARA EL DESARROLLO REGIONAL - LIMA,2010,2014
ACCION POPULAR,CONGRESISTA,VICTOR,LEON LEON,PARTIDO DEMOCRATICO SOMOS PERU,2014,2015
ACCION POPULAR,CONGRESISTA,VICTOR MANUEL,BELAUNDE GONZALES,SOMOS PERU,2009,2010
ACCION POPULAR,PRESIDENTE DE LA REPUBLICA,ISAAC ALFREDO,BARNECHEA GARCIA,PARTIDO APRISTA PERUANO,1979,1988
ALIANZA ELECTORAL SOLIDARIDAD NACIONAL - UPP,CONGRESISTA,AMERICO,CABECILLA GALVEZ,PARTIDO POLITICO PERU POSIBLE,2011,2014
ALIANZA ELECTORAL SOLIDARIDAD NACIONAL - UPP,CONGRESISTA,ARLES,OGOSI HUAMANI,Peru Posible (afiliación cancelada),2005,2008
ALIANZA ELECTORAL SOLIDARIDAD NACIONAL - UPP,CONGRESISTA,CHRISTOPHER ANTONIO,CASTILLO CALDERON ,PARTIDO POPULAR CRISTIANO - PPC,2007,2010
ALIANZA ELECTORAL SOLIDARIDAD NACIONAL - UPP,CONGRESISTA,CRISANTO CIRILO,ABREGU CANALES,MOVIMIENTO INDEPENDIENTE REGIONAL AYNI,2010,2012
ALIANZA ELECTORAL SOLIDARIDAD NACIONAL - UPP,CONGRESISTA,CRISANTO CIRILO,ABREGU CANALES,ACCION POPULAR,1980,2010
ALIANZA ELECTORAL SOLIDARIDAD NACIONAL - UPP,CONGRESISTA,ELIO NICOLAS,ARCAYA TASAYCO,PARTIDO POPULAR CRISTIANO,2007,2010
ALIANZA ELECTORAL SOLIDARIDAD NACIONAL - UPP,CONGRESISTA,ELMER YUBINO,URIOL VELA,ACCIÓN POPULAR,2005,2012
ALIANZA ELECTORAL SOLIDARIDAD NACIONAL - UPP,CONGRESISTA,ENRIQUE,WONG PUJADA,PARTIDO JUSTICIA NACIONAL,2004,2006
ALIANZA ELECTORAL SOLIDARIDAD NACIONAL - UPP,CONGRESISTA,ENRIQUE,WONG PUJADA,PERUANOS POR EL CAMBIO,2014,2015
ALIANZA ELECTORAL SOLIDARIDAD NACIONAL - UPP,CONGRESISTA,ENRIQUE,WONG PUJADA,MI CALLAO,2010,2011
ALIANZA ELECTORAL SOLIDARIDAD NACIONAL - UPP,CONGRESISTA,ERNESTO ADOLFO,FLORES VILLAVICENCIO,Partido Nacionalista,2009,2009
ALIANZA ELECTORAL SOLIDARIDAD NACIONAL - UPP,CONGRESISTA,ERNESTO ADOLFO,FLORES VILLAVICENCIO,Union por el Peru,2011,2011
ALIANZA ELECTORAL SOLIDARIDAD NACIONAL - UPP,CONGRESISTA,GUSTAVO BERNARDO,RONDON FUDINAGA,MOVIMIENTO REGIONAL AREQUIPA REVOLUCION IGUALDAD,2010,2010
ALIANZA ELECTORAL SOLIDARIDAD NACIONAL - UPP,CONGRESISTA,IBAR,QUINTANA MOSCOSO,UNION POR EL PERU,2003,2009
ALIANZA ELECTORAL SOLIDARIDAD NACIONAL - UPP,CONGRESISTA,JACKELYNE KELLY,FUERTES VEGA DE DAVILA,FUERTES EN SAN LUIS,2010,2011
ALIANZA ELECTORAL SOLIDARIDAD NACIONAL - UPP,CONGRESISTA,JAIME ANTONIO,VASQUEZ ACOSTA ,Restauración Nacional,2004,2010
ALIANZA ELECTORAL SOLIDARIDAD NACIONAL - UPP,CONGRESISTA,JAIME ROOSEWELT,MINAYA CASTROMONTE,TODOS POR EL PERU,2010,2015
ALIANZA ELECTORAL SOLIDARIDAD NACIONAL - UPP,CONGRESISTA,JAIME ROOSEWELT,MINAYA CASTROMONTE,DESPERTAR NACIONAL,2006,2008
ALIANZA ELECTORAL SOLIDARIDAD NACIONAL - UPP,CONGRESISTA,JOSE ROMULO,VASQUEZ DIAZ,PARTIDO APRISTA PERUANO,2008,2015
ALIANZA ELECTORAL SOLIDARIDAD NACIONAL - UPP,CONGRESISTA,JUAN DAVID,PERRY CRUZ,FUERZA DEMOCRATICA,2004,2007
ALIANZA ELECTORAL SOLIDARIDAD NACIONAL - UPP,CONGRESISTA,JUAN DAVID,PERRY CRUZ,RESTAURACION NACIONAL,2007,2010
ALIANZA ELECTORAL SOLIDARIDAD NACIONAL - UPP,CONGRESISTA,JUAN HILMER,GONZALES SANDOVAL ,AGRUPACIÓN INDEPENDENCIA SI CUMPLE,2005,2007
ALIANZA ELECTORAL SOLIDARIDAD NACIONAL - UPP,CONGRESISTA,KILDER,FUENTES BERMUDEZ,UNION POR EL PERU,2006,2007
ALIANZA ELECTORAL SOLIDARIDAD NACIONAL - UPP,CONGRESISTA,LEONOR,CASA ZEBALLOS ,PARTIDO NACIONALISTA PERUANO,2006,2014
ALIANZA ELECTORAL SOLIDARIDAD NACIONAL - UPP,CONGRESISTA,LUIS ALBERTO,MATOS DEL POZO ,PARTIDO POPULAR CRISTIANO,2007,2013
ALIANZA ELECTORAL SOLIDARIDAD NACIONAL - UPP,CONGRESISTA,LUIS HERACLIO,CASTRO RAMIREZ,FUERZA DEMOCRÁTICA,2004,2007
ALIANZA ELECTORAL SOLIDARIDAD NACIONAL - UPP,CONGRESISTA,MANUEL,RIVAS QUISPE ,PARTIDO POPULAR CRISTIANO PPC,2010,2012
ALIANZA ELECTORAL SOLIDARIDAD NACIONAL - UPP,CONGRESISTA,MARCO ANTONIO,ACOSTA ASHTU,PERÚ POSIBLE,2005,2005
ALIANZA ELECTORAL SOLIDARIDAD NACIONAL - UPP,CONGRESISTA,MARTIN,BELAUNDE MOREYRA ,UNIÓN POR EL PERÚ,2004,2012
ALIANZA ELECTORAL SOLIDARIDAD NACIONAL - UPP,CONGRESISTA,MIGUEL ANGEL,GUEVARA SANTOS,Acción Popular,2006,2013
ALIANZA ELECTORAL SOLIDARIDAD NACIONAL - UPP,CONGRESISTA,MIRIAN ROSANA,BOCANEGRA SANTOS ,PARTIDO APRISTA PERUANO ,2008,2009
ALIANZA ELECTORAL SOLIDARIDAD NACIONAL - UPP,CONGRESISTA,ORESTES POMPEYO,SANCHEZ LUIS ,FRENTE POPULAR AGRÍCOLA FIA DEL PERÚ - FREPAP,2007,2007
ALIANZA ELECTORAL SOLIDARIDAD NACIONAL - UPP,CONGRESISTA,ORESTES POMPEYO,SANCHEZ LUIS ,PARTIDO NACIONALISTA PERUANO,2014,2015
ALIANZA ELECTORAL SOLIDARIDAD NACIONAL - UPP,CONGRESISTA,OSCAR,CORDOVA BASILIO,SOMOS PERU,2013,2014
ALIANZA ELECTORAL SOLIDARIDAD NACIONAL - UPP,CONGRESISTA,PEDRO ESTEBAN,ARREDONDO MENDOZA ,PARTIDO ALIANZA PARA EL PROGRESO ,2009,2010
ALIANZA ELECTORAL SOLIDARIDAD NACIONAL - UPP,CONGRESISTA,PEDRO ESTEBAN,ARREDONDO MENDOZA ,PARTIDO PERÚ POSIBLE,2005,2007
ALIANZA ELECTORAL SOLIDARIDAD NACIONAL - UPP,CONGRESISTA,PILAR,ROJAS VILCHEZ,PARTIDO POPULAR CRISTIANO - PPC,2014,2015
ALIANZA ELECTORAL SOLIDARIDAD NACIONAL - UPP,CONGRESISTA,ROMAN LUIS,MARCELO CALLUPE,Concertación en la Región,2005,2010
ALIANZA ELECTORAL SOLIDARIDAD NACIONAL - UPP,CONGRESISTA,ROSA,BAUTISTA NAVARRO ,PARTIDO SOLIDARIDAD NACIONAL,2010,2013
ALIANZA ELECTORAL SOLIDARIDAD NACIONAL - UPP,CONGRESISTA,TEODULO FELIPE,PEÑA MEZA,MOVIMIENTO INDEPENDIENTE DE CAMPESINOS Y PROFESIONALES,2006,2006
ALIANZA ELECTORAL SOLIDARIDAD NACIONAL - UPP,CONGRESISTA,TEODULO FELIPE,PEÑA MEZA,PARTIDO POLITICO PERU POSIBLE,2005,2006
ALIANZA ELECTORAL SOLIDARIDAD NACIONAL - UPP,CONGRESISTA,WILDER VICTORIANO,CHAVEZ MARIN ,UNION SAN MARTINIANA,2006,2007
ALIANZA ELECTORAL SOLIDARIDAD NACIONAL - UPP,CONGRESISTA,ZENON,FARFAN CRUZADO,PARTIDO POR LA DEMOCRACIA SOCIAL COMPROMISO PERU,2005,2007
ALIANZA ELECTORAL SOLIDARIDAD NACIONAL - UPP,SEGUNDO VICEPRESIDENTE DE LA REPUBLICA,GUSTAVO BERNARDO,RONDON FUDINAGA,MOVIMIENTO REGIONAL AREQUIPA REVOLUCION IGUALDAD,2010,2010
ALIANZA PARA EL PROGRESO DEL PERU,CONGRESISTA,ANA MERCEDES,ZUÑIGA MEDINA ,FUERZA AREQUIPEÑA,2010,2015
ALIANZA PARA EL PROGRESO DEL PERU,CONGRESISTA,BENICIO,RIOS OCSA ,UNION POR EL PERU,2005,2010
ALIANZA PARA EL PROGRESO DEL PERU,CONGRESISTA,BENIGNO TEOFILO,CORNEJO VALENCIA ,MOVIMIENTO REGIONAL AREQUIPA AVANCEMOS,2013,2015
ALIANZA PARA EL PROGRESO DEL PERU,CONGRESISTA,CARLOS ALBERTO,ANCCO SOTOMAYOR ,ORGANIZACIÓN POLÍTICA RENOVACIÓN NACIONAL,2005,2010
ALIANZA PARA EL PROGRESO DEL PERU,CONGRESISTA,CARLOS DAVID,ALVA GONZALES ,PARTIDO POLITICO SOLIDARIDAD NACIONAL,2014,2015
ALIANZA PARA EL PROGRESO DEL PERU,CONGRESISTA,CESAR ALFREDO,PALOMINO COLINA ,PARTIDO POLITICO PERU POSIBLE,2004,2015
ALIANZA PARA EL PROGRESO DEL PERU,CONGRESISTA,CESAR HENRY,VASQUEZ SANCHEZ ,ACCION POPULAR,2004,2010
ALIANZA PARA EL PROGRESO DEL PERU,CONGRESISTA,CRISTOBAL EUDOS,CAPCHA GUERRA,FUERZA POPULAR,2014,2015
ALIANZA PARA EL PROGRESO DEL PERU,CONGRESISTA,CRISTOBAL EUDOS,CAPCHA GUERRA,CAMBIO RADICAL,2010,2010
ALIANZA PARA EL PROGRESO DEL PERU,CONGRESISTA,DINA IRENE,HANCCO HANCCO ,PROYECTO POLITICO AQUI,2010,2013
ALIANZA PARA EL PROGRESO DEL PERU,CONGRESISTA,EDWIN ALBERTO,DONAYRE GOTZCH,BIEN PERUANO,2010,2010
ALIANZA PARA EL PROGRESO DEL PERU,CONGRESISTA,EDWIN SANTIAGO,SIFUENTES CHAVEZ ,PARTIDO POLÍTICO COORDINADORA INDEPENDIENTE,2006,2006
ALIANZA PARA EL PROGRESO DEL PERU,CONGRESISTA,ELISA,PAITA BERROSPI ,PARTIDO NACIONALISTA PERUANO,2009,2015
ALIANZA PARA EL PROGRESO DEL PERU,CONGRESISTA,ELOY RICARDO,NARVAEZ SOTO ,PARTIDO APRISTA PERUANO,2008,2010
ALIANZA PARA EL PROGRESO DEL PERU,CONGRESISTA,ELSA,VASQUEZ RUIZ ,RESTAURACION NACIONAL,2005,2014
ALIANZA PARA EL PROGRESO DEL PERU,CONGRESISTA,ELSA YOLANDA,MAMANI CARPIO ,PARTIDO SIEMPRE UNIDOS,2010,2013
ALIANZA PARA EL PROGRESO DEL PERU,CONGRESISTA,FRANCISCO ANTONIO,PEZO TORRES ,PARTIDO APRISTA PERUANO,1998,2007
ALIANZA PARA EL PROGRESO DEL PERU,CONGRESISTA,GELACIO LOMBARDO,MAUTINO ANGELES ,MOVIMIENTO ACCION NACIONALISTA PERUANO,2006,2008
ALIANZA PARA EL PROGRESO DEL PERU,CONGRESISTA,GLADYS NATALIE,CONDORI JAHUIRA ,PARTIDO NACIONALISTA PERUANO,2012,2015
ALIANZA PARA EL PROGRESO DEL PERU,CONGRESISTA,HERNAN,DE LA TORRE DUEÑAS ,UPP,2006,2009
ALIANZA PARA EL PROGRESO DEL PERU,CONGRESISTA,HERNAN,DE LA TORRE DUEÑAS ,PARTIDO NACIONALISTA - GANA PERÚ,2012,2015
ALIANZA PARA EL PROGRESO DEL PERU,CONGRESISTA,ISAAC,MEKLER NEIMAN,SOLIDARIDAD NACIONAL,2010,2013
ALIANZA PARA EL PROGRESO DEL PERU,CONGRESISTA,ISAAC,MEKLER NEIMAN,PARTIDO NACIONALISTA PERUANO,2006,2009
ALIANZA PARA EL PROGRESO DEL PERU,CONGRESISTA,JAVIER,YAURI SALOME ,PARTIDO POLITICO PERU POSIBLE,2005,2010
ALIANZA PARA EL PROGRESO DEL PERU,CONGRESISTA,JOSE,PUCHURI DURAND ,PARTIDO NACIONALISTA PERUANO,2006,2015
ALIANZA PARA EL PROGRESO DEL PERU,CONGRESISTA,JOSE ALFONSO,MASLUCAN CULQUI ,PARTIDO NACIONALISTA PERUANO,2006,2013
ALIANZA PARA EL PROGRESO DEL PERU,CONGRESISTA,JOSE FERNANDO,MENDOZA RAMIREZ ,PARTIDO POLITICO RESTAURACION NACIONAL,2010,2014
ALIANZA PARA EL PROGRESO DEL PERU,CONGRESISTA,JUAN NOE,CORNEJO CHINGUEL ,PARTIDO POLÍTICO PERÚ POSIBLE,1990,2013
ALIANZA PARA EL PROGRESO DEL PERU,CONGRESISTA,JUAN RAMIRO,ALVARADO GOMEZ,PERU POSIBLE,2010,2013
ALIANZA PARA EL PROGRESO DEL PERU,CONGRESISTA,JULIO ERNESTO,VALDEZ CARDENAS ,FRENTE REGIONAL AYACUCHO,2005,2013
ALIANZA PARA EL PROGRESO DEL PERU,CONGRESISTA,LILIA,VARGAS CESPEDES ,UNION POR EL PERU,2010,2010
ALIANZA PARA EL PROGRESO DEL PERU,CONGRESISTA,LUIS AMERICO,MENENDEZ ROJAS,UNION POR EL PERU,2004,2015
ALIANZA PARA EL PROGRESO DEL PERU,CONGRESISTA,LUZ REBECA,CRUZ TEVEZ ,PARTIDO POPULAR CRISTIANO - PPC,2005,2009
ALIANZA PARA EL PROGRESO DEL PERU,CONGRESISTA,MARCO TULIO,FALCONI PICARDO ,MOVIMIENTO REGIONAL FUERZA AREQUIPEÑA,2014,2015
ALIANZA PARA EL PROGRESO DEL PERU,CONGRESISTA,MARGARITA TEODORA,SUCARI CARI ,PARTIDO POLITICO UNION POR EL PERU,2005,2013
ALIANZA PARA EL PROGRESO DEL PERU,CONGRESISTA,MARIA ELSA,QUELLO BARRANTES ,PARTIDO NACIONALISTA PERUANO,2009,2015
ALIANZA PARA EL PROGRESO DEL PERU,CONGRESISTA,MARIA ENRIQUETA,RIVERA DELGADO ,PERÚ POSIBLE,2010,2011
ALIANZA PARA EL PROGRESO DEL PERU,CONGRESISTA,MARIO JAVIER,QUISPE SUAREZ ,PARTIDO POPULAR CRISTIANO,2004,2010
ALIANZA PARA EL PROGRESO DEL PERU,CONGRESISTA,MARISOL,ESPINOZA CRUZ,UNION POR EL PERU,2005,2010
ALIANZA PARA EL PROGRESO DEL PERU,CONGRESISTA,MARISOL,ESPINOZA CRUZ,PARTIDO NACIONALISTA PERUANO,2012,2015
ALIANZA PARA EL PROGRESO DEL PERU,CONGRESISTA,MONICA MARGOT,GUILLEN TUANAMA ,PARTIDO POPULAR CRISTIANO,2004,2005
ALIANZA PARA EL PROGRESO DEL PERU,CONGRESISTA,MONICA MARGOT,GUILLEN TUANAMA ,PARTIDO APRISTA PERUANO,2005,2010
ALIANZA PARA EL PROGRESO DEL PERU,CONGRESISTA,MONICA MARGOT,GUILLEN TUANAMA ,MOVIMIENTO REGIONAL OBRAS POR LA MODERNIDAD,2012,2016
ALIANZA PARA EL PROGRESO DEL PERU,CONGRESISTA,NELSON ALBERTO,BARRANTES SANCHEZ ,PARTIDO APRISTA PERUANO,2004,2015
ALIANZA PARA EL PROGRESO DEL PERU,CONGRESISTA,NESTOR ARMANDO,PARI GONZALES ,PARTIDO TODOS POR EL PERÚ,2006,2006
ALIANZA PARA EL PROGRESO DEL PERU,CONGRESISTA,NESTOR ARMANDO,PARI GONZALES ,PARTIDO JUSTICIA NACIONAL,2006,2007
ALIANZA PARA EL PROGRESO DEL PERU,CONGRESISTA,NESTOR ARMANDO,PARI GONZALES ,PARTIDO APRISTA PERUANO,2000,2004
ALIANZA PARA EL PROGRESO DEL PERU,CONGRESISTA,PEDRO GERARDO,REJAS TATAJE ,FUERZA POPULAR,2009,2014
ALIANZA PARA EL PROGRESO DEL PERU,CONGRESISTA,PEDRO JORGE,LOPEZ BARRIOS ,MI CALLAO,2005,2012
ALIANZA PARA EL PROGRESO DEL PERU,CONGRESISTA,RICARDO,CHAVARRIA ORIA ,FUERZA NACIONAL,2005,2006
ALIANZA PARA EL PROGRESO DEL PERU,CONGRESISTA,ROSA YOLANDA,VIGIL PEREZ ,FUERZA LORETANA,2014,2015
ALIANZA PARA EL PROGRESO DEL PERU,CONGRESISTA,TADEO ANASTACIO,GUARDIA HUAMANI,TODOS POR EL PERÚ,2011,2014
ALIANZA PARA EL PROGRESO DEL PERU,CONGRESISTA,TADEO ANASTACIO,GUARDIA HUAMANI,PARTIDO POPULAR CRISTIANO - PPC,2010,2011
ALIANZA PARA EL PROGRESO DEL PERU,CONGRESISTA,TITO JOSIP,JAIME HIDALGO,PARTIDO APRISTA PERUANO,2008,2015
ALIANZA PARA EL PROGRESO DEL PERU,CONGRESISTA,VIRGILIO,ACUÑA PERALTA ,SOLIDARIDAD NACIONAL,1994,2015
ALIANZA PARA EL PROGRESO DEL PERU,CONGRESISTA,YVAN VLADIMIR,PARDO VINCES ,PARTIDO NACIONALISTA PERUANO,2010,2015
ALIANZA PARA EL PROGRESO DEL PERU,CONGRESISTA,ZOILA SOLEDAD,YAURI AQUINO ,PARTIDO APRISTA PERUANO,2010,2012
ALIANZA POPULAR,CONGRESISTA,AIDA NALDY CLOTILDE,SOTOMAYOR GARCIA VDA DE ESTERRIPA,MOVIMIENTO INDEPENDIENTE CHIMPUM CALLAO,2010,2011
ALIANZA POPULAR,CONGRESISTA,AIDA NALDY CLOTILDE,SOTOMAYOR GARCIA VDA DE ESTERRIPA,PARTIDO POPULAR CRISTIANO,2005,2006
ALIANZA POPULAR,CONGRESISTA,ALONSO ALBERTO,NAVARRO CABANILLAS,PARTIDO POPULAR CRISTIANO,2005,2009
ALIANZA POPULAR,CONGRESISTA,ANDREA,VARGAS SORIA,PARTIDO ACCIÓN POPULAR,2006,2011
ALIANZA POPULAR,CONGRESISTA,ANTONINA ROSARIO,SASIETA MORALES ,ACCION POPULAR,2004,2010
ALIANZA POPULAR,CONGRESISTA,AYDEE ALBERTINA,LOPEZ PEREZ ,Organización Independiente Ashaninka del Pichis,2006,2007
ALIANZA POPULAR,CONGRESISTA,AYDEE ALBERTINA,LOPEZ PEREZ ,Peru Posible,2007,2011
ALIANZA POPULAR,CONGRESISTA,CARLOS ALFONSO,CASSARO MERINO ,Movimiento Regional Cajamarca Siempre Verde,2009,2013
ALIANZA POPULAR,CONGRESISTA,CARLOS ALFONSO,CASSARO MERINO ,Movimiento Regional Cajamarca Siempre Verde,2009,2013
ALIANZA POPULAR,CONGRESISTA,CIRO JESUS,RODRIGUEZ ALIAGA,PARTIDO POLITICO ADELANTE,2010,2011
ALIANZA POPULAR,CONGRESISTA,GIANINA DE JESUS,CAIPO BERROCAL,PARTIDO APRISTA PERUANO,2008,2014
ALIANZA POPULAR,CONGRESISTA,JOSE MARTIN,FORT BELLINA ,CAMBIO RADICAL,2010,2010
ALIANZA POPULAR,CONGRESISTA,JOSE MIGUEL,GAMBETTA RIOS ,PARTIDO APRISTA PERUANO,2010,2015
ALIANZA POPULAR,CONGRESISTA,LENIN HAROLD,AVILA SILVA,PERU POSIBLE,2007,2012
ALIANZA POPULAR,CONGRESISTA,LUIS BELTRAN,BARRA PACHECO,ALIANZA PARA EL PROGRESO,2004,2015
ALIANZA POPULAR,CONGRESISTA,MANUEL ISIDRO,VASQUEZ FLORES ,Partido Aprista Peruano,2005,2014
ALIANZA POPULAR,CONGRESISTA,PAOLA,CAPCHA CABRERA,APRA,2004,2009
ALIANZA POPULAR,CONGRESISTA,PAUL ERWIN,PFLÜCKER FAVERON ,PARTIDO POPULAR CRISTIANO PPC,2011,2014
ALIANZA POPULAR,CONGRESISTA,PILAR,MELGAR GUTIERREZ,PARTIDO PERU POSIBLE,2005,2015
ALIANZA POPULAR,CONGRESISTA,ROBERTO CARLOS,LAIME SIVANA ,MOVIMIENTO REGIONAL AUTOGOBIERNO AYLLU,2014,2015
ALIANZA POPULAR,CONGRESISTA,ROFILIO T,NEYRA HUAMANI ,VAMOS VECINOS,1998,2010
ALIANZA POPULAR,CONGRESISTA,ROSA LILIANA,TORRES CASTILLO ,MOVIMIENTO REGIONAL PATRIA JOVEN,2006,2011
ALIANZA POPULAR,CONGRESISTA,VICTOR FRANCISCO,TORRES JIMENEZ,ALIANZA PARA EL PROGRESO,2015,2015
DEMOCRACIA DIRECTA,CONGRESISTA,AMANDO LUCIO VICENTE,ZENTENO FLORES ,PARTIDO NACIONALISTA PERUANO,2010,2011
DEMOCRACIA DIRECTA,CONGRESISTA,ANANIAS WILDER,NARRO CULQUE,UNIÓN POR EL PERÚ,2006,2015
DEMOCRACIA DIRECTA,CONGRESISTA,ANDRES,SULLCARAY BENITO,ACCION POPULAR,2006,2008
DEMOCRACIA DIRECTA,CONGRESISTA,ANNABELLA,VILLEGAS DE CAYRO,UPP,2006,2009
DEMOCRACIA DIRECTA,CONGRESISTA,CARMELA,CARBAJAL OTAROLA ,GANA PERU,2010,2015
DEMOCRACIA DIRECTA,CONGRESISTA,DOMINGO WILLIAM,ANCCASI LOPEZ,PARTIDO APRISTA PERUANO,1987,2004
DEMOCRACIA DIRECTA,CONGRESISTA,DOMINGO WILLIAM,ANCCASI LOPEZ,PARTIDO NACIONALISTA PERUANO,2005,2015
DEMOCRACIA DIRECTA,CONGRESISTA,EDGAR ELVER,CHAVEZ ARONES,PARTIDO NACIONALISTA PERUANO,2005,2014
DEMOCRACIA DIRECTA,CONGRESISTA,EDGAR NELSON,QUISPE FLORES,PERU POSIBLE,2000,2008
DEMOCRACIA DIRECTA,CONGRESISTA,ELEUTERIO,TORREJON PEZO,PARTIDO NACIONALISTA PERUANO,2006,2015
DEMOCRACIA DIRECTA,CONGRESISTA,ELSA CELIA,ANICAMA ÑAÑEZ ,GANA PERU,2011,2015
DEMOCRACIA DIRECTA,CONGRESISTA,FAUSTINO ELENO,GUEVARA VASQUEZ,PARTIDO NACIONALISTA PERUANO,2011,2013
DEMOCRACIA DIRECTA,CONGRESISTA,FEDERICO,IBAÑES MATICORENA,PARTIDO POR LA DEMOCRACIA SOCIAL,2005,2007
DEMOCRACIA DIRECTA,CONGRESISTA,GERARDINA,TORRES TOLEDO ,SIEMPRE UNIDOS,2010,2010
DEMOCRACIA DIRECTA,CONGRESISTA,GERARDINA,TORRES TOLEDO ,PARTIDO APRISTA PERUANO,1978,2010
DEMOCRACIA DIRECTA,CONGRESISTA,GUSTAVO ALEXANDER,FUERTES ZORRILLA ,PARTIDO POPULAR CRISTIANO -  PPC,2013,2015
DEMOCRACIA DIRECTA,CONGRESISTA,ILIA SANDRA,ESPINOZA MANRIQUE DE LARA ,PARTIDO NACIONALISTA PERUANO,2011,2015
DEMOCRACIA DIRECTA,CONGRESISTA,JAMES,FLORES ACUÑA ,VAMOS PERU,2014,2014
DEMOCRACIA DIRECTA,CONGRESISTA,JOSE DEMETRIO,QUIÑONES COLCHADO ,PARTIDO DEMOCRACIA SOCIAL - COMPROMISO PERU,2004,2008
DEMOCRACIA DIRECTA,CONGRESISTA,JOSE DEMETRIO,QUIÑONES COLCHADO ,PARTIDO DESCENTRALISTA FUERZA SOCIAL,2008,2013
DEMOCRACIA DIRECTA,CONGRESISTA,JOSE MANUEL,CARLOS VALERIANO,APRA,1989,2015
DEMOCRACIA DIRECTA,CONGRESISTA,JOSE VICENTE,GARCIA CASTILLO,PERU POSIBLE,1999,2010
DEMOCRACIA DIRECTA,CONGRESISTA,JULIO CESAR,MALDONADO ALBARRACIN,PARTIDO PERU POSIBLE,2003,2005
DEMOCRACIA DIRECTA,CONGRESISTA,JULIO CESAR,MALDONADO ALBARRACIN,PARTIDO NACIONALISTA PERUANO,2011,2012
DEMOCRACIA DIRECTA,CONGRESISTA,LUIS SALOMON,VALDEZ RODRIGUEZ,ACCION POPULAR,1998,2012
DEMOCRACIA DIRECTA,CONGRESISTA,MANUEL GODOFREDO,JIMENEZ CASTILLO,PARTIDO NACIONALISTA PERUANO,2005,2010
DEMOCRACIA DIRECTA,CONGRESISTA,MARIA ISABEL,ESCOBAR MAMANI,PARTIDO POLITICO TIERRA Y LIBERTAD ISLAY,2010,2010
DEMOCRACIA DIRECTA,CONGRESISTA,MARIA ROSA,SANCHEZ JARANDILLA ,PARTIDO NACIONALISTA PERUANO ,2006,2015
DEMOCRACIA DIRECTA,CONGRESISTA,RAUL,SANCHEZ MIRANDA,FRENTE DE MOVILIZACION SOCIAL (MOVIMIENTO DE ALCANCE REGIONAL),2009,2011
DEMOCRACIA DIRECTA,CONGRESISTA,ROBERTO,INCHAUSTEGUI GONZALES ,PARTIDO RECONSTRUCCIÓN DEMOCRATICA,2005,2007
DEMOCRACIA DIRECTA,CONGRESISTA,ROBERTO,INCHAUSTEGUI GONZALES ,TODOS POR EL PERU,2005,2015
DEMOCRACIA DIRECTA,CONGRESISTA,ROBINSON,REQUEJO VILLALOBOS,ALIANZA PARA PROGRESO,2014,2015
DEMOCRACIA DIRECTA,CONGRESISTA,ROBINSON,REQUEJO VILLALOBOS,ACCION POPULAR,2009,2014
DEMOCRACIA DIRECTA,CONGRESISTA,ROSA ALICIA,MENDOZA CRESPO,ALIANZA PARA EL PROGRESO,2009,2013
DEMOCRACIA DIRECTA,CONGRESISTA,SEVERIANO HIGOR,RODRIGUEZ TORRES ,PARTIDO POPULAR CRISTIANO (PPC),2001,2014
DEMOCRACIA DIRECTA,CONGRESISTA,SILVIA CAROLINA,NOLE GARCIA,PERÚ POSIBLE,2012,2014
DEMOCRACIA DIRECTA,CONGRESISTA,SILVIA CAROLINA,NOLE GARCIA,AGRUPAMIENTO POLÍTICO INDEPENDIENTE AMIGOS DE SULLANA,2010,2010
DEMOCRACIA DIRECTA,CONGRESISTA,SILVIA YESENIA,CONTRERAS LAZO,FRENTE AMPLIO,2016,2016
"EL FRENTE AMPLIO POR JUSTICIA, VIDA Y LIBERTAD",CONGRESISTA,ADOLFO LAURIANO,HORMAZA DEL CASTILLO,ACCION POPULAR,2004,2006
"EL FRENTE AMPLIO POR JUSTICIA, VIDA Y LIBERTAD",CONGRESISTA,ADOLFO LAURIANO,HORMAZA DEL CASTILLO,ESFUERZO UNIDOS,2006,2006
"EL FRENTE AMPLIO POR JUSTICIA, VIDA Y LIBERTAD",CONGRESISTA,ALEX MANUEL,GALLARDO ZETA,PARTIDO NACIONALISTA,2014,2014
"EL FRENTE AMPLIO POR JUSTICIA, VIDA Y LIBERTAD",CONGRESISTA,ANDINA,MARIACA PEÑA ,PARTIDO NACIONALISTA PERUANO,2010,2010
"EL FRENTE AMPLIO POR JUSTICIA, VIDA Y LIBERTAD",CONGRESISTA,CARLOS EMILIO,VIZCARRA VELAZCO,PARTIDO NACIONALISTA PERUANO,2006,2014
"EL FRENTE AMPLIO POR JUSTICIA, VIDA Y LIBERTAD",CONGRESISTA,DEISSY SUSANA,DIAZ GAMONAL,CAMBIO RADICAL,2010,2012
"EL FRENTE AMPLIO POR JUSTICIA, VIDA Y LIBERTAD",CONGRESISTA,DEISSY SUSANA,DIAZ GAMONAL,MOV REGIONAL AREQUIPA CUENTA CONMIGO,2014,2015
"EL FRENTE AMPLIO POR JUSTICIA, VIDA Y LIBERTAD",CONGRESISTA,DEISSY SUSANA,DIAZ GAMONAL,FRENTE AMPLIO,2013,2014
"EL FRENTE AMPLIO POR JUSTICIA, VIDA Y LIBERTAD",CONGRESISTA,DITMAR VICTOR,PEREZ SILVESTRE,PARTIDO NACIONALISTA PERUANO,2014,2015
"EL FRENTE AMPLIO POR JUSTICIA, VIDA Y LIBERTAD",CONGRESISTA,EDGAR AMERICO,OCHOA PEZO ,MOV. REGIONAL KAUSACHUN,2013,2015
"EL FRENTE AMPLIO POR JUSTICIA, VIDA Y LIBERTAD",CONGRESISTA,FAUSTA CERVILIA,CHAVEZ ALAYO ,OP. ACCION POPULAR,2005,2015
"EL FRENTE AMPLIO POR JUSTICIA, VIDA Y LIBERTAD",CONGRESISTA,GRETELL ESPERANZA,REBAZA ARAUJO ,PARTIDO HUMANISTA PERUANO,2008,2014
"EL FRENTE AMPLIO POR JUSTICIA, VIDA Y LIBERTAD",CONGRESISTA,HUMBERTO,PRADO EFFIO ,PARTIDO NACIONALISTA PERUANO,2010,2015
"EL FRENTE AMPLIO POR JUSTICIA, VIDA Y LIBERTAD",CONGRESISTA,IDER LUIS,GUTIERREZ QUISPE,RENUNCIA UPP,2005,2015
"EL FRENTE AMPLIO POR JUSTICIA, VIDA Y LIBERTAD",CONGRESISTA,INDIRA ISABEL,HUILCA FLORES ,EL FRENTE AMPLIO POR JUSTICIA VIDA Y LIBERTAD,2011,2011
"EL FRENTE AMPLIO POR JUSTICIA, VIDA Y LIBERTAD",CONGRESISTA,JESUS AUREA,BERNUY NEIRA,PARTIDO APRISTA PERUANO,2004,2013
"EL FRENTE AMPLIO POR JUSTICIA, VIDA Y LIBERTAD",CONGRESISTA,JHON KENNEDY,VEGA CARRASCAL,PARTIDO NACIONALISTA PERUANO,2009,2012
"EL FRENTE AMPLIO POR JUSTICIA, VIDA Y LIBERTAD",CONGRESISTA,JORGE ALFONSO,APARCANA ALFARO ,UNION POR EL PERU,1994,1999
"EL FRENTE AMPLIO POR JUSTICIA, VIDA Y LIBERTAD",CONGRESISTA,JOSE,OLIVOS VINCES ,PARTIDO NACIONALISTA,2009,2014
"EL FRENTE AMPLIO POR JUSTICIA, VIDA Y LIBERTAD",CONGRESISTA,JOSE MIGUEL,OROS PONCE,P. NACIONALISTA PERUANO,2006,2015
"EL FRENTE AMPLIO POR JUSTICIA, VIDA Y LIBERTAD",CONGRESISTA,JUAN CESAR,REGALADO CABRERA ,MOVIMIENTO REGIONAL FUERZA SOCIAL,2008,2009
"EL FRENTE AMPLIO POR JUSTICIA, VIDA Y LIBERTAD",CONGRESISTA,MANUEL ENRIQUE ERNESTO,DAMMERT EGO AGUIRRE ,PARTIDO MOVIMIENTO HUMANISTA PERUANO,2005,2007
"EL FRENTE AMPLIO POR JUSTICIA, VIDA Y LIBERTAD",CONGRESISTA,MANUEL ENRIQUE ERNESTO,DAMMERT EGO AGUIRRE ,PARTIDO NACIONALISTA PERUANO,2012,2013
"EL FRENTE AMPLIO POR JUSTICIA, VIDA Y LIBERTAD",CONGRESISTA,MANUEL ENRIQUE ERNESTO,DAMMERT EGO AGUIRRE ,PARTIDO SOCIALISTA,2005,2007
"EL FRENTE AMPLIO POR JUSTICIA, VIDA Y LIBERTAD",CONGRESISTA,MANUEL GERMAN,BENZA PFLÜCKER ,FUERZA SOCIAL,2009,2010
"EL FRENTE AMPLIO POR JUSTICIA, VIDA Y LIBERTAD",CONGRESISTA,MARIA ANTONIETA,AGÜERO GUTIERREZ,PARTIDO NACIONALISTA PERUANO,2010,2015
"EL FRENTE AMPLIO POR JUSTICIA, VIDA Y LIBERTAD",CONGRESISTA,MARIA ELENA,FORONDA FARRO ,PARTIDO NACIONALISTA,2012,2014
"EL FRENTE AMPLIO POR JUSTICIA, VIDA Y LIBERTAD",CONGRESISTA,MARIO JOSE,CANZIO ALVAREZ,PARTIDO NACIONALISTA PERUANA,2005,2006
"EL FRENTE AMPLIO POR JUSTICIA, VIDA Y LIBERTAD",CONGRESISTA,MARTIN ARNALDO,MORALES TORRES ,IZQUIERDA UNIDA,1986,1989
"EL FRENTE AMPLIO POR JUSTICIA, VIDA Y LIBERTAD",CONGRESISTA,MARTIN ARNALDO,MORALES TORRES ,PERU POSIBLE,2009,2014
"EL FRENTE AMPLIO POR JUSTICIA, VIDA Y LIBERTAD",CONGRESISTA,PEDRO FERNANDO,TINCOPA CALLE,PERU POSIBLE,2010,2010
"EL FRENTE AMPLIO POR JUSTICIA, VIDA Y LIBERTAD",CONGRESISTA,PEDRO FERNANDO,TINCOPA CALLE,ACCION POPULAR,2006,2007
"EL FRENTE AMPLIO POR JUSTICIA, VIDA Y LIBERTAD",CONGRESISTA,RICHARD,ARCE CACERES,UNION POR EL PERU,2014,2015
"EL FRENTE AMPLIO POR JUSTICIA, VIDA Y LIBERTAD",CONGRESISTA,TEOFILO,VALLEJOS RAMOS,ALIANZA PARA EL PROGRESO,2007,2011
"EL FRENTE AMPLIO POR JUSTICIA, VIDA Y LIBERTAD",CONGRESISTA,TEOFILO,VALLEJOS RAMOS,TODOS POR PASCO,2011,2014
"EL FRENTE AMPLIO POR JUSTICIA, VIDA Y LIBERTAD",PRESIDENTE DE LA REPUBLICA,VERONIKA FANNY,MENDOZA FRISCH,Partido Nacionalista,2009,2012
FRENTE ESPERANZA,CONGRESISTA,ANDRES SABINO,CARDENAS JESUS,PARTIDO NACIONALISTA PERUANO,2014,2015
FRENTE ESPERANZA,CONGRESISTA,ANDRES SABINO,CARDENAS JESUS,PERU POSIBLE,2000,2007
FRENTE ESPERANZA,CONGRESISTA,CARLOS ALBERTO,CHAVEZ LIENDO ,PARTIDO POPULAR CRISTIANO,2000,2005
FRENTE ESPERANZA,CONGRESISTA,CARLOS RICARDO,CUARESMA SANCHEZ,Alianza para el Progreso,2014,2015
FRENTE ESPERANZA,CONGRESISTA,CARLOS RICARDO,CUARESMA SANCHEZ,Somos Peru,2013,2013
FRENTE ESPERANZA,CONGRESISTA,CARLOS RICARDO,CUARESMA SANCHEZ,Peru Posible,2010,2012
FRENTE ESPERANZA,CONGRESISTA,CARLOS RICARDO,CUARESMA SANCHEZ,Frente Independiente Moralizador,2005,2008
FRENTE ESPERANZA,CONGRESISTA,EDUARDO ANTONIO,CHAUCA MEJIA,RECONSTRUCCION DEMOCRATICA,2005,2006
FRENTE ESPERANZA,CONGRESISTA,EFRIN MARCOS,QUISPE HUAYNACHO ,PARTIDO NACIONALISTA,2006,2014
FRENTE ESPERANZA,CONGRESISTA,GREGORIO,DURAND AGUILAR ,Partido Nacionalista Peruano,2014,2015
FRENTE ESPERANZA,CONGRESISTA,GREGORIO,DURAND AGUILAR ,Frente Amplio Peruano,2010,2011
FRENTE ESPERANZA,CONGRESISTA,GREGORIO,DURAND AGUILAR ,Partido Popular Cristiano,2005,2010
FRENTE ESPERANZA,CONGRESISTA,GUSTAVO GUZMAN,ROMERO IZAGUIRRE ,Partido Nacionalista,2005,2015
FRENTE ESPERANZA,CONGRESISTA,ISAAC ERNESTO,GARRIDO JAEGER ,PARTIDO FONAVISTA,2014,2014
FRENTE ESPERANZA,CONGRESISTA,JORGE LUIS,MICALAY LOZANO,ALIANZA PARA EL PROGRESO,2010,2010
FRENTE ESPERANZA,CONGRESISTA,JOSE CARLOS,CHENG PALOMINO,PERU POSIBLE,2000,2005
FRENTE ESPERANZA,CONGRESISTA,JOSE CARLOS,CHENG PALOMINO,PARTIDO NACIONALISTA,2005,2014
FRENTE ESPERANZA,CONGRESISTA,JUANA NATIVIDAD,AVELLANEDA SOTO,Partido Reconstrucción Democrática,2005,2007
FRENTE ESPERANZA,CONGRESISTA,LLENI,REATEGUI NAVARRO,FUERZA COMUNAL,2002,2006
FRENTE ESPERANZA,CONGRESISTA,ROY MELVIN,BEJARANO RODRIGUEZ,PARTIDO APRISTA PERUANO,2010,2010
FRENTE ESPERANZA,CONGRESISTA,YESSICCA YOKO,SUEYOSHI SALCEDO,PARTIDO POPULAR CRISTIANO,2000,2011
FRENTE ESPERANZA,PRESIDENTE DE LA REPUBLICA,LUIS FERNANDO,OLIVERA VEGA,Partido Popular Cristiano,1977,1986
FRENTE ESPERANZA,PRIMER VICEPRESIDENTE DE LA REPUBLICA,CARLOS RICARDO,CUARESMA SANCHEZ,Frente Independiente Moralizador,2005,2008
FRENTE ESPERANZA,PRIMER VICEPRESIDENTE DE LA REPUBLICA,CARLOS RICARDO,CUARESMA SANCHEZ,Peru Posible,2010,2012
FRENTE ESPERANZA,PRIMER VICEPRESIDENTE DE LA REPUBLICA,CARLOS RICARDO,CUARESMA SANCHEZ,Somos Peru,2013,2013
FRENTE ESPERANZA,PRIMER VICEPRESIDENTE DE LA REPUBLICA,CARLOS RICARDO,CUARESMA SANCHEZ,Alianza para el Progreso,2014,2015
FRENTE ESPERANZA,SEGUNDO VICEPRESIDENTE DE LA REPUBLICA,JUANA NATIVIDAD,AVELLANEDA SOTO,Partido Reconstrucción Democrática,2005,2007
FUERZA POPULAR,CONGRESISTA,AIDE,CERVANTES LUCANA ,PARTIDO NACIONALISTA PERUANO,2012,2015
FUERZA POPULAR,CONGRESISTA,ALEJANDRINA,CARRANZA NORIEGA,PERU PATRIA SEGURA,2015,2015
FUERZA POPULAR,CONGRESISTA,ALEJANDRINA,CARRANZA NORIEGA,ALIANZA PARA EL PROGRESO,2006,2007
FUERZA POPULAR,CONGRESISTA,ANGEL,NEYRA OLAYCHEA ,PARTIDO JUSTICIA NACIONAL,2006,2007
FUERZA POPULAR,CONGRESISTA,ANTONIO,MEDINA ORTIZ ,MOVIMIENTO POPULAR KALLPA,2006,2012
FUERZA POPULAR,CONGRESISTA,BIENVENIDO,RAMIREZ TANDAZO,MOVIMIENTO INDEPENDIENTE REGIONAL RENOVACIÓN TUMBES,2014,2015
FUERZA POPULAR,CONGRESISTA,CARLOS ALBERTO,DOMINGUEZ HERRERA,PARTIDO APRISTA PERUANO,2009,2010
FUERZA POPULAR,CONGRESISTA,CARLOS MARIO DEL CARMEN,TUBINO ARIAS SCHREIBER ,JUSTICIA NACIONAL,2006,2006
FUERZA POPULAR,CONGRESISTA,DANIEL ENRIQUE,SALAVERRY VILLA ,PARTIDO APRISTA PERUANO,2002,2014
FUERZA POPULAR,CONGRESISTA,ESTELITA SONIA,BUSTOS ESPINOZA ,MOVIMIENTO REGIONAL POR TI CALLAO,2014,2015
FUERZA POPULAR,CONGRESISTA,ESTHER,SAAVEDRA VELA ,PARTIDO NACIONALISTA PERUANO,2009,2015
FUERZA POPULAR,CONGRESISTA,EVITA MARIA,OJEDA CELI ,Peru Posible,2001,2001
FUERZA POPULAR,CONGRESISTA,FEDERICO,PARIONA GALINDO ,CONVERGENCIA REGIONAL DESCENTRALISTA CONREDES,2006,2010
FUERZA POPULAR,CONGRESISTA,FRANCISCO JAVIER,VILLAVICENCIO CARDENAS,PERU POSIBLE ,2007,2015
FUERZA POPULAR,CONGRESISTA,GABINO HUGO,ROSAS LOPEZ ,PERÚ POSIBLE (INVITADO),2002,2002
FUERZA POPULAR,CONGRESISTA,GLIDER AGUSTIN,USHÑAHUA HUASANGA ,accion popular,2005,2015
FUERZA POPULAR,CONGRESISTA,JOSE LUIS,ESPICHAN PEREZ,SOLIDARIDAD NACIONAL,2014,2015
FUERZA POPULAR,CONGRESISTA,JUAN CARLOS,DEL AGUILA CARDENAS ,LORETO PARA TODOS,2014,2014
FUERZA POPULAR,CONGRESISTA,JUAN CARLOS EUGENIO,GONZALES ARDILES,RESTAURACIÓN NACIONAL ,2007,2010
FUERZA POPULAR,CONGRESISTA,JUAN MANUEL,ALARCON ATO ,AGRUPACION INDEPENDIENTE SI CUMPLE,2004,2012
FUERZA POPULAR,CONGRESISTA,KARINA JULIZA,BETETA RUBIN,UNIÓN POR EL PERÚ,2010,2010
FUERZA POPULAR,CONGRESISTA,KARLA MELISSA,SCHAEFER CUCULIZA ,Alianza por el Futuro,2006,2010
FUERZA POPULAR,CONGRESISTA,LOURDES CAROLINA,CARMELO ANCAYA ,SOMOS PERU,2010,2013
FUERZA POPULAR,CONGRESISTA,LUCIANO NELSON,MARTINEZ TALAVERA ,Partido Popular Cristiano,2010,2015
FUERZA POPULAR,CONGRESISTA,LUIS FERNANDO,GALARRETA VELARDE,PARTIDO POPULAR CRISTIANO,2010,2015
FUERZA POPULAR,CONGRESISTA,LUIS FERNANDO,GALARRETA VELARDE,RENOVACION NACIONAL,2005,2009
FUERZA POPULAR,CONGRESISTA,LUZ FILOMENA,SALGADO RUBIANES ,CAMBIO 90,1991,2010
FUERZA POPULAR,CONGRESISTA,MAGDALENA DEL ROSARIO,QUEPUY IZARRA,PARTIDO APRISTA PERUANO,2008,2009
FUERZA POPULAR,CONGRESISTA,MARIA ALEJANDRA,ARAMAYO GAONA ,PARTIDO POPULAR CRISTIANO,2014,2015
FUERZA POPULAR,CONGRESISTA,MARIA ALEJANDRA,ARAMAYO GAONA ,PARTIDO POPULAR CRISTIANO,2014,2015
FUERZA POPULAR,CONGRESISTA,MARIA ASUNCION,TAVARA POLO DE NEYRA,TRANSFORMEMOS SULLANA,2006,2007
FUERZA POPULAR,CONGRESISTA,MARIA ASUNCION,TAVARA POLO DE NEYRA,INNOVACION Y DESARROLLO REGIONAL,2013,2015
FUERZA POPULAR,CONGRESISTA,MARIA CANDELARIA,RAMOS ROSALES ,Partido Aprista Peruano,2009,2010
FUERZA POPULAR,CONGRESISTA,MARIA CRISTINA,MELGAREJO PAUCAR ,MOVIMIENTO REGIONAL CUENTA CONMIGO,2006,2015
FUERZA POPULAR,CONGRESISTA,MARIA LOURDES PIA LUISA,ALCORTA SUERO,PARTIDO POPULAR CRISTIANO ,2003,2013
FUERZA POPULAR,CONGRESISTA,MARICELA MARCELINA,NOLASCO VASQUEZ ,PARTIDO APRISTA PERUANO,2010,2013
FUERZA POPULAR,CONGRESISTA,MARJORIE,LOVERA SALAS DE PERALTA ,Vamos Perú,2014,2015
FUERZA POPULAR,CONGRESISTA,NELLY LADY,CUADROS CANDIA ,ACCIÓN POPULAR,2009,2014
FUERZA POPULAR,CONGRESISTA,NELLY LADY,CUADROS CANDIA ,ACCIÓN POPULAR,2015,2015
FUERZA POPULAR,CONGRESISTA,OSWALDO,LUIZAR OBREGON ,UPP,2001,2008
FUERZA POPULAR,CONGRESISTA,PATRICIA ELIZABETH,DONAYRE PASQUEL ,Accion Popular,2006,2010
FUERZA POPULAR,CONGRESISTA,PERCY ELOY,ALCALA MATEO,ACCIÓN POPULAR,1980,1998
FUERZA POPULAR,CONGRESISTA,RAMIRO,GUZMAN IBAÑEZ ,Movimiento Regional Ayni,2004,2013
FUERZA POPULAR,CONGRESISTA,RAMIRO,GUZMAN IBAÑEZ ,Movimiento Regional Ayllu,2013,2014
FUERZA POPULAR,CONGRESISTA,RENE GUILLERMO SIMON,MANRIQUE CUSIRRAMOS ,Partido Aprista Peruano,2008,2011
FUERZA POPULAR,CONGRESISTA,RUTH ESTHER,JAULIS QUICAÑA,Movimiento Regional Musoq Ñan,2009,2015
FUERZA POPULAR,CONGRESISTA,SEGUNDO LEOCADIO,TAPIA BERNAL ,JUSTICIA NACIONAL,2005,2006
FUERZA POPULAR,CONGRESISTA,SEGUNDO LEOCADIO,TAPIA BERNAL ,PERÚ POSIBLE,2005,2005
FUERZA POPULAR,CONGRESISTA,SONIA ROSARIO,ECHEVARRIA HUAMAN ,PARTIDO POPULAR CRISTIANO,2007,2014
FUERZA POPULAR,CONGRESISTA,VICTOR AUGUSTO,ALBRECHT RODRIGUEZ ,CHIM PUM CALLAO,1998,2014
FUERZA POPULAR,CONGRESISTA,WALTER JUAN,VASQUEZ CRUZ ,AGRUPACION INDEPENDIENTE SI CUMPLE,2005,2010
FUERZA POPULAR,CONGRESISTA,WUILIAN ALFONSO,MONTEROLA ABREGU ,"MOVIMIENTO INDEPENDIENTE REGIONAL  ""UNIDOS POR HUANCAVELICA"" ",2009,2010
FUERZA POPULAR,CONGRESISTA,WUILIAN ALFONSO,MONTEROLA ABREGU ,PERU POSIBLE,2011,2013
FUERZA POPULAR,SEGUNDO VICEPRESIDENTE DE LA REPUBLICA,VLADIMIRO,HUAROC PORTOCARRERO,Partido Descentralista Fuerza Social,2009,2011
PARTIDO HUMANISTA PERUANO,CONGRESISTA,ANA MARIA,BUENO ABANTO,Perú Posible,2005,2011
PARTIDO HUMANISTA PERUANO,CONGRESISTA,EDUARD JOHN,NAVARRO CALDERON,Somos Peru,2002,2014
PARTIDO HUMANISTA PERUANO,CONGRESISTA,EDWIN ALFONSO,ESPINOZA CHAVEZ,SOMOS PERÚ,2007,2008
PARTIDO HUMANISTA PERUANO,CONGRESISTA,EDWIN ALFONSO,ESPINOZA CHAVEZ,DEMOCRACIA CON VALORES,2006,2010
PARTIDO HUMANISTA PERUANO,CONGRESISTA,EDWIN ALFONSO,ESPINOZA CHAVEZ,ALIANZA POR EL GRAN CAMBIO,2011,2011
PARTIDO HUMANISTA PERUANO,CONGRESISTA,FERNANDO,GOMEZ SAAVEDRA,UNIÓN POR EL PERU,2011,2015
PARTIDO HUMANISTA PERUANO,CONGRESISTA,GUILLERMO,CHAVEZ TIMOTEO,"Partido Politico ""Somos Peru""",2004,2011
PARTIDO HUMANISTA PERUANO,CONGRESISTA,JAIME FELIX,ESCUDERO MENDOZA,PERU POSIBLE,1995,1995
PARTIDO HUMANISTA PERUANO,CONGRESISTA,JAVIER FERNANDO,ARCE ALVARADO,Partido Nacionalista Perunao,2006,2011
PARTIDO HUMANISTA PERUANO,CONGRESISTA,KLEBERTH MARIO,CAMPOS JURADO,PERÚ POSIBLE,2005,2013
PARTIDO HUMANISTA PERUANO,CONGRESISTA,LEONOR,SAIRE MARCAVILLACA VDA DE ROJAS,PARTIDO NACIONALISTA PERUANO,2009,2010
PARTIDO HUMANISTA PERUANO,CONGRESISTA,LEONOR,SAIRE MARCAVILLACA VDA DE ROJAS,PARTIDO DEMOCRÁTICO SOMOS PERU,2008,2009
PARTIDO HUMANISTA PERUANO,CONGRESISTA,LEONOR,SAIRE MARCAVILLACA VDA DE ROJAS,FUERZA POPULAR DE TRANSPARENCIA,2006,2006
PARTIDO HUMANISTA PERUANO,CONGRESISTA,LEONOR,SAIRE MARCAVILLACA VDA DE ROJAS,PARTIDO MOVIMIENTO HUMANISTA PERUANO,2005,2007
PARTIDO HUMANISTA PERUANO,CONGRESISTA,LINO,HUAMANI AYALA,PERU POSIBLE,2005,2014
PARTIDO HUMANISTA PERUANO,CONGRESISTA,MANUEL,MEJIA ANTON,Partido Aprista Peruano,1984,2010
PARTIDO HUMANISTA PERUANO,CONGRESISTA,MILKA JACQUELINE,SILVA MENDOZA,UNIÓN POR EL PERÚ,2006,2015
PARTIDO HUMANISTA PERUANO,CONGRESISTA,ROSA DELSA,MAVILA LEON,ORGANIZACIÓN POLÍTICA GANA PERÚ,2012,2013
PARTIDO HUMANISTA PERUANO,CONGRESISTA,TONY FRANCO,BALDEON GARCIA,Partido Nacionalista Peruano,2014,2015
PARTIDO HUMANISTA PERUANO,CONGRESISTA,TONY FRANCO,BALDEON GARCIA,Partido Democratico Somos Peru,2006,2011
PARTIDO HUMANISTA PERUANO,CONGRESISTA,WALTER ANTONIO,ZAMORA CAPELLI,Partido Nacionalista Peruano,2006,2010
PARTIDO HUMANISTA PERUANO,CONGRESISTA,YESENIA,DEL AGUILA ROMERO ,Accion Popular,2010,2015
PARTIDO HUMANISTA PERUANO,PRIMER VICEPRESIDENTE DE LA REPUBLICA,ROSA DELSA,MAVILA LEON,ORGANIZACIÓN POLÍTICA GANA PERÚ,2012,2013
PARTIDO NACIONALISTA PERUANO,CONGRESISTA,DAVID,APAZA ENRIQUEZ,PARTIDO NACIONALISTA PERUANO,2005,2014
PARTIDO NACIONALISTA PERUANO,CONGRESISTA,TOMAS MARTIN,ZAMUDIO BRICEÑO,UPP,2005,2010
PARTIDO POLITICO ORDEN,CONGRESISTA,ALEJANDRO FRANCISCO,CUELLAR LEYVA,Partido Popular Cristiano,2002,2007
PARTIDO POLITICO ORDEN,CONGRESISTA,ALLISON,QUISPE ALVAREZ,PARTIDO POPULAR CRISTIANO,2004,2014
PARTIDO POLITICO ORDEN,CONGRESISTA,ARACELY MILUSKA,RUIZ TOCAS,RESTAURACION NACIONAL,2005,2015
PARTIDO POLITICO ORDEN,CONGRESISTA,BEATRIZ JULIA,VALENCIA CAMPOVERDE,PARTIDO POPULAR  CRISTIANO - PPC,2011,2015
PARTIDO POLITICO ORDEN,CONGRESISTA,BEATRIZ JULIA,VALENCIA CAMPOVERDE,PARTIDO DEMOCRATICO SOMOS PERU,2010,2011
PARTIDO POLITICO ORDEN,CONGRESISTA,CARLOS ALBERTO,TORRES CARO,PARTIDO NACIONALISTA PERUANO,2006,2008
PARTIDO POLITICO ORDEN,CONGRESISTA,CESAR HUMBERTO,GALINDO AGUIRRE,ACCION POPULAR,1990,2015
PARTIDO POLITICO ORDEN,CONGRESISTA,CRISTINA,HUAMANÑAHUI BARAZORDA,xxxx,2016,0
PARTIDO POLITICO ORDEN,CONGRESISTA,DIOGENES AMARANTE,JUAREZ CAMPOS,PARTIDO APRISTA PERUANO,1997,2014
PARTIDO POLITICO ORDEN,CONGRESISTA,EMILIANO ELIAS,MENDOZA ZEVALLOS,APP,2008,2015
PARTIDO POLITICO ORDEN,CONGRESISTA,ENITH SADITH,CHUQUIVAL SAAVEDRA,Perú Posible,1999,2006
PARTIDO POLITICO ORDEN,CONGRESISTA,FIDEL ALFREDO,CLARO SINCHE,PERU POSIBLE,2002,2012
PARTIDO POLITICO ORDEN,CONGRESISTA,FIDEL ALFREDO,CLARO SINCHE,PARTIDO NACIONALISTA,2012,2015
PARTIDO POLITICO ORDEN,CONGRESISTA,GUSTAVO ADOLFO,CUADROS OVIEDO,PARTIDO POPULAR CRISTIANO,1980,2011
PARTIDO POLITICO ORDEN,CONGRESISTA,HENRY WILFREDO,PAICO BERNILLA,PARTIDO APRISTA PERIUANO,2006,2010
PARTIDO POLITICO ORDEN,CONGRESISTA,IRMA EUDORA,BURNEO ARRESE,PARTIDO POPULAR CRISTIANO,1983,2009
PARTIDO POLITICO ORDEN,CONGRESISTA,JHONY,PARDAVE LIVIA,PARTIDO POPULAR CRISTIANO ,2005,2009
PARTIDO POLITICO ORDEN,CONGRESISTA,JUAN BENITO,VALENCIA VARGAS,Partido Popular Cristiano,2004,2008
PARTIDO POLITICO ORDEN,CONGRESISTA,MARCELINO WALTER,MARQUINA SALGUERO,PARTIDO POPULAR CRISTIANO,2005,2009
PARTIDO POLITICO ORDEN,CONGRESISTA,MARCELINO WALTER,MARQUINA SALGUERO,PARTIDO APRISTA PERUANO,2008,2009
PARTIDO POLITICO ORDEN,CONGRESISTA,MERY LUCY,BOTTON ESTRADA,Partido Popular Cristiano,1994,2003
PARTIDO POLITICO ORDEN,CONGRESISTA,NORMANDO,MOZOMBITE MENDOZA,ACCIÓN POPULAR,2004,2007
PARTIDO POLITICO ORDEN,CONGRESISTA,ROMULO,MUCHO MAMANI,PERU POSIBLE,2005,2013
PARTIDO POLITICO ORDEN,CONGRESISTA,ROSA AMALIA,PARI QUENTA,NINGUNA,2015,2015
PARTIDO POLITICO ORDEN,CONGRESISTA,RUBEN ANGELINO,AZURIN ALVAREZ,PARTIDO POPULAR CRISTIANO ,2005,2014
PARTIDO POLITICO ORDEN,CONGRESISTA,SATURDINO,BRAN AGUILAR,PARTIDO NACIONALISTA PERUANO,2011,2016
PARTIDO POLITICO ORDEN,CONGRESISTA,SONIA MERCEDES,PAREDES BARRIGA,Partido Popular Cristiano,1976,2015
PARTIDO POLITICO ORDEN,CONGRESISTA,VIHELMO CEFERINO,VELAPATIÑO COCHACHI,PARTIDO POLÍTICO PERÚ POSIBLE,2011,2015
PARTIDO POLITICO ORDEN,CONGRESISTA,YNES MERCEDES,TRUJILLO VIDAL,Partido Político Vamos Perú,2014,2015
PARTIDO POLITICO ORDEN,PRESIDENTE DE LA REPUBLICA,ANTERO,FLORES ARAOZ ESPARZA,Partido Popular Cristiano -PPC,1986,2007
PARTIDO POLITICO ORDEN,PRIMER VICEPRESIDENTE DE LA REPUBLICA,ROMULO,MUCHO MAMANI,PERU POSIBLE,2005,2013
PARTIDO POLITICO ORDEN,SEGUNDO VICEPRESIDENTE DE LA REPUBLICA,MERY LUCY,BOTTON ESTRADA,Partido Popular Cristiano,1994,2003
PERU LIBERTARIO,CONGRESISTA,CESAR,ACHING GUZMAN,PARTIDO APRISTA PERUANO ,2008,2014
PERU LIBERTARIO,CONGRESISTA,CLETO DANIEL,VALENCIA EYZAGUIRRE,PARTIDO POLITICO PERU POSIBLE,2001,2009
PERU LIBERTARIO,CONGRESISTA,FELICIANO REYNALDO,MENDOZA COSI,FRENTE AMPLIO ,2014,2015
PERU LIBERTARIO,CONGRESISTA,GUSTAVO DACIO,ESPINOZA SOTO,UNION POR EL PERU,2006,2008
PERU LIBERTARIO,CONGRESISTA,GUSTAVO DACIO,ESPINOZA SOTO,APRA,2004,2005
PERU LIBERTARIO,CONGRESISTA,IVAN,OVALLE ESCALANTE,MOVIMIENTO POPULAR CALLPA,2011,2011
PERU LIBERTARIO,CONGRESISTA,JOSE PASCUAL,PALACIOS MOGOLLON,PARTIDO NACIONALISTA PERUANO-PNP,2005,2015
PERU LIBERTARIO,CONGRESISTA,MARCELA ROCIO,SALDARRIAGA ORTIZ,UNIÓN POR EL PERU,2007,2010
PERU LIBERTARIO,CONGRESISTA,MOISES VIDAL,RAMON GONZALES,PARTIDO PERU POSIBLE,2005,2010
PERU LIBERTARIO,CONGRESISTA,RICARDO,AGUILERA ULLOA,PARTIDO NACIONALISTA PERUANO,2011,2015
PERU LIBERTARIO,CONGRESISTA,SANDRA NAHELY,VARGAS MOLINA,PARTIDO  POLÍTICO   VERDE,2012,2015
PERU LIBERTARIO,CONGRESISTA,SANDRA NAHELY,VARGAS MOLINA,SECRETARIA  NACIONAL   DE  INCLUSION,2012,2015
PERU LIBERTARIO,CONGRESISTA,SUSANA,VEGA SUDARIO,PARTIDO NACIONALISTA,2014,2014
PERU LIBERTARIO,CONGRESISTA,TEOFILO ELKI,FIESTAS PAZ,BLOQUE POPULAR,2010,2011
PERU LIBERTARIO,CONGRESISTA,TEOFILO ELKI,FIESTAS PAZ,PARTIDO SOCIALISTA,2005,2007
PERU LIBERTARIO,CONGRESISTA,VICTOR TORIBIO,QUISPE SALAZAR,PARTIDO NACIONALISTA PERUANO,2005,2006
PERU LIBERTARIO,CONGRESISTA,YANINA SOCORRO,POVEDA MERCEDES,PARTIDO POPULAR CRISTIANO,2009,2015
PERU LIBERTARIO,PRESIDENTE DE LA REPUBLICA,VLADIMIR ROY,CERRON ROJAS,MOVIMIENTO POLITICO REGIONAL PERU LIBRE,2007,2013
PERU LIBERTARIO,PRESIDENTE DE LA REPUBLICA,VLADIMIR ROY,CERRON ROJAS,FRENTE PATRIOTA PERUANO,2006,2007
PERU LIBERTARIO,PRESIDENTE DE LA REPUBLICA,VLADIMIR ROY,CERRON ROJAS,PARTIDO NACIONALISTA PERUANO,2005,2006
PERU LIBERTARIO,PRIMER VICEPRESIDENTE DE LA REPUBLICA,JORGE LUIS,PAREDES TERRY,PARTIDO NACIONALISTA PERUANO,2006,2013
PERU NACION,CONGRESISTA,ALEJANDRO,VILLANUEVA BOLAÑOS,Partido Popular Cristiano - PPC,1977,2011
PERU NACION,CONGRESISTA,ALFREDO,BABA NAKAO,"APRA, PPC",1975,1985
PERU NACION,CONGRESISTA,JAKELINE,MOZOMBITE MORALES,MOVIMIENTO INDEPENDIENTE JUNTOS POR EL DESARROLLO,2006,2011
PERU NACION,CONGRESISTA,JORGE ANTONIO,BOHORQUEZ MONTOYA,Partido Popular Cristiano,1967,1989
PERU NACION,CONGRESISTA,JUAN ARTURO,ZAVALA GARCIA,partido aprista del peru,1998,2002
PERU NACION,CONGRESISTA,LUIS ALBERTO,SANCHEZ CACERES,Partido Aprista Peruano,2008,2015
PERU NACION,CONGRESISTA,LUIS EDGAR,PALOMINO CABRERA,APRA,2005,2016
PERU NACION,CONGRESISTA,MOISES,ARISTA ESTACIO,Partido Politico Peru Nacion,2015,2015
PERU NACION,PRESIDENTE DE LA REPUBLICA,FRANCISCO ERNESTO,DIEZ-CANSECO TÁVARA,Movimiento de Bases Hayistas,1983,1989
PERU PATRIA SEGURA,CONGRESISTA,EFRAIN WALTER,CRUZ MAMANI,PERU POSIBLE,2005,2010
PERU PATRIA SEGURA,CONGRESISTA,FREDDY MODESTO,MONTESINOS RIOS,ACCION POPULAR,1979,2015
PERU PATRIA SEGURA,CONGRESISTA,LUIS ALBERTO,AYAUJA MALLMA,FUERZA 2011,2010,2011
PERU PATRIA SEGURA,CONGRESISTA,MAX ANTONIO,ORELLANA FIORI,PARTIDO NACIONALISTA DEL PERU ,2011,2015
PERU PATRIA SEGURA,CONGRESISTA,NEISSER,CUEVA CABALLERO,Partido Nacionalista ,2011,2013
PERU PATRIA SEGURA,CONGRESISTA,PEDRO HUMBERTO,JINES ARROYO,SI CUMPLE,1998,2009
PERU PATRIA SEGURA,CONGRESISTA,RAUL ANDRES,POMA PALACIOS,Acción Popular,1989,1990
PERU PATRIA SEGURA,CONGRESISTA,RAUL ANDRES,POMA PALACIOS,Partido Nacionalista del Perú,2006,2009
PERU PATRIA SEGURA,CONGRESISTA,RUTH MONICA,VELASQUEZ CARRANZA,ACCION POPULAR,2005,2014
PERU PATRIA SEGURA,CONGRESISTA,TILER NIRO,MANRIQUE PRADO,PARTIDO POPULAR CRISTIANO,2002,2005
PERU POSIBLE,CONGRESISTA,CARMEN ZOILA,VELASQUEZ TABOADA,PERU POSIBLE,2007,2013
PERU POSIBLE,CONGRESISTA,CARMEN ZOILA,VELASQUEZ TABOADA,ALIANZA PARA EL PROGRESO,2013,2014
PERU POSIBLE,CONGRESISTA,CIRO JERSY,CANCHUMANI SALOME,PARTIDO NACIONALISTA PERUANO,2011,2012
PERU POSIBLE,CONGRESISTA,EDUARDO,SALHUANA CAVIDES,PERU POSIBLE,2005,2015
PERU POSIBLE,CONGRESISTA,FRANK,LINARES PEREZ ,PARTIDO APRISTA PERUANO,2001,2014
PERU POSIBLE,CONGRESISTA,GLYNDA LINA,LOZANO PEREZ ,PARTIDO POPULAR CRISTIANO,2009,2011
PERU POSIBLE,CONGRESISTA,IVAN PAOLO,MONTALVO INOCENTE,ACCIÓN POPULAR,2003,2005
PERU POSIBLE,CONGRESISTA,LUIS ALBERTO,CLAUDIO ORELLANA,ALIANZA PARA EL PROGRESO,2010,2013
PERU POSIBLE,CONGRESISTA,MANUEL,RIOS ARCE,PARTIDO APRISTA PERUANO,2004,2010
PERU POSIBLE,CONGRESISTA,MARIA DEL CARMEN,OMONTE DURAND,Despertar Nacional,2005,2007
PERU POSIBLE,CONGRESISTA,MIGUEL AGUSTIN,PUESCAS RODRIGUEZ,Partido Nacionalista,2009,2013
PERU POSIBLE,CONGRESISTA,OSCAR ROLANDO,MORALES VEGA ,PARTIDO APRISTA PERUANO,1968,2000
PERU POSIBLE,CONGRESISTA,ROBERTO EDMUNDO,ANGULO ALVAREZ,PARTIDO NACIONALISTA,2005,2015
PERU POSIBLE,CONGRESISTA,RUTH,QUISPE VALENZUELA,PARTIDO NACIONALISTA,2009,2015
PERU POSIBLE,CONGRESISTA,RUTH,QUISPE VALENZUELA,PARTIDO NACIONALISTA,2009,2015
PERU POSIBLE,SEGUNDO VICEPRESIDENTE DE LA REPUBLICA,MARIA DEL CARMEN,OMONTE DURAND,Despertar Nacional,2005,2007
PERUANOS POR EL KAMBIO,CONGRESISTA,ABACINIAS ELCIAS,ROMAN PALACIN,"MOV. INDEPENDIENTE UNIDOS POR JUNIN, SIERRA Y SELVA",2005,2011
PERUANOS POR EL KAMBIO,CONGRESISTA,ABEL GRIMER,BULNES ROJAS,"PARTIDO POLITICO "" CAMBIO RADICAL"" ",2010,2012
PERUANOS POR EL KAMBIO,CONGRESISTA,ABEL GRIMER,BULNES ROJAS,"PARTIDO POLÍTICO ""CONFIANZA PERÚ""",2014,2014
PERUANOS POR EL KAMBIO,CONGRESISTA,ABEL GRIMER,BULNES ROJAS,"PARTIDO POLÍTICO ""VAMOS PERÚ""",2014,2015
PERUANOS POR EL KAMBIO,CONGRESISTA,ALBERTO,DE BELAUNDE DE CARDENAS,"PARTIDO DEMOCRATICO ""SOMOS PERU""",2014,2015
PERUANOS POR EL KAMBIO,CONGRESISTA,ALBERTO EUGENIO,OLIVA CORRALES,MOVIMIENTO REGIONAL OBRAS POR LA MODERNIDA,2014,2015
PERUANOS POR EL KAMBIO,CONGRESISTA,ALDO FRANCO LEON,LOMBARDI MONTERO,PARTIDO DEMOCRATICO SOMOS PERU,2004,2005
PERUANOS POR EL KAMBIO,CONGRESISTA,ANA MELVA,BERNUY RAMIREZ ,ALIANZA PARA EL PROGRESO,2006,2007
PERUANOS POR EL KAMBIO,CONGRESISTA,AUGUSTO,SIPION BARRIOS,PARTIDO POLITICO VAMOS PERU,2014,2015
PERUANOS POR EL KAMBIO,CONGRESISTA,CARLOS ALBERTO,MONTERO VILLEGAS,FUERZA NACIONAL,2005,2010
PERUANOS POR EL KAMBIO,CONGRESISTA,CARLOS FERNANDO,ARMAS ABRILL,UNIÓN POR EL PERÚ,2011,2015
PERUANOS POR EL KAMBIO,CONGRESISTA,CARLOS RICARDO,BRUCE MONTES DE OCA,SOMOS PERU,2000,2000
PERUANOS POR EL KAMBIO,CONGRESISTA,CARLOS RICARDO,BRUCE MONTES DE OCA,PERU POSIBLE (EXPULSION),2001,2011
PERUANOS POR EL KAMBIO,CONGRESISTA,CARMEN RAQUEL,NUÑEZ RENGIFO,"MOV. POLIT,. MOTOR DEL DESARROLLO",2005,2006
PERUANOS POR EL KAMBIO,CONGRESISTA,CAYO,CONDEZO MEZA,PERU POSIBLE,2011,2014
PERUANOS POR EL KAMBIO,CONGRESISTA,CAYO,CONDEZO MEZA,ALIANZA PARA EL PROGRESO,2010,2011
PERUANOS POR EL KAMBIO,CONGRESISTA,CECILIA ROXANA,TAIT VILLACORTA,PERU POSIBLE,2011,2012
PERUANOS POR EL KAMBIO,CONGRESISTA,CLEMENTE,FLORES VILCHEZ,MOVIMIENTO REGIONAL: ''CONTIGO LAMBAYEQUE'',2013,2014
PERUANOS POR EL KAMBIO,CONGRESISTA,DAMIAN,DE LA CRUZ CCANTO,PARTIDO DEMOCRATIO SOMOS PERU,2012,2015
PERUANOS POR EL KAMBIO,CONGRESISTA,DONATO,DIAZ AYALA,SIEMPRE UNIDOS,2008,2012
PERUANOS POR EL KAMBIO,CONGRESISTA,EDUARDO,ESPINOZA RAMOS,UNION POR EL PERU,2004,2014
PERUANOS POR EL KAMBIO,CONGRESISTA,ELSA LOURDES,COLL CALDERON ,PARTIDO POPULAR CRISTIANO,2007,2015
PERUANOS POR EL KAMBIO,CONGRESISTA,ERIBERTO,VILLANUEVA CASTREJON,Unión por el Perú,2005,2015
PERUANOS POR EL KAMBIO,CONGRESISTA,FLOR DE MARIA,VALLE CULQUICONDOR,PERU POSIBLE,2000,2010
PERUANOS POR EL KAMBIO,CONGRESISTA,FLOR MARISOL,BOCANEGRA URTECHO,PERÚ PATRIA SEGURA,2010,2015
PERUANOS POR EL KAMBIO,CONGRESISTA,FRANCISCO KELER,RENGIFO KHAN,UNION POR EL PERU,2014,2015
PERUANOS POR EL KAMBIO,CONGRESISTA,FREDDY ANGELLO,SIFUENTES OCAÑA,ALIANZA PARA EL PROGRESO ,2006,2007
PERUANOS POR EL KAMBIO,CONGRESISTA,GERMAN,CORDOVA VIDAL,PARTIDO POLITICO PERU POSIBLE,2009,2013
PERUANOS POR EL KAMBIO,CONGRESISTA,GINO FRANCISCO,COSTA SANTOLALLA,PARTIDO POR LA DEMOCRACIA SOCIAL,2005,2006
PERUANOS POR EL KAMBIO,CONGRESISTA,GINO FRANCISCO,COSTA SANTOLALLA,SOMOS PERÚ,2015,2015
PERUANOS POR EL KAMBIO,CONGRESISTA,GIOCONDA ROSALBA,TRIPI MORALES,MOVIMIENTO INDEPENDIENTE CHIM PUM CALLAO,1996,2014
PERUANOS POR EL KAMBIO,CONGRESISTA,GLADYS SOFIA,RODRIGUEZ ASPAJO,ALIANZA PARA EL PROGRESO,2010,2013
PERUANOS POR EL KAMBIO,CONGRESISTA,GONZALO EDUARDO,SANCHEZ BOCANEGRA,PARTIDO POLITICO VAMOS PERU,2014,2014
PERUANOS POR EL KAMBIO,CONGRESISTA,GONZALO EDUARDO,SANCHEZ BOCANEGRA,PARTIDO POLITICO PERU POSIBLE,1999,2012
PERUANOS POR EL KAMBIO,CONGRESISTA,HAROLD LEONCIO,BURGOS HERRERA,PARTIDO APRISTA PERUANO,2008,2015
PERUANOS POR EL KAMBIO,CONGRESISTA,HECTOR HUGO,CHAVEZ CHUCHON,PARTIDO POPULAR CRISTIANO ,2001,2002
PERUANOS POR EL KAMBIO,CONGRESISTA,HECTOR HUGO,CHAVEZ CHUCHON,PERU POSIBLE,2010,2015
PERUANOS POR EL KAMBIO,CONGRESISTA,ISAAC ERNESTO,MOLINA CHAVEZ,MOVIMIENTO INDEPENDIENTE INNOVACION REGIONAL AYACUCHO,2005,2015
PERUANOS POR EL KAMBIO,CONGRESISTA,IVONNE,CONTRERAS CAMACHO,MOVIMIENTO POPULAR KALLPA,2007,2010
PERUANOS POR EL KAMBIO,CONGRESISTA,JANET EMILIA,SANCHEZ ALVA,UNION DEMOCRÁTICA CHALACA -UDC,2012,2013
PERUANOS POR EL KAMBIO,CONGRESISTA,JANET EMILIA,SANCHEZ ALVA,PARTIDO APRISTA PERUANO,2004,2005
PERUANOS POR EL KAMBIO,CONGRESISTA,JAVIER FERNANDO MIGUEL,ATKINS LERGGIOS,MOVIMIENTO REGIONAL CONSTRUYENDO REGION,2009,2012
PERUANOS POR EL KAMBIO,CONGRESISTA,JAVIER REMBERTO,ZEBALLOS CHAVEZ,PERU POSIBLE,2005,2010
PERUANOS POR EL KAMBIO,CONGRESISTA,JORGE ENRIQUE,MELENDEZ CELIS,MOVIMIENTO INTEGRACIÓN LORETANA ,2010,2015
PERUANOS POR EL KAMBIO,CONGRESISTA,JORGE ENRIQUE,MELENDEZ CELIS,PARTIDO APRISTA PERUANO ,2005,2005
PERUANOS POR EL KAMBIO,CONGRESISTA,JORGE LUIS,VILLACORTA CARRANZA,PERU POSIBLE,2000,2011
PERUANOS POR EL KAMBIO,CONGRESISTA,JORGE WILSON,RIOS PEZO,PARTIDO APRISTA PERUANO,2004,2013
PERUANOS POR EL KAMBIO,CONGRESISTA,JUAN MANUEL KOSME,SHEPUT MOORE,PERÚ POSIBLE,1998,2014
PERUANOS POR EL KAMBIO,CONGRESISTA,LUIS ALBERTO,BOCANGEL RAMIREZ,PARTIDO POPULAR CRISTIANO,2005,2010
PERUANOS POR EL KAMBIO,CONGRESISTA,LUIS ALBERTO,CASTILLO POLO,MOVIMIENTO PARA EL DESARROLLO PROVINCIAL,2005,2007
PERUANOS POR EL KAMBIO,CONGRESISTA,LUIS ALFONSO,MONCADA VIGO,PARTIDO HUMANISTA,2008,2012
PERUANOS POR EL KAMBIO,CONGRESISTA,LUIS ALFONSO,MONCADA VIGO,ALIANZA PARA EL PROGRESO,2005,2007
PERUANOS POR EL KAMBIO,CONGRESISTA,LUIS POMPILIO,RAMIREZ PINEDO,PARTIDO POLITICO PERU POSIBLE,2005,2013
PERUANOS POR EL KAMBIO,CONGRESISTA,MARCELINA,DIESTRA DE ANCHARAICO,PARTIDO POPULAR CRISTIANO (PPC),2010,2011
PERUANOS POR EL KAMBIO,CONGRESISTA,MARCIAL GIANCARLO JESUS,CONTRERAS SALAZAR,Partido Democrático Somos Perú,2014,2015
PERUANOS POR EL KAMBIO,CONGRESISTA,MARCO ANTONIO,MALDONADO GUTARRA,ACCION POPULAR,2005,2010
PERUANOS POR EL KAMBIO,CONGRESISTA,MARIO DELFIN,RIOS ESPINOZA,MOVIMIENTO ESPERANZA REGION AMAZONICA,2005,2015
PERUANOS POR EL KAMBIO,CONGRESISTA,MARIO NEMECIO,MELO VILLALVA,PERU POSIBLE,2002,2003
PERUANOS POR EL KAMBIO,CONGRESISTA,MAURICIO,RODRIGUEZ RODRIGUEZ,PROYECTO POLITICO AQUI,2010,2014
PERUANOS POR EL KAMBIO,CONGRESISTA,MAURO MAURICIO,VILA BEJARANO,SOLIDARIDAD NACIONAL,2010,2014
PERUANOS POR EL KAMBIO,CONGRESISTA,MOISES BARTOLOME,GUIA PIANTO, RESTAURACIÓN NACIONAL ,2009,2010
PERUANOS POR EL KAMBIO,CONGRESISTA,MOISES BARTOLOME,GUIA PIANTO,PARTIDO NACIONALISTA PERUANO,2005,2009
PERUANOS POR EL KAMBIO,CONGRESISTA,NIDIA ORFELINDA,PUELLES BECERRA ,RESTAURACION NACIONAL ,2011,2012
PERUANOS POR EL KAMBIO,CONGRESISTA,NIDIA ORFELINDA,PUELLES BECERRA ,PERU POSIBLE ,2001,2009
PERUANOS POR EL KAMBIO,CONGRESISTA,RAFAEL,VARGAS MALAGA,ACCION POPULAR,2005,2010
PERUANOS POR EL KAMBIO,CONGRESISTA,RAUL,DIAZ PEREZ,UNION POR EL PERU,2006,2014
PERUANOS POR EL KAMBIO,CONGRESISTA,RAUL MARIO,ORTIZ RODRIGUEZ,PARTIDO POPULAR CRISTIANNO,2004,2013
PERUANOS POR EL KAMBIO,CONGRESISTA,RICHARD HERCELLES,NEIRA COLMENARES,ALIANZA PARA EL PROGRESO,2014,2015
PERUANOS POR EL KAMBIO,CONGRESISTA,ROBERTO GAMANIEL,VIEIRA PORTUGAL ,FUERZA 2011,2009,2011
PERUANOS POR EL KAMBIO,CONGRESISTA,ROBERTO GAMANIEL,VIEIRA PORTUGAL ,SI CUMPLE,2004,2008
PERUANOS POR EL KAMBIO,CONGRESISTA,ROBERTO GAMANIEL,VIEIRA PORTUGAL ,VAMOS PERU,2011,2012
PERUANOS POR EL KAMBIO,CONGRESISTA,ROSARIO ESTHER,NOVOA ESPINOZA,UPP / UNIÓN POR EL PERÚ,2005,2014
PERUANOS POR EL KAMBIO,CONGRESISTA,ROSINA LUCI,RIVAS ALLAUCA,APRA,2009,2010
PERUANOS POR EL KAMBIO,CONGRESISTA,SALEH CARLOS SALVADOR,HERESI CHICOMA,PARTIDO POPULAR CRISTIANO,2004,2010
PERUANOS POR EL KAMBIO,CONGRESISTA,SALEH CARLOS SALVADOR,HERESI CHICOMA,CAMBIO RADICAL,2010,2011
PERUANOS POR EL KAMBIO,CONGRESISTA,SERGIO ANGEL,CORDOVA CENA,PARTIDO POLÍTICO PERÚ POSIBLE,2009,2010
PERUANOS POR EL KAMBIO,CONGRESISTA,TEODORO NICANOR,FIGUEROA ROSARIO,MOVIMIENTO REGIONAL PURO ANCASH,2008,2010
PERUANOS POR EL KAMBIO,CONGRESISTA,TEODORO NICANOR,FIGUEROA ROSARIO,PARTIDO APRISTA PERUANO,2005,2006
PERUANOS POR EL KAMBIO,CONGRESISTA,VICENTE ANTONIO,ZEBALLOS SALINAS, COMPROMISO Y DESARROLO,2006,2011
PERUANOS POR EL KAMBIO,CONGRESISTA,VICENTE ANTONIO,ZEBALLOS SALINAS,UNION POR EL PERU,2011,2015
PERUANOS POR EL KAMBIO,CONGRESISTA,WALTER GILMER,CHIRINOS PURIZAGA,Solidaridad Nacional,2014,2014
PERUANOS POR EL KAMBIO,CONGRESISTA,WALTER JESUS,SALAS ZAPATA,PERU POSIBLE,2005,2007
PERUANOS POR EL KAMBIO,CONGRESISTA,YURI TOFANO,HUAQUISTO ALATRISTA,ACCION POPULAR,1980,2010
PROGRESANDO PERU,CONGRESISTA,DIANA,MORI GONZALES DE TOULLEC,UCAYALI REGIÓN CON FUTURO,2014,2015
PROGRESANDO PERU,CONGRESISTA,MARIO,HUAYLLA QUISPE,Unión por el Perú,2005,2010
PROGRESANDO PERU,CONGRESISTA,OSCAR EMIGDIO,ALIAGA SANTANDER,Restauraion Mecional,2004,2015
PROGRESANDO PERU,CONGRESISTA,RAUL TEOFILO,GUEVARA ZELAYA,PARTIDO POLÍTICO POPULAR CRISTIANO,2007,2014
PROGRESANDO PERU,CONGRESISTA,YLDEFONZO SEVERIANO,ESPINOZA CANO,FONAVISTAS DEL PERU,2011,2011
PROGRESANDO PERU,CONGRESISTA,YLDEFONZO SEVERIANO,ESPINOZA CANO,ALIANZA POR EL PROGRESO,2006,2006
PROGRESANDO PERU,SEGUNDO VICEPRESIDENTE DE LA REPUBLICA,SILVIA LUZ,PAREJA GARCIA,PARTIDO POPULAR CRISTIANO,1977,2006
PROGRESANDO PERU,SEGUNDO VICEPRESIDENTE DE LA REPUBLICA,SILVIA LUZ,PAREJA GARCIA,PARTIDO NACIONALISTA PERUANO,2006,2015
TODOS POR EL PERU,CONGRESISTA,ALAN,BENEL CERNA,Movimiento Nueva Izquierda,2010,2012
TODOS POR EL PERU,CONGRESISTA,ALFREDO ERNESTO,SANCHEZ CAHUANA,PARTIDO NACIONALISTA PERUANO,2006,2013
TODOS POR EL PERU,CONGRESISTA,ANYLLI MARILU,VEGA PACAHUALA,TODOS POR EL PERU,2005,2015
TODOS POR EL PERU,CONGRESISTA,ARTURO,CASTILLO CHIRINOS,Acción Popular,1967,2005
TODOS POR EL PERU,CONGRESISTA,AYDEE,ESPINOZA PALOMINO,TODOS UNIDOS POR ABANCAY,2005,2007
TODOS POR EL PERU,CONGRESISTA,AYDEE,ESPINOZA PALOMINO,AGRUPACIÓN POR EL DESARROLLO DE ABANCAY ,2010,2011
TODOS POR EL PERU,CONGRESISTA,CARLOS ALBERTO,BOHORQUEZ CASTELLARES,MOVIMIENTO CIVICO PERUANO,2014,2015
TODOS POR EL PERU,CONGRESISTA,CARLOS ANDRES,HUAMAN TOMECICH,Acción Popular,2012,2015
TODOS POR EL PERU,CONGRESISTA,CARMELA SILENE,SALAZAR JAUREGUI,SENTIMIENTO AMAZONENSE REGIONAL,2013,2016
TODOS POR EL PERU,CONGRESISTA,CARMEN,FELIPE SOTO,PERU POSIBLE,2005,2012
TODOS POR EL PERU,CONGRESISTA,FRANCISCO RAFAEL,SAGASTI HOCHHAUSLER,PARTIDO POR LA DEMOCRACIA SOCIAL/ FUERZA SOCIAL,2000,2014
TODOS POR EL PERU,CONGRESISTA,FREDDI ROLAND,RODRIGUEZ ORDOÑEZ,CON FUERZA PERU,2005,2007
TODOS POR EL PERU,CONGRESISTA,GLADYS,ESPINOZA VASQUEZ,ORGANIZACION CRISTIANA DE INDEPENDENCIA,2010,2011
TODOS POR EL PERU,CONGRESISTA,GUSTAVO JUAN,PROLEON PONCE,Justicia Nacional,2006,2007
TODOS POR EL PERU,CONGRESISTA,HEIDY YESSENIA,PEREZ MIRANDA,PARTIDO NACIONALISTA PERUANO,2014,2015
TODOS POR EL PERU,CONGRESISTA,IRMA,PANDURO TORRES,Partido Político Perú Posible,2007,2014
TODOS POR EL PERU,CONGRESISTA,JOHN ALEXANDER,TORRES ROSELLO,PERU POSIBLE,2005,2010
TODOS POR EL PERU,CONGRESISTA,JOSE RICARDO,RACCHUMI DEL MAESTRO,PERU POSIBLE,2001,2004
TODOS POR EL PERU,CONGRESISTA,JUAN MANUEL,NEGRETE CARHUARICRA,Partido Democrático Somos Perú,2014,2015
TODOS POR EL PERU,CONGRESISTA,JUANA ESPERANZA,JARA CESPEDES,TRIUNFA PERU,2011,2015
TODOS POR EL PERU,CONGRESISTA,JUANA MAURA,UMASI LLAVE,PERÚ POSIBLE,2001,2012
TODOS POR EL PERU,CONGRESISTA,MELVIN GRIMALDO,RODRIGUEZ MINCHOLA,UNION POR EL PERU,2015,2015
TODOS POR EL PERU,CONGRESISTA,NOE FILIMON,ACUÑA FERNANDEZ,Restauración Nacional,2012,2015
TODOS POR EL PERU,CONGRESISTA,SANDRA MARIA,GONZALES GOMEZ,FRENTE AMPLIO POR JUSTICIA VIDA Y LIBERTAD,2012,2015
TODOS POR EL PERU,CONGRESISTA,WILLIAMS,AUCCAHUASI ALMIDON,MOVIMIENTO LLAPANCHIK,2003,2007
TODOS POR EL PERU,CONGRESISTA,WILLMERTH,CANTEÑO ALBORNOZ,Partido Político Perú Posible,2000,2006
