ORGANIZACION_POLITICA,CARGO_AUTORIDAD,NOMBRES,APELLIDOS,NOMBRE_CENTRO,NOMBRE_CARRERA,FECHAS,CONCLUIDO
ACCION POPULAR,CONGRESISTA,AMELIA HILDA,CELIS SOTO,UNDAC PASCO,TUTORIA EDUCATIVA,2014 - 0,Concluido
ACCION POPULAR,CONGRESISTA,AMELIA HILDA,CELIS SOTO,"UNIVERSIDAD NACIONAL ""GUZMÁN Y VALLE""",EDUCACION PRIMARIA,2005 - 2005,Concluido
ACCION POPULAR,CONGRESISTA,ANA MARIA,BUSTAMANTE SANCHEZ,"ISP. "" TORIBIO RODRIGUEZ DE MENDOZA""",EDUCACION,1982 - 1985,Concluido
ACCION POPULAR,CONGRESISTA,BLANCA MARIA,ROCHA VDA DE JANZ,CENTRO CULTURAL PONTIFICA UNIVERSIDAD CATOLICA,TALLER DE CIENCIA POLITICA,2011 - 2011,Concluido
ACCION POPULAR,CONGRESISTA,BLANCA MARIA,ROCHA VDA DE JANZ,ACADEMIA DE MAGISTERES Y DOCTORES,CONCILIACION EXTRAJUDICIAL ,1997 - 1997,Concluido
ACCION POPULAR,CONGRESISTA,EDELMIRA,RAMOS LOZANO,IST 4 DE JUNIO 1821-JAEN,TECNICO EN CONTABILIDAD,1990 - 1992,Concluido
ACCION POPULAR,CONGRESISTA,EDELMIRA,RAMOS LOZANO,CESAM- LIMA,SECRETARIADO EJECUTIVO,1987 - 1988,Concluido
ACCION POPULAR,CONGRESISTA,ERIC,SEGURA TTITO,ESCUELA MILITAR DE CHORRILLOS,FORMACIÓN DE OFICIALES DEL EJERCITO,1992 - 1995,Concluido
ACCION POPULAR,CONGRESISTA,GIOVANNA ELIZABETH,CASTRO VILLANUEVA,ISP. HNO. VICTORINO ELORZ GOICOCHEA,HISTORIA Y GEOGRAFIA,1991 - 1996,Concluido
ACCION POPULAR,CONGRESISTA,GLORIA ALBINA,ALVARADO ROMERO,IPAE,ADMINISTRACIÓN DE PERSONAL ,1985 - 1985,Concluido
ACCION POPULAR,CONGRESISTA,GLORIA ALBINA,ALVARADO ROMERO,COUNCIL FOR PROFESSIONAL RECONGNITTION,CHILD DEVELOPMENT ASOCIATE,2009 - 2013,Concluido
ACCION POPULAR,CONGRESISTA,GLORIA ESTHER,CHIROQUE QUIÑONES,IST COSMOS,SECRETARIADO COMERCIAL,1972 - 1972,Concluido
ACCION POPULAR,CONGRESISTA,JORGE EDUARDO,APONTE REY,I.R.S.E.F.,EDUCACION FISICA,1968 - 1971,Concluido
ACCION POPULAR,CONGRESISTA,JULIO SALVADOR,CORREA CHAVEZ,I.S.P. Ciro Alegría Bazan ,Contabilidad ,1988 - 1990,Concluido
ACCION POPULAR,CONGRESISTA,LIVIA SOLEDAD,MAYOR MONTESINOS,PATMOS - NUEVAS TENDENCIAS; MINJUS,C. E. ESPECIALIZADA EN FAMILIA,2012 - 2012,Concluido
ACCION POPULAR,CONGRESISTA,LIVIA SOLEDAD,MAYOR MONTESINOS,PATMOS - NUEVAS TENDENCIAS; MINJUS,C. E. BÁSICA,2012 - 2012,Concluido
ACCION POPULAR,CONGRESISTA,LUDGERIO,ABANTO ALBARRAN,CENTRO INTERNACIONAL DE ADMINITRACIÓN,MEDIACIÓN Y CONCILIACIÓN,2000 - 2000,Concluido
ACCION POPULAR,CONGRESISTA,LUDGERIO,ABANTO ALBARRAN,ESCUELA DE INTELIGENCIA NACIONAL,INTELIGENCIA ESTRATEGICA,1986 - 0,Concluido
ACCION POPULAR,CONGRESISTA,OLGA,MOREANO VARGAS,CONSORCIO EDUCATIVO ABACO- EIGER,PROGRAMA DE CAPACITACIÓN DE OFIMÁTICA ,2009 - 0,Concluido
ACCION POPULAR,CONGRESISTA,OLGA,MOREANO VARGAS,"I.E.S.T.P "" ANDRÉS VESALIO"" ",COMPUTACIÓN E INFORMÁTICA ,2013 - 2013,Concluido
ACCION POPULAR,CONGRESISTA,OSCAR RAFAEL,BENAVIDES RUIZ,Suny/ Westchester Community College,Home Remodeling,1998 - 1998,Concluido
ACCION POPULAR,CONGRESISTA,PEDRO ADOLFO,FERNANDEZ PAREDES,ESC SUPERIOR DE POLICIA,COEM - PRIMER PUESTO,1990 - 0,Concluido
ACCION POPULAR,CONGRESISTA,PEDRO ADOLFO,FERNANDEZ PAREDES,EO . PNP (EX -GRP),SITE GRP / ESPADA DE HONOR,1973 - 1976,Concluido
ACCION POPULAR,CONGRESISTA,RAUL BENJAMIN,PIZARRO MAYORCA,E.N.S. ENRIQUE GUZMAN Y VALLE,QUIMICA MATEMATICA,1964 - 1967,Concluido
ACCION POPULAR,CONGRESISTA,SILVIA ROSARIO,CHAVEZ SAAVEDRA,ISP CARLOS MEDRANO VASQUEZ,BIOLOGIA Y QUIMICA,1992 - 1997,Concluido
ACCION POPULAR,CONGRESISTA,TSETSEG ELSA,NUNCANQUIT QUIROZ,"ISPP  "" VICTOR ANDRES BELUNDE""",EDUCACION ,2012 - 0,Concluido
ACCION POPULAR,CONGRESISTA,VICTOR ANDRES,GARCIA BELAUNDE,ESCUELA NAVAL DEL PERU,MARINA DE GUERRA,1965 - 1967,No Concluido
ACCION POPULAR,CONGRESISTA,YANETT,FERIA DE TONG,ISP ALMIRANTE MIGUEL GRAU,DOCENCIA,1985 - 1989,Concluido
ACCION POPULAR,CONGRESISTA,YOLANDA,MORI RAMIREZ,PROFECIONALIZACION DOCENTE,I.S.P.E. TARAPOTO,1985 - 1995,Concluido
ACCION POPULAR,PRIMER VICEPRESIDENTE DE LA REPUBLICA,VICTOR ANDRES,GARCIA BELAUNDE,ESCUELA NAVAL DEL PERU,MARINA DE GUERRA,1965 - 1967,No Concluido
ALIANZA ELECTORAL SOLIDARIDAD NACIONAL - UPP,CONGRESISTA,AIDA AZUCENA,LOZANO TRUJILLO,ESCUELA NORMAL JUAN XXIII,CIENCIAS NATURALES,1976 - 1979,Concluido
ALIANZA ELECTORAL SOLIDARIDAD NACIONAL - UPP,CONGRESISTA,CRISANTO CIRILO,ABREGU CANALES,MATEMATICA,I.S.P. ELORZ GOICOCHEA,1988 - 1990,Concluido
ALIANZA ELECTORAL SOLIDARIDAD NACIONAL - UPP,CONGRESISTA,CRISANTO CIRILO,ABREGU CANALES,PRIMARIA,PRIMARIA,1986 - 1987,No Concluido
ALIANZA ELECTORAL SOLIDARIDAD NACIONAL - UPP,CONGRESISTA,DANIEL HUGO,BARRAGAN COLOMA ,ESCUELA DE OFICIALES FAP,ADMINISTRACIÓN GENERAL ,1981 - 1985,Concluido
ALIANZA ELECTORAL SOLIDARIDAD NACIONAL - UPP,CONGRESISTA,DANIEL HUGO,BARRAGAN COLOMA ,CAEN,DEFENSA Y DESARROLLO NACIONAL,1999 - 1999,Concluido
ALIANZA ELECTORAL SOLIDARIDAD NACIONAL - UPP,CONGRESISTA,ELIO NICOLAS,ARCAYA TASAYCO,I.S.T.P. ARGENTINA,ADMINISTRACION,1997 - 1999,Concluido
ALIANZA ELECTORAL SOLIDARIDAD NACIONAL - UPP,CONGRESISTA,ERNESTO ADOLFO,FLORES VILLAVICENCIO,Escuela Militar de Chorrilos,Infanteria,1974 - 1976,Concluido
ALIANZA ELECTORAL SOLIDARIDAD NACIONAL - UPP,CONGRESISTA,JOSE ALEJANDRO,VEGA ANTONIO ,Colegio de Abogados del Cono Norte,Conciliación Extrajudicial,2000 - 2001,Concluido
ALIANZA ELECTORAL SOLIDARIDAD NACIONAL - UPP,CONGRESISTA,JUAN DAVID,PERRY CRUZ,SEMBRANDO VALORES,GESTIÓN DE CONTROL GUBERNAMENTAL,2010 - 2010,Concluido
ALIANZA ELECTORAL SOLIDARIDAD NACIONAL - UPP,CONGRESISTA,JUAN HILMER,GONZALES SANDOVAL ,CENTRO DE INSTRUCCIÓN SUPERIOR - PIP,---,1966 - 1970,Concluido
ALIANZA ELECTORAL SOLIDARIDAD NACIONAL - UPP,CONGRESISTA,JUAN HILMER,GONZALES SANDOVAL ,MINISTERIO DE ECONOMÍA Y FINANZAS,AUDITORIA TRIBUTARIA,1976 - 1976,Concluido
ALIANZA ELECTORAL SOLIDARIDAD NACIONAL - UPP,CONGRESISTA,JUAN HILMER,GONZALES SANDOVAL ,CENTRO DE ALTOS ESTUDIOS MILITARES,---,1996 - 1996,Concluido
ALIANZA ELECTORAL SOLIDARIDAD NACIONAL - UPP,CONGRESISTA,MANUELA GEORGINA,CASHU SANCHEZ,IPAE,ADMINISTRACION DE EMPRESAS,2001 - 2002,No Concluido
ALIANZA ELECTORAL SOLIDARIDAD NACIONAL - UPP,CONGRESISTA,MARIA DEL CARMEN,KOC ZEBALLOS,APECOSE,SEGUROS,2005 - 2005,Concluido
ALIANZA ELECTORAL SOLIDARIDAD NACIONAL - UPP,CONGRESISTA,MARIA DEL CARMEN,KOC ZEBALLOS,CEO  Cesar Vallejo,Secretariado,2000 - 2000,Concluido
ALIANZA ELECTORAL SOLIDARIDAD NACIONAL - UPP,CONGRESISTA,ORESTES POMPEYO,SANCHEZ LUIS ,CENTRO DE FORMACIÓN PROFESIONAL AVENDAÑO,CONCILIACIÓN,2009 - 2009,Concluido
ALIANZA ELECTORAL SOLIDARIDAD NACIONAL - UPP,CONGRESISTA,OSCAR,CORDOVA BASILIO,PROGRAMA MINISTERIAL,ESCUELA DE CRISTO INTERNACIONAL,2000 - 2000,Concluido
ALIANZA ELECTORAL SOLIDARIDAD NACIONAL - UPP,CONGRESISTA,OSCAR,CORDOVA BASILIO,EDUCACIÓN MINISTERIAL,INSTITUTO BÍBLICO ADP ,1997 - 1999,Concluido
ALIANZA ELECTORAL SOLIDARIDAD NACIONAL - UPP,CONGRESISTA,ROMAN LUIS,MARCELO CALLUPE,"Instituto Superior Pedagógico Público ""Gamaniel Blanco Murillo""",Primaria,1985 - 1989,Concluido
ALIANZA ELECTORAL SOLIDARIDAD NACIONAL - UPP,CONGRESISTA,WILFREDO,QUISPE GUTIERREZ ,INSTITUTO SUPERIOR HONORIO DELGADO ESPINOZA,MECANICA DE PRODUCCIÓN,2003 - 2005,Concluido
ALIANZA ELECTORAL SOLIDARIDAD NACIONAL - UPP,CONGRESISTA,ZENON,FARFAN CRUZADO,ESCUELA DE PERIODISMO JAIME BAUSATE MESA ,PERIODISMO,1975 - 1977,No Concluido
ALIANZA PARA EL PROGRESO DEL PERU,CONGRESISTA,ARCADIO JULIO,ARROYO MIRANDA ,ESCUELA NACIONAL SUPERIOR MIXTA,EDUCACIÓN,1976 - 1979,Concluido
ALIANZA PARA EL PROGRESO DEL PERU,CONGRESISTA,BORIS MICHEEL,PAZ DE LA BARRA ,COLEGIO DE ABOGADOS DE HUANCAVELICA,DIPLOMADO EN DERECHO CONSTITUCIONAL,2008 - 2008,Concluido
ALIANZA PARA EL PROGRESO DEL PERU,CONGRESISTA,BORIS MICHEEL,PAZ DE LA BARRA ,ESCUELA NACIONAL DE ESPECIALIZACIÓN PARA EJECUTIVOS,DERECHO ADMINISTRATIVO,2007 - 2007,Concluido
ALIANZA PARA EL PROGRESO DEL PERU,CONGRESISTA,CARLOS ALBERTO,ANCCO SOTOMAYOR ,CONTABILIDAD,"I.E.S.T ""PÚBLICO LA MERCED""",2001 - 2004,Concluido
ALIANZA PARA EL PROGRESO DEL PERU,CONGRESISTA,DAVID OSVALDO,CALDERON DE LOS RIOS ,"E.S.A.D. ""VIRGILIO RODRIGUEZ NACHE""",TEATRO,1988 - 1989,Concluido
ALIANZA PARA EL PROGRESO DEL PERU,CONGRESISTA,DAVID OSVALDO,CALDERON DE LOS RIOS ,"E.S.A.D. ""VIRGILIO RODRIGUEZ NACHE""",TEATRO,1980 - 1985,Concluido
ALIANZA PARA EL PROGRESO DEL PERU,CONGRESISTA,ELSA,VASQUEZ RUIZ ,I.S.T. RIOJA,PROFESINAL TECNICO EN AGROPECUARIA,1993 - 1994,No Concluido
ALIANZA PARA EL PROGRESO DEL PERU,CONGRESISTA,ELSA,VASQUEZ RUIZ ,I.S.T. ALTO MAYO,AGROPECUARIA,1995 - 1996,Concluido
ALIANZA PARA EL PROGRESO DEL PERU,CONGRESISTA,FATIMA,PIZANGO SALAZAR ,INST. SUPERIOR PEDAGOGICO NUESTRA SEÑORA DEL ROSARIO,DOCENTE,1998 - 2003,Concluido
ALIANZA PARA EL PROGRESO DEL PERU,CONGRESISTA,GICELLA JACQUELINE,SANTOYO DELGADO ,UNIVERSIDAD NACIONAL DE TRUJILLO,GESTION PUBLICA,2012 - 2013,Concluido
ALIANZA PARA EL PROGRESO DEL PERU,CONGRESISTA,GICELLA JACQUELINE,SANTOYO DELGADO ,UNIVERSIDAD PEDRO RUIZ GALLO,FORTALECIMIENTO DE CAPACIDADES Y COMPETENCIAS EN LIDERAZGO Y GESTION EMPRESARIAL,2011 - 2011,Concluido
ALIANZA PARA EL PROGRESO DEL PERU,CONGRESISTA,GIOVANNA JEANICE,ARANIBAR ROSAS ,ROYAL ACADEMIC OF MUSIC,TEORIA MUSICAL,1989 - 1989,Concluido
ALIANZA PARA EL PROGRESO DEL PERU,CONGRESISTA,JENNY CLARIVEL,NUÑEZ MARIN ,CENTRO DE ALTOS ESTUDIOS NACIONALES,DESARROLLO Y DEFENSA NACIONAL,2007 - 2007,Concluido
ALIANZA PARA EL PROGRESO DEL PERU,CONGRESISTA,LUIS CARLOS ANTONIO,IBERICO NUÑEZ,CENTRO DE ALTOS ESTUDIOS NACIONALES,DESARROLLO Y DEFENSA NACIONAL,2001 - 2001,Concluido
ALIANZA PARA EL PROGRESO DEL PERU,CONGRESISTA,LUIS CARLOS ANTONIO,IBERICO NUÑEZ,COMANDO DE RESERVA Y MOVILIZACIÓN DEL EJÉRCITO (COREMOVE),II CURSO DE OFICIALES DE RESERVA DEL EJÉRCITO,2010 - 2010,Concluido
ALIANZA PARA EL PROGRESO DEL PERU,CONGRESISTA,MARIA ENRIQUETA,RIVERA DELGADO ,EDUCACIÓN PRIMARIA,PROFESIONALIZACIÓN EN EDUCACIÓN,1984 - 1986,Concluido
ALIANZA PARA EL PROGRESO DEL PERU,CONGRESISTA,SABINA,CARDENAS CANALES ,ESCUELA NORMAL MIXTA DE CHINCHA,EDUCACIÓN PRIMARIA,1979 - 1983,Concluido
ALIANZA PARA EL PROGRESO DEL PERU,CONGRESISTA,TADEO ANASTACIO,GUARDIA HUAMANI,CENTRO DE ALTOS ESTUDIOS NACIONALES,CURSO ESPECIAL DE GOBIERNOS LOCALES,2003 - 2003,Concluido
ALIANZA PARA EL PROGRESO DEL PERU,CONGRESISTA,WILLY,SERRATO PUSE ,E.P.N.P. MARIANO SANTOS MATEO,GUARDIA CIVIL,1983 - 1983,Concluido
ALIANZA POPULAR,CONGRESISTA,ALBERTO,MESSA MEZA ,IST.  Pedro P  Diaz,Electronica,1978 - 1980,Concluido
ALIANZA POPULAR,CONGRESISTA,ALBERTO,MESSA MEZA ,IST.  Pedro P  Diaz,Electronica,1978 - 1980,Concluido
ALIANZA POPULAR,CONGRESISTA,EDGARDO RENAN,DE POMAR VIZCARRA,Escuela Militar de Chorrillos,Escuela de Oficiales,1978 - 1981,Concluido
ALIANZA POPULAR,CONGRESISTA,ELMER MIGUEL,HIDALGO MEDINA,CENTRO ALTOS ESTUDIOS NACIONALES,DEFENSA Y DESARROLLO NACIONAL,2002 - 2002,Concluido
ALIANZA POPULAR,CONGRESISTA,ELMER MIGUEL,HIDALGO MEDINA,ESCUELA DE OFICIALES,FORMACION DE OFICIALES,1973 - 1976,Concluido
ALIANZA POPULAR,CONGRESISTA,ELSA,PUTPAÑA RUIZ ,Universidad Nacional de Trujillo,Gerencia Social,2014 - 2015,Concluido
ALIANZA POPULAR,CONGRESISTA,GLADYS SOLEDAD,ARCE LOPEZ,I.S. Publico Pedagogico - Huancavelica,Educacion Primaria,1991 - 1995,Concluido
ALIANZA POPULAR,CONGRESISTA,GRACIELA NORA,DIAZ DUEÑAS,ESC. NORMAL SUP. CORAZÓN DE MARÍA,OBS. TITULO Nº 58497 M DE EDUCACION - ACTUAL I.S.P.P. JOSE JIMENES BORJA,1967 - 1970,Concluido
ALIANZA POPULAR,CONGRESISTA,JAVIER RENATO,MORAN MORAN,MINISTERIO DE DEFENSA - UCV,DIPLOMADO DE DEFENSA NACIONAL,2008 - 2008,Concluido
ALIANZA POPULAR,CONGRESISTA,JAVIER RENATO,MORAN MORAN,FU HSING KANG,ECONOMÍA ,2001 - 2001,Concluido
ALIANZA POPULAR,CONGRESISTA,JESUS ARTURO,ESPINOZA CERRON ,ASIMARC,CAPACITACIÓN CONCILIADORES,2013 - 2013,Concluido
ALIANZA POPULAR,CONGRESISTA,JESUS ARTURO,ESPINOZA CERRON ,ASIMARC,CAPACITACION CONCILIACION ESPECIALIZADOS,2013 - 2013,Concluido
ALIANZA POPULAR,CONGRESISTA,JUAN CARLOS,EGUREN NEUENSCHWANDER ,UNIVERSIDAD DE TARAPACA,GESTION DE MARKETING ,1993 - 1993,Concluido
ALIANZA POPULAR,CONGRESISTA,LUCIANA MILAGROS,LEON ROMERO,Ejercito del Perú,II Curso Oficiales de Reserva del Ejercito,2010 - 2010,Concluido
ALIANZA POPULAR,CONGRESISTA,LUISA,SOTELO LUNA ,I.S.P. Lasalle,Educación,1981 - 1984,Concluido
ALIANZA POPULAR,CONGRESISTA,LUISA,SOTELO LUNA ,I.S.P LASALLE,EDUCACION,1981 - 1984,Concluido
ALIANZA POPULAR,CONGRESISTA,MARITZA,CASTRO TAVARA,GOLDA MEIR,"EDUCACION, SALUD Y BIENESTAR DEL NIÑO EN EDAD PRE ESCOLAR",1998 - 1998,Concluido
ALIANZA POPULAR,CONGRESISTA,PAUL ERWIN,PFLÜCKER FAVERON ,INTERNATIONAL COACHING CETIFICATION,INTERNATIONAL TEAM COACHING CERTIFICATION TRAINING,2013 - 2013,Concluido
ALIANZA POPULAR,CONGRESISTA,PAUL ERWIN,PFLÜCKER FAVERON ,INTERNATIONAL COACHING CETIFICATION,INTERNATIONAL COACHING CERTIFICATION TRAINING,2013 - 0,Concluido
ALIANZA POPULAR,CONGRESISTA,ROFILIO T,NEYRA HUAMANI ,IPAE,DIPLOMADO EN ADMINISTRACIÓN GERENCIAL,2009 - 2010,Concluido
ALIANZA POPULAR,CONGRESISTA,ROSA LILIANA,TORRES CASTILLO ,INSTITUTO SUPERIOR PUBLICO,EDUCACION PRIMARIA,1984 - 1988,Concluido
ALIANZA POPULAR,CONGRESISTA,SARITA SOBEYDA,QUISPE MARCA ,COLUMBUS,INGLES,2007 - 2007,No Concluido
ALIANZA POPULAR,CONGRESISTA,SARITA SOBEYDA,QUISPE MARCA ,COLUMBUS,COMPUTACION,2007 - 2007,No Concluido
DEMOCRACIA DIRECTA,CONGRESISTA,CARMITA,CALVA GUERRERO ,I.S.P VICTOR ANDRES BELAUNDE,EDUCACION,1996 - 2001,Concluido
DEMOCRACIA DIRECTA,CONGRESISTA,CESAR AUGUSTO,BAZAN RUBIO ,(CGR) ESCUELA NAC. CTROL,AUD. SISTEMAS INFORMATICOS,2000 - 2000,Concluido
DEMOCRACIA DIRECTA,CONGRESISTA,CESAR AUGUSTO,BAZAN RUBIO ,(ESAN) ESCUELA NACIONAL DE NEGOCIOS,ADMINISTRACION  & NEGOCIOS,1983 - 1983,Concluido
DEMOCRACIA DIRECTA,CONGRESISTA,DIOMEDES,DE LA CRUZ CASTRO ,UNIV. S.M.P,MATEMATICA,1989 - 1989,Concluido
DEMOCRACIA DIRECTA,CONGRESISTA,ELEUTERIO,TORREJON PEZO,INSTITUTO NACIONAL DE INVESTIGACIÓN Y DESARROLLO DE LA EDUCACIÓN,PRIMARIA Y SECUNDARIA ESPECIALIDAD EDUCACIÓN FÍSICA,1979 - 1984,Concluido
DEMOCRACIA DIRECTA,CONGRESISTA,FELIPA DELIA,TRUJILLO ALPAJA ,FELIPE M. ROTALDE,ENFERMERIA,1978 - 1981,Concluido
DEMOCRACIA DIRECTA,CONGRESISTA,FREDDY,MERMA DAMIAN ,ISPP NELSON ROCKEFELLER,EDUCACION PRIMARIA,2005 - 2010,Concluido
DEMOCRACIA DIRECTA,CONGRESISTA,GERARDINA,TORRES TOLEDO ,ANDRE VESALIO,COMPUTACION  E INFORMATICA,2013 - 2013,Concluido
DEMOCRACIA DIRECTA,CONGRESISTA,GUIDALTE,ZAVALA RIVERA,INSTITUTO SUPERIOR DE CIENCIAS ADMINISTRATIVAS,BACHILLER PROFESIONAL,1978 - 1982,Concluido
DEMOCRACIA DIRECTA,CONGRESISTA,HERMES EVELIO,CAUNA MORALES ,UNIVERSIDAD DE SAN MARTÍN DE PORRES,LIDERES PARA LA TRANSFORMACION,2005 - 2006,Concluido
DEMOCRACIA DIRECTA,CONGRESISTA,JOSE,GROVAS GONZALES,INSTITUTO SUPERIOR PEDAGOGICO SANTA ROSA DEL CUSCO,VARIAS,1993 - 1997,Concluido
DEMOCRACIA DIRECTA,CONGRESISTA,JOVITA,REATEGUI CUMAPA,E.R.D.C.E.I.R.L. RADIO VISIÓN,SEMINARIO DE ORATORIA Y LOCUCIÓN PROFESIONAL,1998 - 1999,Concluido
DEMOCRACIA DIRECTA,CONGRESISTA,JOVITA,REATEGUI CUMAPA,UNIVERSIDAD NACIONAL DE TRUJILLO,DOCENCIA EN EDUCACIÓN INICIAL,2011 - 2012,Concluido
DEMOCRACIA DIRECTA,CONGRESISTA,JUAN CARLOS,GONZALES CALLA,I.S PEDRO P. DIAZ,CONSTRUCCION CIVIL,1987 - 1989,Concluido
DEMOCRACIA DIRECTA,CONGRESISTA,JUAN PABLO,LA ROSA GALLARDO ,CENTRO DE INVESTIGACION PARA EL DESARROLLO TECNOLOGICO - CIDET,COMPUTACION E INFORMATICA,2000 - 2001,No Concluido
DEMOCRACIA DIRECTA,CONGRESISTA,JULIO CESAR,MALDONADO ALBARRACIN,ESCUELA NORMAL SUPERIOR MIXTA INDOAMERICA,FISICA MATEMATICA,1967 - 1970,Concluido
DEMOCRACIA DIRECTA,CONGRESISTA,KETTY FLOR,CASTILLO PADILLA,INSTITUTO SUP. PRIVADO LA CATOLICA,TECNICO EN CONTABILIDAD,1996 - 1998,Concluido
DEMOCRACIA DIRECTA,CONGRESISTA,LILA LUCERO,CASAS CHUQUISPUMA ,U.N.J.F.S.C,GESTIÓN EN TURISMO Y HOTELERÍA,2002 - 2006,Concluido
DEMOCRACIA DIRECTA,CONGRESISTA,LUIS ALBERTO,AYQUIPA ZELA,CEC GUAMAN POMA DE AYALA,DIPLOMA EN PLANIFICACION Y GESTION URBANISTICA AMBIENTAL,2001 - 2001,Concluido
DEMOCRACIA DIRECTA,CONGRESISTA,LUIS DICSON,SANCHEZ ABAD,UNIVERSIDAD NACIONAL DE TUMBES,AGRONOMÍA,2005 - 2011,Concluido
DEMOCRACIA DIRECTA,CONGRESISTA,LUIS LUCHO,ROJAS HUAMANI ,UNIVERSIDAD DEL PACIFICO,PROYECTOS SOCIALES,2005 - 2006,Concluido
DEMOCRACIA DIRECTA,CONGRESISTA,LUIS SALOMON,VALDEZ RODRIGUEZ,INSTITUTO NACIONAL DE INVESTIGACION DE LA EDUCACION DEPENDIENTE DEL MINISTERIO DE EDUCACION,PROFESOR DE MATEMÁTICAS Y EDUCACIÓN FÍSICA,1986 - 1990,Concluido
DEMOCRACIA DIRECTA,CONGRESISTA,LUIS SALOMON,VALDEZ RODRIGUEZ,INSTITUTO TECNOLOGICO ARGENTINO ITAE,CONTABILIDAD Y ADMINSTRACION DE EMPRESAS,1974 - 1976,No Concluido
DEMOCRACIA DIRECTA,CONGRESISTA,LUIS SALOMON,VALDEZ RODRIGUEZ,IPD,TECNICO EN FUTBOL,1992 - 1996,Concluido
DEMOCRACIA DIRECTA,CONGRESISTA,MARGARITA,MORI NAVARRO,INSTITUTO PEDAGOGICO LORETO,EDUCACION PRIMARIA,1979 - 1993,No Concluido
DEMOCRACIA DIRECTA,CONGRESISTA,RAUL,SANCHEZ MIRANDA,ISPNE (AUGUSTO SALAZAR BONDY),PROBLEMAS DE APRENDIZAJE,1990 - 1995,Concluido
DEMOCRACIA DIRECTA,CONGRESISTA,RAUL ADOLFO,ARIAS RAMOS ,IST GILDA BALLIVIAN ROSADO,ELECTRONICA,1990 - 1992,Concluido
DEMOCRACIA DIRECTA,CONGRESISTA,SANTA ILUMINA,LANDEO CHIPANA ,INST. ALBERT EINSTEIN,SECRETARIADO,1983 - 1983,No Concluido
DEMOCRACIA DIRECTA,CONGRESISTA,SEVERIANO HIGOR,RODRIGUEZ TORRES ,UNIVERSIDAD DEL PACIFICO,DESARROLLO ADMINISTRATIVO,1998 - 1998,Concluido
DEMOCRACIA DIRECTA,CONGRESISTA,WILLIAM JUNIOR,SANCHEZ TORRES ,UNIVERSIDAD NACIONAL SAN AGUSTIN DE AREQUIPA,DERECHO AMBIENTAL,2013 - 2013,Concluido
DEMOCRACIA DIRECTA,CONGRESISTA,ZAIRA JENNIFER,COLLAZOS REGALADO,"INSTITUTO SUPERIOR ""CHILIMASA""",EDUCACIÓN PRIMARIA,2004 - 2009,Concluido
DEMOCRACIA DIRECTA,CONGRESISTA,ZEBELIO,KAYAP JEMPEKIT ,I.E.S.P. VICTOR ANDRÉS BELAUNDE,EDUCACIÓN PRIMARIA,2000 - 2004,Concluido
"EL FRENTE AMPLIO POR JUSTICIA, VIDA Y LIBERTAD",CONGRESISTA,ADELINDA,DIAZ URIARTE,MANUELA RAMOS,EL TRABAJO DEL CUIDADO DE LA MUJER,2014 - 2015,Concluido
"EL FRENTE AMPLIO POR JUSTICIA, VIDA Y LIBERTAD",CONGRESISTA,ADELINDA,DIAZ URIARTE,LIDERAZGO,LIDERAZGO,2013 - 2015,No Concluido
"EL FRENTE AMPLIO POR JUSTICIA, VIDA Y LIBERTAD",CONGRESISTA,ANGELA LEONOR,VILLON BUSTAMANTE ,REDES LATINOAMERICANA EN VIH Y SIDA,CONSULTORES COMUNITARIOS,2005 - 2005,Concluido
"EL FRENTE AMPLIO POR JUSTICIA, VIDA Y LIBERTAD",CONGRESISTA,AURELIO,CHOQUEHUANCA CONDORI,EDUCACION,ESCUELA NOR. SUPERIOR,1966 - 1970,Concluido
"EL FRENTE AMPLIO POR JUSTICIA, VIDA Y LIBERTAD",CONGRESISTA,CARLOS GREGORIO,CORNEJO SUCLLA ,NORMAL SUPERIOR SAN JUAN BAUTISTA,PROFESOR PRIMARIA,1967 - 1970,Concluido
"EL FRENTE AMPLIO POR JUSTICIA, VIDA Y LIBERTAD",CONGRESISTA,DIANA DEL PILAR,ORDOÑEZ FLORES,INST. PEDAGOGICO EL PACIFICO,-,1999 - 2000,No Concluido
"EL FRENTE AMPLIO POR JUSTICIA, VIDA Y LIBERTAD",CONGRESISTA,DIANA DEL PILAR,ORDOÑEZ FLORES,IPAE,-,2005 - 2006,No Concluido
"EL FRENTE AMPLIO POR JUSTICIA, VIDA Y LIBERTAD",CONGRESISTA,EDGAR AMERICO,OCHOA PEZO ,INSTITUTO E.S. SANTA ROSA,EDUCACION,1985 - 1989,Concluido
"EL FRENTE AMPLIO POR JUSTICIA, VIDA Y LIBERTAD",CONGRESISTA,ESTHER,FLORES CARLOS,CENTRO DE FORMACION Y CAPACITACION DE CONCILIADORES,FORMACION  Y CAPACITACION DE CONCILIADORES EXTRAJUDICIALES,2012 - 2012,Concluido
"EL FRENTE AMPLIO POR JUSTICIA, VIDA Y LIBERTAD",CONGRESISTA,IDER LUIS,GUTIERREZ QUISPE,ESEP Cañete,estudios superiores técnicos en área agropecuaria ,1976 - 1980,Concluido
"EL FRENTE AMPLIO POR JUSTICIA, VIDA Y LIBERTAD",CONGRESISTA,JESUS LUIS,CAMPOS MUÑOZ ,I.S.P.P. PUNO,FISICO QUIMICO,1987 - 1991,Concluido
"EL FRENTE AMPLIO POR JUSTICIA, VIDA Y LIBERTAD",CONGRESISTA,JOSE,OLIVOS VINCES ,ESCUELA NORMAL JOSE A. ENCINAS,EDUC. PRIMARIA,1967 - 1970,Concluido
"EL FRENTE AMPLIO POR JUSTICIA, VIDA Y LIBERTAD",CONGRESISTA,JOSE MANUEL,BAUTISTA CONDOR ,CENECAPE SAN MARTIN,Asistente en relaciones públicas,1987 - 1988,Concluido
"EL FRENTE AMPLIO POR JUSTICIA, VIDA Y LIBERTAD",CONGRESISTA,JOSE MANUEL,BAUTISTA CONDOR ,CENECAPE SAN MARTIN,Secretariado Jurídico,1984 - 1984,Concluido
"EL FRENTE AMPLIO POR JUSTICIA, VIDA Y LIBERTAD",CONGRESISTA,JUAN CESAR,REGALADO CABRERA ,I.S.T BAMBAMARCA,PRODUCCION AGRICOLA,1985 - 1987,Concluido
"EL FRENTE AMPLIO POR JUSTICIA, VIDA Y LIBERTAD",CONGRESISTA,LEONCIO,EGUSQUIZA SANCHEZ,INST. REGIONAL CHIMBOTE,ELECTRONICA,1972 - 1973,No Concluido
"EL FRENTE AMPLIO POR JUSTICIA, VIDA Y LIBERTAD",CONGRESISTA,LEONILA MARTINA,PORTOCARRERO RAMOS ,OUPRÉS DU MARIE BAGMANN,THERAPIE DE LA VOIX,1986 - 0,Concluido
"EL FRENTE AMPLIO POR JUSTICIA, VIDA Y LIBERTAD",CONGRESISTA,LEONILA MARTINA,PORTOCARRERO RAMOS ,LEURYTHMÉE DE LAUSAMME,ARTES DE LA PALABRA Y LA MUSICA,1988 - 1993,Concluido
"EL FRENTE AMPLIO POR JUSTICIA, VIDA Y LIBERTAD",CONGRESISTA,MANUEL,RIVAS VALERA ,ESCUELA NORMAL DE PUCALLPA,EDUC. PRIMARIA,1965 - 1968,Concluido
"EL FRENTE AMPLIO POR JUSTICIA, VIDA Y LIBERTAD",CONGRESISTA,MARILUZ,ALEGRE PALOMINO ,INSTITUTO SUPERIOR PEDAGOGICO DE HUANCAVELICA,EDUCACION PRIMARIA,1990 - 1994,Concluido
"EL FRENTE AMPLIO POR JUSTICIA, VIDA Y LIBERTAD",CONGRESISTA,MIGUEL ANGEL,ZUMAETA GONZALES ,"INST. SUP. PEDAGOGICO ""M. CHAMPAGNAT"" ",CCC.SS.,1970 - 1978,Concluido
"EL FRENTE AMPLIO POR JUSTICIA, VIDA Y LIBERTAD",CONGRESISTA,NATALY ROSARIO,MONTALDO TORRES,CENFOTUR,COUNTER EN AVIACION Y TURISMO,2003 - 2004,Concluido
"EL FRENTE AMPLIO POR JUSTICIA, VIDA Y LIBERTAD",CONGRESISTA,RUBEN DARION,VEGA MATOS ,UNIVERSIDAD INCA GARCILASO DE LA VEGA,DIPLOMA DE ESPECIALIZACION PROFECIONAL EN GERENCIA DE PROYECTOS Y PROGRAMA SOCIALES,2011 - 2012,Concluido
"EL FRENTE AMPLIO POR JUSTICIA, VIDA Y LIBERTAD",CONGRESISTA,RUFINA ANDREA,ORDINOLA ARELLANO,ISP HNO. VICTORINO ELORS GOICOCHEA,PROFESORA LENGUA Y LITERATURA,1985 - 1989,Concluido
"EL FRENTE AMPLIO POR JUSTICIA, VIDA Y LIBERTAD",CONGRESISTA,SOL ENRIQUETA,BENAVENTE PEÑA,INST SUPERIOR PEDAGOGICO,ED. INICIAL,1986 - 1990,Concluido
"EL FRENTE AMPLIO POR JUSTICIA, VIDA Y LIBERTAD",CONGRESISTA,VALDEMAR,DOMINGUEZ RAMIREZ ,INIDE MINISTERIO DE EDUCACION,PEDAGOGIA,1978 - 1982,Concluido
"EL FRENTE AMPLIO POR JUSTICIA, VIDA Y LIBERTAD",CONGRESISTA,VERONICA MELANIA,RIOS CALIZAYA ,I.S. PEDAGOGICO DE PUNO,EDUCACION INICIAL,1989 - 1994,Concluido
"EL FRENTE AMPLIO POR JUSTICIA, VIDA Y LIBERTAD",CONGRESISTA,WENCESLAO ANDRES,RAMOS OCHOA,IESTP MARIA ROSARIO ARAOZ PINTO,DISEÑO GRAFICO,1992 - 1995,Concluido
"EL FRENTE AMPLIO POR JUSTICIA, VIDA Y LIBERTAD",CONGRESISTA,YARA MARINA,RUIZ GUERRERO,I.S.P.H.Z.GAMEZ,EDUCACION,1983 - 1986,Concluido
"EL FRENTE AMPLIO POR JUSTICIA, VIDA Y LIBERTAD",CONGRESISTA,ZENAIDA JULIA,COLONIA SOLANO,CURSO BASICO DE ACUPUNTURA,INST YAU MAN DE CULTURA CHIKSA BRA.,2001 - 2001,Concluido
"EL FRENTE AMPLIO POR JUSTICIA, VIDA Y LIBERTAD",CONGRESISTA,ZENAIDA JULIA,COLONIA SOLANO,ASOC. MEDICA BRASILEIRA DE ACUPUNTURA,ACUPUNTURA,2000 - 2002,Concluido
"EL FRENTE AMPLIO POR JUSTICIA, VIDA Y LIBERTAD",PRESIDENTE DE LA REPUBLICA,VERONIKA FANNY,MENDOZA FRISCH,Instituto Nacional de Lenguas y Civilizaciones,Lenguas y Civilizaciones Andinas,2001 - 2003,Concluido
FRENTE ESPERANZA,CONGRESISTA,ALBERTO RUBEN,CORDERO NUÑEZ,ESCUELA MILITAR DE CHORRILLOS,FORMACION DE OFICIALES EP,1971 - 1974,Concluido
FRENTE ESPERANZA,CONGRESISTA,ALEJANDRO,PINCHI RAMIREZ,PEDAGOGICO DE IQUITOS,EDUCACION PRIMARIA,1990 - 1995,Concluido
FRENTE ESPERANZA,CONGRESISTA,ANGEL DANIEL,ALTAMIRANO PINEDO,ESCUELA NAVAL,CAPITANIA Y GUARDACOSTAS,1970 - 1973,Concluido
FRENTE ESPERANZA,CONGRESISTA,CARLOS ALBERTO,CHAVEZ LIENDO ,UNIVERSIDAD PRIVADA DE TACNA,ESPECIALIZACION TECNICA,1991 - 1992,Concluido
FRENTE ESPERANZA,CONGRESISTA,CARLOS ARTURO,OBREGON DIAZ,ESCUELA MILITAR DE CHORRILLOS,INGENIERIA,1980 - 1983,Concluido
FRENTE ESPERANZA,CONGRESISTA,CARMEN EDITH,SAAVEDRA GARCIA,INSTITUTO SUPERIOR PEDAGOGICO JESUS DE NAZARET,EDUCACION PRIMARIA,2001 - 2005,Concluido
FRENTE ESPERANZA,CONGRESISTA,DARIO EZEQUIEL,TAPIA SALAZAR,ESCUELA SUPERIOR DE GUERRA,ESTADO MAYOR PROMOCION XXXIII,1971 - 1972,Concluido
FRENTE ESPERANZA,CONGRESISTA,DARIO EZEQUIEL,TAPIA SALAZAR,ACADEMIA MALINOVSKI MOSCU,UNIDADES BLINDADAS,1974 - 1975,Concluido
FRENTE ESPERANZA,CONGRESISTA,ELMER JOSE,ZELADA CANCINO,ESCUELA DE OFICIALES G.C.,ORDEN PUBLICO Y SEGURIDAD,1976 - 1977,Concluido
FRENTE ESPERANZA,CONGRESISTA,ELMER JOSE,ZELADA CANCINO,ACADEMIA ESPECIAL GUARDIA CIVIL,CURSO ESPECIAL DE EXTRANJEROS,1977 - 1978,Concluido
FRENTE ESPERANZA,CONGRESISTA,GALLARDO FAUSTO,CHAVEZ AYALA,CONCILIACIONES AVENDAÑO,CONCILIACION Y ARBITRAJE,2015 - 0,Concluido
FRENTE ESPERANZA,CONGRESISTA,GERSON,DELGADO CHUJUTALLI ,ISP DIEGO THOMPSON,PEDAGOGIA,1996 - 2001,Concluido
FRENTE ESPERANZA,CONGRESISTA,HUGO VICTOR,ROBLES DEL CASTILLO,ESAN,PADE,2001 - 2001,Concluido
FRENTE ESPERANZA,CONGRESISTA,HUGO VICTOR,ROBLES DEL CASTILLO,ICPNA,BASICO E INTERMEDIO,1991 - 1993,No Concluido
FRENTE ESPERANZA,CONGRESISTA,ISABEL,ALVARADO DE SANCHEZ,ISPP LORETO,EDUCACION,1992 - 1997,Concluido
FRENTE ESPERANZA,CONGRESISTA,ISIDRO NARCIZO,PRETELL ALVAREZ,BELLAS ARTES,ARTES PLASTICAS,1985 - 1989,Concluido
FRENTE ESPERANZA,CONGRESISTA,ISIDRO NARCIZO,PRETELL ALVAREZ,CONSERVATORIO DE MUSICA,PROFESOR DE MUSICA,1996 - 2002,Concluido
FRENTE ESPERANZA,CONGRESISTA,JAVIER,PAREDES UGARTE ,I.S. PEDAGOGICO,EDUCACION PRIMARIA,1984 - 1987,Concluido
FRENTE ESPERANZA,CONGRESISTA,JUAN CARLOS,GUEVARA JIMENEZ,UTP/MINDEF,SEGURIDAD Y DEFENSA NACIONAL,2008 - 2008,Concluido
FRENTE ESPERANZA,CONGRESISTA,JUAN CARLOS,GUEVARA JIMENEZ,UPC,INVERSION PUBLICA - SNIP,2015 - 0,No Concluido
FRENTE ESPERANZA,CONGRESISTA,LEOPOLDO JUVER,FLORES GIL,CARLOS UCEDA MEZA,CONTABILIDAD EMPRESARIAL,1983 - 1985,Concluido
FRENTE ESPERANZA,CONGRESISTA,MARIBEL,QUISPE JULI ,ISPPJ,EDUCACION INICIAL,1999 - 2003,Concluido
FRENTE ESPERANZA,CONGRESISTA,MIRTHA LUZ,DOMINGUEZ RAMIREZ,INSTITUTO PEDAGOGICO MOM,PROFERSORA,1997 - 2001,Concluido
FRENTE ESPERANZA,CONGRESISTA,MONICA JANETH,PALMA CASTAÑEDA ,ALAS PERUANAS,ADMINISTRACION,2011 - 2014,Concluido
FRENTE ESPERANZA,CONGRESISTA,NOELIA ROSSVITH,HERRERA MEDINA,ESCUELA DE EMPRESA DE LIMA,ADMINISTRACION DE NEGOCIOS,2012 - 2012,Concluido
FRENTE ESPERANZA,CONGRESISTA,NORMA,CCACYA QUISPE ,I.S. Pedagogico Privado Cusco,Matematica Computacion e Informatica,1995 - 1999,Concluido
FRENTE ESPERANZA,CONGRESISTA,ROSA CECILIA,MURGA VENTURA,INSTITUTO SUP. PEDAGOGICO DAVID SANCHEZ INFANTE,EDUCACION,1996 - 2000,Concluido
FRENTE ESPERANZA,CONGRESISTA,ROSA ELENA,MANDUJANO SERRANO ,ESEP SANTIAGO ANTUNEZ DE MAYOLO,ADMINISTRACION Y SECRETARIADO,1973 - 1975,Concluido
FRENTE ESPERANZA,CONGRESISTA,VICTOR MANUEL,ZEGARRA MUÑANTE,INDEPEN.,GESTION DE EQUIPOS Y DESARROLLO DEL TALENTO,2013 - 2013,Concluido
FRENTE ESPERANZA,CONGRESISTA,VICTORIA,ACUÑA GAMBOA ,JOSE MARIA ARGUEDAS,CANTO,2007 - 2008,Concluido
FRENTE ESPERANZA,CONGRESISTA,YESSICCA YOKO,SUEYOSHI SALCEDO,GESTION POLITICA,FUNDACION POLITICA ALEMANA,2008 - 2008,Concluido
FRENTE ESPERANZA,CONGRESISTA,YESSICCA YOKO,SUEYOSHI SALCEDO,FUNDACION KONRAD ADENAHUER,GESTION MUNICIPAL,2009 - 2010,Concluido
FRENTE ESPERANZA,CONGRESISTA,YOLY JANINA,MARTIN CASTILLO,I.S. JOSE FAUSTINO SANCHEZ CARRION,EDUCACION PRIMARIA,1983 - 1986,Concluido
FUERZA POPULAR,CONGRESISTA,ANGEL,NEYRA OLAYCHEA ,INSTITUTO BRITANICO - SENATI,TECNICO ALTAMENTE CAPACITADO,1982 - 1984,Concluido
FUERZA POPULAR,CONGRESISTA,BEATRIZ,YAMASHIRO NAKASONE ,I.P.A.E.,ADMINISTRACION,1987 - 1993,Concluido
FUERZA POPULAR,CONGRESISTA,CARLOS MARIO DEL CARMEN,TUBINO ARIAS SCHREIBER ,CENTRO DE ALTOS ESTUDIOS NACIONALES,DEFENSA NACIONAL,1995 - 1995,Concluido
FUERZA POPULAR,CONGRESISTA,CARLOS MARIO DEL CARMEN,TUBINO ARIAS SCHREIBER ,ESCUELA NAVAL DEL PERU,FORMACION DE OFICIALES ,1965 - 1969,Concluido
FUERZA POPULAR,CONGRESISTA,CLAYTON FLAVIO,GALVAN VENTO,Instituto Superior Tecnológico Paucartambo ,Agropecuaria,1987 - 1989,Concluido
FUERZA POPULAR,CONGRESISTA,DARIO,MOGROVEJO NINAN,E.S.E.P. tupac amaru,contabilidad,1975 - 1978,Concluido
FUERZA POPULAR,CONGRESISTA,ELLA LAURA PILAR,SOTO CHOQUE,APECC,Conciliacion,2012 - 2012,No Concluido
FUERZA POPULAR,CONGRESISTA,FRANCISCO ENRIQUE HUGO,PETROZZI FRANCO ,Escuela Superior de Canto,Canto Lírico y Otros,1982 - 1986,Concluido
FUERZA POPULAR,CONGRESISTA,GIAN CARLO,VACCHELLI CORBETTO ,IEST. PRIVADO ESEFUL,DIRECCIÓN TÉCNICA EN FUTBOL  ,1998 - 1999,Concluido
FUERZA POPULAR,CONGRESISTA,GLADYS,CONDORI CHOQUEMAMANI,U. ANDINA CACERES,INGLES INTERMEDIO,2008 - 2008,Concluido
FUERZA POPULAR,CONGRESISTA,LIZBETH HILDA,ROBLES URIBE ,San Jose Maria Escriva,Ciencias Sociales,2001 - 2005,Concluido
FUERZA POPULAR,CONGRESISTA,LUIS ALBERTO,YIKA GARCIA ,ESCUELA MILITAR DE CHORRILLOS,MILITAR,1975 - 1978,Concluido
FUERZA POPULAR,CONGRESISTA,LUIS FERNANDO,GALARRETA VELARDE,"INSTITUTO DE EDUCACIÓN SUPERIOR ""SAN IGNACIO DE LOYOLA""",ADMINISTRACIÓN BANCARIA,1993 - 1995,Concluido
FUERZA POPULAR,CONGRESISTA,LUZ FILOMENA,SALGADO RUBIANES ,ESCUELA SUPERIOR JAIME BAUSATE Y MESA,PERIODISMO,1973 - 1976,Concluido
FUERZA POPULAR,CONGRESISTA,MARCO ENRIQUE,MIYASHIRO ARASHIRO,ESCUELA DE OFICIALES,OFICIAL PNP,1971 - 1974,Concluido
FUERZA POPULAR,CONGRESISTA,MARCO ENRIQUE,MIYASHIRO ARASHIRO,ESUPOL,III CURSO SUPERIOR,1989 - 1989,Concluido
FUERZA POPULAR,CONGRESISTA,MARIA ALEJANDRA,ARAMAYO GAONA ,INSTITUTO SUPERIOR PEDAGOGICO DE PUNO,EDUCACION,1991 - 1995,Concluido
FUERZA POPULAR,CONGRESISTA,MARIA ELIZABETH,VILLAVICENCIO VALLE,I.S.P.E.H,Educación Inicial,1991 - 1995,Concluido
FUERZA POPULAR,CONGRESISTA,NELIDA,CALVO NANTIP,INSTITUTO VICTOR A. BELAUNDE,EDUCACION PRIMARIA,1994 - 1999,Concluido
FUERZA POPULAR,CONGRESISTA,OSIAS,RAMIREZ GAMARRA ,ESCUELA TÉCNICA DEL EJÉRCITO,ENFERMERÍA,1995 - 1997,Concluido
FUERZA POPULAR,CONGRESISTA,TAMAR,ARIMBORGO GUERRA ,ESCUELA DE MISIONES - ASIEL,TEOLOGÍA PASTORAL,1993 - 1994,Concluido
FUERZA POPULAR,CONGRESISTA,VICTOR AUGUSTO,ALBRECHT RODRIGUEZ ,CAEN,DESARROLLO Y DEFENSA NACIONAL,1995 - 1995,Concluido
PARTIDO HUMANISTA PERUANO,CONGRESISTA,ANA MARIA,BUENO ABANTO,Inst. Superior Pedagógico Victorino Elor Goycoechea,Profesora Nivel Secudario,1986 - 1990,Concluido
PARTIDO HUMANISTA PERUANO,CONGRESISTA,ANA MARIA,ARENAS ANGULO DE ESPINOZA,Escuela de Enfermería del Minsa-Hospital del Niño,Enfermería,1969 - 1972,Concluido
PARTIDO HUMANISTA PERUANO,CONGRESISTA,CESAR,CAMPOS RODRIGUEZ,Escuela de Arte Dramático,Actor Director,1967 - 1970,Concluido
PARTIDO HUMANISTA PERUANO,CONGRESISTA,CESAR,CAMPOS RODRIGUEZ,Instituto Periodismo Carlos Uceda,Titulo Profesional Periodismo,1969 - 1973,Concluido
PARTIDO HUMANISTA PERUANO,CONGRESISTA,EDUARD JOHN,NAVARRO CALDERON,Auxiliar de Educación Secundaria,I.S.P. San Marcos,2010 - 2011,Concluido
PARTIDO HUMANISTA PERUANO,CONGRESISTA,ELENA FLORENTINA,URBANO SANCHEZ DE RAMIREZ,UNIVERSIDAD CATOLICA.B.P.,ORIENTACIÓN FAMILIAR,2008 - 2009,Concluido
PARTIDO HUMANISTA PERUANO,CONGRESISTA,FELIX ALBERTO,COLICHON ORTIZ,Escuela Nacional Marina Mercante,Responsabilidad Social,2008 - 2008,Concluido
PARTIDO HUMANISTA PERUANO,CONGRESISTA,HECTOR,GUILLEN VALENCIA,INSTITUTO SUPERIOR PEDAGOGICO DE HUANCAVELICA,PROFESOR DE EDUCACION SECUNDARIA,1988 - 1992,Concluido
PARTIDO HUMANISTA PERUANO,CONGRESISTA,JAVIER FERNANDO,ARCE ALVARADO,IPAE,Marketing,2005 - 2006,Concluido
PARTIDO HUMANISTA PERUANO,CONGRESISTA,JULIA MARIA,RONDAN FARFAN,ISPP SANTA ROSA,PEDAGOGÍA,2006 - 2012,Concluido
PARTIDO HUMANISTA PERUANO,CONGRESISTA,LEONARDO,BASILIO VENTURA,Universidad Mayor de San Marcos,Programacion de Desarrollo del Personal,2000 - 2000,Concluido
PARTIDO HUMANISTA PERUANO,CONGRESISTA,LILA YSABEL,DEL AGUILA SORIA DE PRINCE,INSTITUTO SUPERIOR TECNOLÓGICO SUIZA,GUÍA OFICIAL DE  TURISMO,1991 - 1992,Concluido
PARTIDO HUMANISTA PERUANO,CONGRESISTA,LINO,HUAMANI AYALA,IST JOSE ANTONIO ENCINAS,CARRERA PROFESIONAL DE CONTABILIDAD,1991 - 1993,Concluido
PARTIDO HUMANISTA PERUANO,CONGRESISTA,LINO,HUAMANI AYALA,ISP IST JOSE ANTONIO ENCINAS PUNO,PROGRAMA DE COMPLEMENTACION ACADEMICA,1995 - 0,Concluido
PARTIDO HUMANISTA PERUANO,CONGRESISTA,MARIA,GUTIERREZ DELGADO,Universidad de Lima,derecho paralamentario,2009 - 2010,Concluido
PARTIDO HUMANISTA PERUANO,CONGRESISTA,MARIA DE LA CRUZ,ABANTO URBINA,Inst. Mariano Ibérico Rodriguez,Tecnico Contabiliadad,2012 - 2014,Concluido
PARTIDO HUMANISTA PERUANO,CONGRESISTA,NORMA,URBINA HUAMAN,Inst. Sup. Pedag. Antonio Raymondi,Docencia / Profesora,1997 - 2001,Concluido
PARTIDO HUMANISTA PERUANO,CONGRESISTA,RICHARD GERMAN,ORTEGA QUISPE,POLICÍA NACIONAL DEL PERÚ,ESCUELA TÉCNICA SUPERIOR PNP,1989 - 1990,Concluido
PARTIDO HUMANISTA PERUANO,CONGRESISTA,ROCIO MIRIAM,ARCOS PONTE,ISPP ANTONIO RAYMONDI,PRIMARIA,1996 - 2001,Concluido
PARTIDO HUMANISTA PERUANO,CONGRESISTA,ROSA DELSA,MAVILA LEON,CENTRO DE ALTOS ESTUDIOS NACIONALES - CAEN,ADMINISTRACIÓN DE RECURSOS PARA LA DEFENSA,2001 - 2002,Concluido
PARTIDO HUMANISTA PERUANO,CONGRESISTA,TERESA JESUS,TORIBIO LEYVA,I.S.P.P ALEXANDER FLEMING,EDUCACION,2001 - 2005,Concluido
PARTIDO HUMANISTA PERUANO,CONGRESISTA,YRMA ELSA,HUERTAS RODRIGUEZ,I.S.T.P DAVID SANCHEZ INFANTES ,HISTORIA Y GEOGRAFIA,1993 - 1997,Concluido
PARTIDO HUMANISTA PERUANO,PRIMER VICEPRESIDENTE DE LA REPUBLICA,ROSA DELSA,MAVILA LEON,CENTRO DE ALTOS ESTUDIOS NACIONALES - CAEN,ADMINISTRACIÓN DE RECURSOS PARA LA DEFENSA,2001 - 2002,Concluido
PARTIDO NACIONALISTA PERUANO,CONGRESISTA,ANA MARIA,SOLORZANO FLORES ,INGLES AVANZADO - FRANCES,ICPNA - ALIANZA FRANCESA,1994 - 2003,No Concluido
PARTIDO NACIONALISTA PERUANO,CONGRESISTA,DIANA EVELYN,BERROCAL BRAVO,UNIVERSIDAD PERUANA LOS ANDES,INFORMATICA,2008 - 2012,Concluido
PARTIDO NACIONALISTA PERUANO,CONGRESISTA,MARBELY,REATEGUI CUEVA,I.S.P. TARAPOTO,MATEMATICA,1985 - 1989,Concluido
PARTIDO NACIONALISTA PERUANO,CONGRESISTA,MARIA DE LOURDES,SABA MAURICIO,CENECAPE PIURA,ASISTENTE EDUCACIÓN INICIAL,1988 - 1989,Concluido
PARTIDO NACIONALISTA PERUANO,CONGRESISTA,MARIA DE LOURDES,SABA MAURICIO,I.S.P.P.,DOCENCIA,1991 - 1996,No Concluido
PARTIDO NACIONALISTA PERUANO,CONGRESISTA,MARIA MAGDALENA,RIOS ORBE,Instituto Asesoramiento en Provisiones INFAP,Recursos Humanos,2002 - 2004,Concluido
PARTIDO NACIONALISTA PERUANO,CONGRESISTA,PEDRO ALEXIS,CHAVEZ SOLARI,INSTITUTO SUPERIOR TECNOLOGICO,CARRERA TECNICA,2002 - 2004,Concluido
PARTIDO POLITICO ORDEN,CONGRESISTA,ALEJANDRO FRANCISCO,CUELLAR LEYVA,Instituto Superior Tecnológico ,Técnico Electricista ,1988 - 1991,Concluido
PARTIDO POLITICO ORDEN,CONGRESISTA,AMILCAR VLADIMIR,YUFRA HENRIQUEZ,BRITÁNICO,INGLES ,2012 - 2013,Concluido
PARTIDO POLITICO ORDEN,CONGRESISTA,ANGGIE KAROLIN,MORALES MORANTE,COLEGIO DE INGENIEROS DEL PERU ,DIPLOMADO DE PROYECTOS DE PRESAS PARA LA REGULACION DE RECURSOS HIDRICOS EN EL MARCO DEL SNIP,2012 - 2012,Concluido
PARTIDO POLITICO ORDEN,CONGRESISTA,CESAR AUGUSTO,CAMACHO MORALES,CENTRO DE ALTOS ESTUDIOS NACIONALES,DIPLOMADO EN ADMINISTRACIÓN DE GOBIERNOS REGIONALES Y LOCALES,2011 - 2011,Concluido
PARTIDO POLITICO ORDEN,CONGRESISTA,DANIEL DELFIN,CALIXTRO TRUJILLO,ESCUELA DE OFICIALES GRP,POLICÍA,1975 - 1979,Concluido
PARTIDO POLITICO ORDEN,CONGRESISTA,DIOGENES AMARANTE,JUAREZ CAMPOS,E.S.E.P CARLOS UCEDA MEZA,CONTABILIDAD,1979 - 1993,Concluido
PARTIDO POLITICO ORDEN,CONGRESISTA,DORA MARISOL,SOLANO QUISPE,Universidad Inca Garcilaso de la Vega - ONU,Derecho,2009 - 2009,Concluido
PARTIDO POLITICO ORDEN,CONGRESISTA,DORA MARISOL,SOLANO QUISPE,Corte Superior de Justicia de Lima Norte y Colegio de Abogados de Lima Norte,Programa Especial de Implementación del Nuevo Código Procesal Penal,2010 - 2010,Concluido
PARTIDO POLITICO ORDEN,CONGRESISTA,DURGA EDELMIRA,RAMIREZ MIRANDA,SOCIEDAD DE ESTUDIOS INTERNACIONALES SEI MADRIR - ESPAÑA,ALTOS ESTUDIOS INTERNACIONALES,1995 - 1995,Concluido
PARTIDO POLITICO ORDEN,CONGRESISTA,DURGA EDELMIRA,RAMIREZ MIRANDA,BANCO INTERAMERICANO DE DESARROLLO - INSTITUTO INTERAMERICANO PARA EL DESARROLLO ECONÓMICO Y SOCIAL,FORTALECIMIENTO DE LA GESTION: COORDINACIÓN E INTERSECTORIALIDAD EN LA GESTIÓN DE POLÍTICAS PÚBLICAS,2012 - 2012,Concluido
PARTIDO POLITICO ORDEN,CONGRESISTA,DURGA EDELMIRA,RAMIREZ MIRANDA,UNIVERSIDAD DE VERANO GINEBRA - SUIZA,DERECHOS HUMANOS,2003 - 0,Concluido
PARTIDO POLITICO ORDEN,CONGRESISTA,EDIN,DELGADO LOZA,CENTRO DE ESTUDIOS HEMISFERICOS DE DEFENSA CHDS - MARINA DE GUERRA DEL PERU,SEGURIDAD Y DEFENSA,2013 - 2013,Concluido
PARTIDO POLITICO ORDEN,CONGRESISTA,EDIN,DELGADO LOZA,CENTRO DE ALTOS ESTUDIOS NACIONALES - CAEN,SEGURIDAD Y DEFENSA,2011 - 2011,Concluido
PARTIDO POLITICO ORDEN,CONGRESISTA,EMILIANO ELIAS,MENDOZA ZEVALLOS,INSTITUTO SUPERIOR PEDAGÓGICO PÚBLICO DE EDUCACIÓN FISICA,EDUCACIÓN FÍSICA,1985 - 1990,Concluido
PARTIDO POLITICO ORDEN,CONGRESISTA,ENITH SADITH,CHUQUIVAL SAAVEDRA,Escuela Normal Superior Sagrado Corazón,Biología Química,1967 - 1970,Concluido
PARTIDO POLITICO ORDEN,CONGRESISTA,ERIC CONRAD,KOECHLIN FEBRES,UNIVERSITY OF VIRGINIA,SEMESTER AT SEA,2013 - 2013,Concluido
PARTIDO POLITICO ORDEN,CONGRESISTA,ERIC CONRAD,KOECHLIN FEBRES,France Langue,Curso de France´s y Civilizacio´n,2015 - 2015,Concluido
PARTIDO POLITICO ORDEN,CONGRESISTA,FELIX ROBERTO,CORTES ALFARO,AMERICAN LANGUAGES COMMUNICATION CENTER QUEENS NUEVA YORK,ESPECIALIZACIÓN EN IDIOMA INGLÉS,2008 - 2010,No Concluido
PARTIDO POLITICO ORDEN,CONGRESISTA,FELIX ROBERTO,CORTES ALFARO,ADMINISTRATIVE STAFF COLLEGE,SENIOR EXECITIVE - CURSO DE ESPECIALIZAIÓN PARA EJECUTIVOS SENIOR,2005 - 2005,Concluido
PARTIDO POLITICO ORDEN,CONGRESISTA,GERMAN WALTER,ORIZOLA PACHECO,INSTITUTO SUPERIOR TECNOLÓGICO JOSÉ SANTOS CHOCANO - ESCAE,ADMINISTRACIÓN MUNICPAL,1991 - 1991,Concluido
PARTIDO POLITICO ORDEN,CONGRESISTA,GERMAN WALTER,ORIZOLA PACHECO,INSTITUTO DE DESARROLLO GERENCIAL – UNIVERSIDAD NACIONAL DE TRUJILLO,DIRECCIÓN Y GERENCIA,2006 - 2007,Concluido
PARTIDO POLITICO ORDEN,CONGRESISTA,GERMAN WALTER,ORIZOLA PACHECO,INSTITUTO PERUANO DE DESARROLLO EMPRESARIAL SAN LUIS GONZAGA – UNIVERSIDAD NACIONAL DANIEL ALCIDES CARRIÓN,GERENCIA EMPRESARIAL,2014 - 2015,Concluido
PARTIDO POLITICO ORDEN,CONGRESISTA,GERMAN WALTER,ORIZOLA PACHECO,INSTITUTO PERUANO DE DESARROLLO EMPRESARIAL SAN LUIS GONZAGA – UNIVERSIDAD NACIONAL DANIEL ALCIDES CARRIÓN,ADMINISTRACIÓN,2014 - 2014,Concluido
PARTIDO POLITICO ORDEN,CONGRESISTA,GERMAN WALTER,ORIZOLA PACHECO,INSTITUTO DE DESARROLLO GERENCIAL – UNIVERSIDAD NACIONAL DE TRUJILLO,PLANIFICACIÓN Y CONTROL DE PROYECTOS,2006 - 2007,Concluido
PARTIDO POLITICO ORDEN,CONGRESISTA,GERMAN WALTER,ORIZOLA PACHECO,UNIVERSIDAD NACIONAL MAYOR DE SAN MARCOS,TRIBUTACIÓN MUNICIPAL,1993 - 1993,Concluido
PARTIDO POLITICO ORDEN,CONGRESISTA,GERMAN WALTER,ORIZOLA PACHECO,INSTITUTO DE DESARROLLO GERENCIAL – UNIVERSIDAD NACIONAL DE EDUCACIÓN ENRIQUE GUZMÁN Y VALLE,DIRECCIÓN Y GERENCIA MUNICIPAL,2004 - 2005,Concluido
PARTIDO POLITICO ORDEN,CONGRESISTA,GIOVANNI,OCHOA WALDE,IBR,AGENTE INMOBILIARIA,2015 - 0,Concluido
PARTIDO POLITICO ORDEN,CONGRESISTA,GUSTAVO ADOLFO,CUADROS OVIEDO,UNIVERSIDAD NACIONAL DE TRUJILLO,ADMINISTARCION DE PROYECTOS - DIPLOMADO,2012 - 2012,Concluido
PARTIDO POLITICO ORDEN,CONGRESISTA,JIMMY SCOTT,MEZA PUENTE,COLEGIO DE INGENIEROS DEL PERU,SANEAMIENTO FISICO- LEGAL DE INMUEBLES,2011 - 2011,Concluido
PARTIDO POLITICO ORDEN,CONGRESISTA,JIMMY SCOTT,MEZA PUENTE,UNIVERSIDAD NACIONAL DE INGENIERIA,GESTION Y SEGURIDAD MINERA,2012 - 2013,Concluido
PARTIDO POLITICO ORDEN,CONGRESISTA,LUCINDA VIRGINIA,QUIROZ DE LA CRUZ,C.S. EXCELLENTIA ,V CONVENCIÓN INTERNACIONAL DE SECRETARIAS EJECUTIVAS,2013 - 2013,Concluido
PARTIDO POLITICO ORDEN,CONGRESISTA,LUCINDA VIRGINIA,QUIROZ DE LA CRUZ,C.S. EXCELLENTIA ,I CONVENCION DE SECRETARIAS EJECUTIVAS ,2009 - 2009,Concluido
PARTIDO POLITICO ORDEN,CONGRESISTA,LUISA ALEXANDRA,AYALA MARQUEZ,EL BRITÁNICO,INGLES BRITÁNICO,2012 - 2015,Concluido
PARTIDO POLITICO ORDEN,CONGRESISTA,MARTIN,RAMOS GOMEZ,Instituto Superior Tecnológico Puno,Matemática,1986 - 1990,Concluido
PARTIDO POLITICO ORDEN,CONGRESISTA,MIGUEL ELADIO,STUART PANDO,Congreso De La República ,"CURSO I,II,III,IV y 5 de Participación Política Y Ciudadanía",2009 - 2009,Concluido
PARTIDO POLITICO ORDEN,CONGRESISTA,MIGUEL ELADIO,STUART PANDO,UNIVERSIDAD ESAN,GESTION AERONAUTICA,2014 - 2014,Concluido
PARTIDO POLITICO ORDEN,CONGRESISTA,MIGUEL ELADIO,STUART PANDO,Instituto Peruano de Administración de Empresas “IPAE”,Administración de la Producción,1983 - 1984,Concluido
PARTIDO POLITICO ORDEN,CONGRESISTA,MIGUEL ELADIO,STUART PANDO,Colegio De Abogados De Lima / Instituto Peruano De Derecho Aéreo,Diplomado en Derecho Aéreo,2010 - 2010,Concluido
PARTIDO POLITICO ORDEN,CONGRESISTA,MIRTHA PATRICIA,MENDOZA LEYVA,Cepre Vallejo,Psicología,2004 - 2004,Concluido
PARTIDO POLITICO ORDEN,CONGRESISTA,NANCY,BALDARRAGO VALDIVIA,INSTITUCIÓN EDUCATIVA SUPERIOR PÚBLICA DE OMATE,COMPUTACIÓN E INFORMÁTICA,2009 - 2011,Concluido
PARTIDO POLITICO ORDEN,CONGRESISTA,ROCIO,SALAZAR BOCANGEL DE EVANS,ADEX,Procedimiento de Importación y Exportación definitiva,2007 - 2007,Concluido
PARTIDO POLITICO ORDEN,CONGRESISTA,ROCIO,SALAZAR BOCANGEL DE EVANS,Asociación de Graduados ESAN,Comunicación y Liderazgo Eficaz,2005 - 2005,Concluido
PARTIDO POLITICO ORDEN,CONGRESISTA,ROCIO,SALAZAR BOCANGEL DE EVANS,Asociación de Graduados ESAN,Empowerment,2006 - 2006,Concluido
PERU LIBERTARIO,CONGRESISTA,ALFREDO,PARIONA SINCHE,ISPP TEODORO PEÑALOZA,CIENCIAS NATURALES,1987 - 1989,No Concluido
PERU LIBERTARIO,CONGRESISTA,ANDERSON,GARCIA CHAVEZ,CECAP,CONCILIACION,2008 - 2008,Concluido
PERU LIBERTARIO,CONGRESISTA,CESAR,ACHING GUZMAN,ESAN,PPA DE ADMINISTRACIÓN DE EMPRESAS,1979 - 1979,Concluido
PERU LIBERTARIO,CONGRESISTA,CESAR,ACHING GUZMAN,ESAN,MERCADOTECNIA,1977 - 1978,Concluido
PERU LIBERTARIO,CONGRESISTA,EDITHLUZ IRENE,CASTRO MUÑOZ,C.O.E. SAN RAMON,SECRETARIADO COMPUTARIZADO,1996 - 1996,Concluido
PERU LIBERTARIO,CONGRESISTA,ESAU,JARAMILLO FALCON,ISPP MARCOS DURAN MARTEL,EDUCACION PRIMARIA,1992 - 1997,Concluido
PERU LIBERTARIO,CONGRESISTA,FIDEL,ORDOÑEZ BLANCO,I.S.P. HORACIO ZEBALLOS GOMEZ,EDUCACION FISICA,1991 - 1998,Concluido
PERU LIBERTARIO,CONGRESISTA,GEORGINA,CISNEROS CHAVARRIA,EDUCACION PRIMARIA,I.P. JESUS NAZARENO,1996 - 2002,Concluido
PERU LIBERTARIO,CONGRESISTA,HERIBERTO,GOMEZ SANCHEZ,UN SAN MARTIN DE PORRES,EDUC. SECUNDARIA,1989 - 1990,Concluido
PERU LIBERTARIO,CONGRESISTA,HERIBERTO,GOMEZ SANCHEZ,UNIVERSIDAD SAN MARTIN DE PORRES,EDUC. SECUNDARIA,1989 - 1990,Concluido
PERU LIBERTARIO,CONGRESISTA,LUIS,SANDOVAL PAIVA,MARINA DE GUERRA,ESCUELA DE FURRIELES,1956 - 1959,Concluido
PERU LIBERTARIO,CONGRESISTA,LUIS DONATO,CATACORA NINANTAY,ESEP PEDRO P. DIAZ,ADMINISTRACION,1976 - 1978,Concluido
PERU LIBERTARIO,CONGRESISTA,MARIBEL,ACOSTA DONAYRE,ESCUELA SUPERIOR DE MUSICA,ARTE - MUSICA,1989 - 1994,Concluido
PERU LIBERTARIO,CONGRESISTA,PORFIRIO,VELIZ SALAS,ESCUELA REGIONAL DE EDUCACIÓN ARTISTICA,ARTES DIFLUENTES,1968 - 1972,Concluido
PERU LIBERTARIO,CONGRESISTA,RAFAEL EDWI,RIOS LOPEZ,I.S.T. NOR ORIENTAL,PRODUCCION AGRICOLA,1983 - 1985,Concluido
PERU LIBERTARIO,CONGRESISTA,SONIA BEATRIZ,RAMIREZ AGUIRRE,I.S.P. MARCOS DURAND MARTEL,EDUCACION PRIMARIA,1996 - 2000,Concluido
PERU NACION,CONGRESISTA,ALVARO ISRAEL,PINTO CARDENAS,Instituto de Ética y Desarrollo - UARM,"Ética, Cultura y Política",2007 - 2007,Concluido
PERU NACION,CONGRESISTA,ALVARO ISRAEL,PINTO CARDENAS,PROAVANCE,Finanzas,2016 - 0,No Concluido
PERU NACION,CONGRESISTA,ALVARO ISRAEL,PINTO CARDENAS,PROAVANCE,Diplomado,2015 - 2015,Concluido
PERU NACION,CONGRESISTA,CARLOS EMIGDIO,CUBAS SILVA,ESCUELA MILITAR DE CHORRILLOS,CIENCIAS MILITARES,1967 - 1970,Concluido
PERU NACION,CONGRESISTA,CLAUDIO ALEJANDRO,ZOLLA SUAREZ,Camino de Vida,Licenciatura en Teologia,1991 - 1993,Concluido
PERU NACION,CONGRESISTA,GLADYS ESCOLASTICA,LEON MENDOZA,I.S.P.P. HUARAZ,EDUCACIÓN,1990 - 1994,Concluido
PERU NACION,CONGRESISTA,GUILIANA RAQUEL,ZUÑIGA GOTUZZO,Seminario Bíblico Camino de Vida,Seminario,1993 - 1997,Concluido
PERU NACION,CONGRESISTA,HENRY,RIVEROS ALVIZURI,"Escuel superior de Bellas Artes ""felipe Guaman Poma de Ayala""",Artes Plasticas,2000 - 2004,Concluido
PERU NACION,CONGRESISTA,JOSE ENRIQUE,BOOTTGER PRADA,"I.S.P.P. ""HORACIO ZEBALLOS GAMEZ""","EDUCACIÓN SECUNDARIA - ""LENGUA Y LITERATURA""",1988 - 1992,Concluido
PERU NACION,CONGRESISTA,JUAN CARLOS,LAPA CAMARGO,"ISTP ""TEODORO PEÑALOZA""",EDUCACIÓN SECUNDARIA,1997 - 0,Concluido
PERU NACION,CONGRESISTA,JUAN CARLOS,LAPA CAMARGO,"ISTP ""JAIME CERRÓN PALOMINO""",COMPUTACIÓN,2003 - 2005,Concluido
PERU NACION,CONGRESISTA,KATTIA ROXANA,MUCHA MANSILLA,"ISTP ""JOSÉ MARÍA ARGUEDAS""",ADMINISTRACIÓN,2003 - 2005,Concluido
PERU NACION,CONGRESISTA,LORENA FLORENCIA,CHAVEZ CARMONA DE DE LA CRUZ,SAMUEL INMAN,LIDERAZGO Y DESAFIÓ POLITICO,2002 - 2002,Concluido
PERU NACION,CONGRESISTA,MANUEL CRUZ,CULLAMPE GRANDEZ,COMPUTRONIC,INFORMATICA,1999 - 2000,No Concluido
PERU NACION,CONGRESISTA,MANUEL TEODORO,MACEDO ALTAMIRANO,ISPP HORACIO ZEBALLOS GAMEZ,EDUCACION,2006 - 2010,Concluido
PERU NACION,CONGRESISTA,MARIANELLA MONICA,FLORES GALINDO,ESCUELA DE SUBOFICIALES  PNP,ESTUDIOS POLICIALES ,1993 - 1994,Concluido
PERU NACION,CONGRESISTA,MARIANELLA MONICA,FLORES GALINDO,"IDIP ""Abraham Valdelomar""",Informática y microcomputacion,2004 - 2004,Concluido
PERU NACION,PRIMER VICEPRESIDENTE DE LA REPUBLICA,CLAUDIO ALEJANDRO,ZOLLA SUAREZ,Camino de Vida,Licenciatura en Teologia,1991 - 1993,Concluido
PERU PATRIA SEGURA,CONGRESISTA,BEDTIME,GARAY MONTES,"Instituto Superior Tecnológico ""Indoamérica""",.Profesora de Educación Inicial,1986 - 1990,Concluido
PERU PATRIA SEGURA,CONGRESISTA,BETTY ORMENCINDA,NUÑEZ DIAZ,EDUACION,ESCUELA NORMAL SUPERIOR MIXTO SUPRIOR SAGRADO CORA,1978 - 1982,Concluido
PERU PATRIA SEGURA,CONGRESISTA,EFRAIN WALTER,CRUZ MAMANI,I.S.T FRANCISCO DE PAULA GONZALES VIGIL,MECANICA AUTOMOTRIZ,1987 - 1989,Concluido
PERU PATRIA SEGURA,CONGRESISTA,ELIANA,ARIAS CALDERON,I.S.P. SAN ANDRES,EDUCACION PRIMARIA EBR,1995 - 1999,Concluido
PERU PATRIA SEGURA,CONGRESISTA,ESTELA CECILIA,GAMERO LOPEZ,Escuela Normal superior Marcelino Champagnat,Educacion,1974 - 1977,Concluido
PERU PATRIA SEGURA,CONGRESISTA,FERNANDO VICTOR,MACEDO MERCADO,-,ADMINISTRACIÓN,1978 - 1980,Concluido
PERU PATRIA SEGURA,CONGRESISTA,JUAN,VARGAS PEREZ,INSTITUTO SUPERIOR NO ESTATAL SANTA ROSA,PROFESOR EN EDUCACIÒN PRIMARIA,1996 - 2000,Concluido
PERU PATRIA SEGURA,CONGRESISTA,JULIO ELIAS,LANDERAS AVILA,"Escuela Normal Superior ""Carlos E. Uceda Meza""",Profesor de Educación Secundaria,1966 - 1969,Concluido
PERU PATRIA SEGURA,CONGRESISTA,LUIS ALBERTO,AYAUJA MALLMA,I.S.T. SAN AGUSTIN,TECNICO EN ENFERMERIA,1995 - 1998,Concluido
PERU PATRIA SEGURA,CONGRESISTA,RAQUEL,CHAVEZ CARDENAS,INSTITUTO PEDAGOGICO SAN JUAN,EDUCACIÓN INICIAL,2002 - 2007,Concluido
PERU PATRIA SEGURA,CONGRESISTA,SAMUEL,RUIZ CARDENAS,I.S.T.P. ROBERT OWEN,PROFESIONAL TECNICO EN CONTABILIDAD,2006 - 2010,Concluido
PERU PATRIA SEGURA,CONGRESISTA,TILER NIRO,MANRIQUE PRADO,UIVERSIDAD DE TACNA EXTENCION MOQUEGUA,DERECHO,1997 - 1998,No Concluido
PERU PATRIA SEGURA,CONGRESISTA,YANETT FABIOLA,RAMOS GARCIA,I.S.T. SAN AGUSTIN,COMPUTACIÒN,1991 - 1995,Concluido
PERU POSIBLE,CONGRESISTA,ANDRE XAVIER ANTONIO,ROMERO SANCHEZ,IPAE,INFORM{ATICO ADM. DE EMPRESAS,1999 - 2000,Concluido
PERU POSIBLE,CONGRESISTA,DALMACIO MODESTO,JULCA JARA ,CAEN,DESARROLLO Y DEFENSA NACIONAL,2006 - 2006,Concluido
PERU POSIBLE,CONGRESISTA,DELFINA VICTORIA,TORANZO ALFARO ,U.N.S.A.,MICROSOFT WORD 2000,2002 - 2002,Concluido
PERU POSIBLE,CONGRESISTA,DELFINA VICTORIA,TORANZO ALFARO ,U.N.S.A.,INFORMATICA BASICA,2002 - 2002,Concluido
PERU POSIBLE,CONGRESISTA,ELOY CRISTOBAL,VEGA SOLOGUREN,ESCUELA MILITAR DE CHORRILLOS,OFICIAL INFANTERIA,1976 - 1976,Concluido
PERU POSIBLE,CONGRESISTA,FATIMA ELIZABETH,PERALES ULLOQUE,"I.S.P. ""SANTO TORIBIO DE MOGROVEJO""",EDUCACIÓN SECUNDARIA,1993 - 1997,Concluido
PERU POSIBLE,CONGRESISTA,FREDY ERNAN,QUISPE YDME ,I.S.P. HONORIO DELGADO ESPINOZA,ADMINISTRACION DE SERVICIOS DE HOSTELERIA,2001 - 2003,Concluido
PERU POSIBLE,CONGRESISTA,GLADYS AMPARO,TORRES HERNANDEZ,"ESCUELA NORMAL ""SAGRADO CORAZÓN DE JESÚS",EDUCACIÓN,1975 - 1978,Concluido
PERU POSIBLE,CONGRESISTA,GLADYS AMPARO,TORRES HERNANDEZ,ACADEMIA PERU,SECRETARIADO COMERCIAL,1971 - 1971,Concluido
PERU POSIBLE,CONGRESISTA,HILDA,CHACCHA SUASNABAR ,TECSUP,PROGRAMA INTEGRAL DE AUTOMATIZACIÓN INDUSTRIAL,2000 - 2001,Concluido
PERU POSIBLE,CONGRESISTA,HILDA,CHACCHA SUASNABAR ,COSAPI DATA,PROGRAMA DE CAPACITACIÓN ,2007 - 2007,Concluido
PERU POSIBLE,CONGRESISTA,JANETT GLORIA,PEREZ HUERTA ,INSTITUTO NACIONAL SUPERIOR PEDAGÓGICO PUBLICO,EDUCACIÓN INICIAL,1988 - 1992,Concluido
PERU POSIBLE,CONGRESISTA,JESUS ELIZABETH,TASAYCO TERCERO DE GOMEZ,ENE. BENEFICIENCIA PUBLICA DE LIMA A. LOAYZA,ENFERMERIA,1973 - 1976,Concluido
PERU POSIBLE,CONGRESISTA,LUIS FERNANDO,DEZA COASACA ,I.S.P.P. JAVIER SANTISTEBAN LOZADA ,PROFESOR,1995 - 1999,Concluido
PERU POSIBLE,CONGRESISTA,MAGDA,DEL MAR CRUZ,I.S.P. DIVINO MAESTRO,EDUCACIÓN PRIMARIA,1998 - 0,Concluido
PERU POSIBLE,CONGRESISTA,MARIA DEL CARMEN,OMONTE DURAND,ESAN,Gerencia General,1995 - 1996,Concluido
PERU POSIBLE,CONGRESISTA,MARIO,AQUISE GOMEZ,INSTITUTO PEDAGÓGICO DE JULIACA,EDUCACIÓN,1994 - 1998,Concluido
PERU POSIBLE,CONGRESISTA,ROBERTO EDMUNDO,ANGULO ALVAREZ,ESAN,GESTION EMPRESARIAL  CON TECNOLOGIAS DE LA INFORMACION,2005 - 2005,Concluido
PERU POSIBLE,CONGRESISTA,TERESA ETELBINA,ALAGON JAUREGUI,INSTITUTO PERUANO NORTEAMERICANO ,INGLES ,1974 - 1975,No Concluido
PERU POSIBLE,CONGRESISTA,VICTORIA,VILLANUEVA QUIÑONES ,ESCUELA DE LA POLICIA NACIONAL,INSTRUCION PNP,2001 - 2002,Concluido
PERU POSIBLE,CONGRESISTA,WALTER FRANCISCO,GAGO RODRIGUEZ,CENTRO DE ALTOS ESTUDIOS NACIONALES - CAEN,DESARROLLO Y DEFENSA NACIONAL,2002 - 2002,Concluido
PERU POSIBLE,CONGRESISTA,WALTER FRANCISCO,GAGO RODRIGUEZ,THE GEORGE WASHINGTON UNIVERSITY ,ESTRATEGIAS DE CAMPAÑAS ELECTORALES,2010 - 2010,Concluido
PERU POSIBLE,CONGRESISTA,WILFREDO AUGUSTO,IDME RAMOS,ISP: JORGE BASADRE,DOCENTE DE SECUNDARIA,1989 - 1993,Concluido
PERU POSIBLE,SEGUNDO VICEPRESIDENTE DE LA REPUBLICA,MARIA DEL CARMEN,OMONTE DURAND,ESAN,Gerencia General,1995 - 1996,Concluido
PERUANOS POR EL KAMBIO,CONGRESISTA,ALDO FRANCO LEON,LOMBARDI MONTERO,CENTRO DE ALTOS ESTUDIOS NACIONALES - CAEN,V. CURSO ESPECIAL DE DESARROLLO Y DEFENSA NACIONAL,2001 - 2001,Concluido
PERUANOS POR EL KAMBIO,CONGRESISTA,ALDO FRANCO LEON,LOMBARDI MONTERO,ESAN,ADM. MUNICIPAL: NUEVOS ENFOQUES Y DESAFIOS,2001 - 2001,Concluido
PERUANOS POR EL KAMBIO,CONGRESISTA,ANA MARIA,CHOQUEHUANCA DE VILLANUEVA,ONUDI-ORGANIZACION DE NACIONES UNIDAS PARA EL DESARROLLO INDUSTRIAL,ANTEPROYECTOS CONSORCIOS PYMES,2010 - 2011,Concluido
PERUANOS POR EL KAMBIO,CONGRESISTA,CARLA FIORELLA,PETIT ARCE,CENTRO PERUANO DE FORMACION E INVESTIGACION CONTINUA,CONTRATACIONES DEL ESTADO,2015 - 2015,Concluido
PERUANOS POR EL KAMBIO,CONGRESISTA,CARMEN,CHIROQUE PAICO,COLEGIO DE ABOGADOS ,DERECHO Y CIENCIAS POLITICAS,2012 - 2012,Concluido
PERUANOS POR EL KAMBIO,CONGRESISTA,CARMEN GEORGINA,DUARTE PATIÑO DE PEZET,IPAE,CAPACITACION ADMINISTRATIVA,1975 - 1979,Concluido
PERUANOS POR EL KAMBIO,CONGRESISTA,CELINA,PALOMINO SULCA,CENTRO DE ALTOS ESTUDIOS NACIONALES,DESARROLLO Y DEFENSA NACIONAL,2005 - 2005,Concluido
PERUANOS POR EL KAMBIO,CONGRESISTA,CIRO RONALD,CASTILLO ROJO SALAS,ESCUELA DE SALUD PUBLICA,SALUD PUBLICA,1986 - 1986,Concluido
PERUANOS POR EL KAMBIO,CONGRESISTA,DONATO,DIAZ AYALA,ICPNA,INGLES,1975 - 1976,No Concluido
PERUANOS POR EL KAMBIO,CONGRESISTA,EDGAR,RECAVARREN RIOS,INSTITUTO PERUANO DE DERECHO Y GESTION,GESTION AMBIENTAL,2012 - 2012,Concluido
PERUANOS POR EL KAMBIO,CONGRESISTA,EDGAR,RECAVARREN RIOS,COLEGIO DE INGENIEROS DEL PERU,"RECOLECCION, TRANSPORTE Y TRANSFERERENCIA",2011 - 2011,Concluido
PERUANOS POR EL KAMBIO,CONGRESISTA,FRANCISCO KELER,RENGIFO KHAN,I.S.P NUESTRA SRA DEL ROSARIO,CIENCIAS NATURALES,1992 - 1998,Concluido
PERUANOS POR EL KAMBIO,CONGRESISTA,GIOCONDA ROSALBA,TRIPI MORALES,CENTRO DE ALTOS ESTUDIOS NACIONALES,ADMINISTRACION Y GESTION PUBLICA,2007 - 2007,Concluido
PERUANOS POR EL KAMBIO,CONGRESISTA,GIOVANNA DEL PILAR,PRIALE REYES,GERENS,QUICK MBA,2004 - 2004,Concluido
PERUANOS POR EL KAMBIO,CONGRESISTA,GIOVANNA DEL PILAR,PRIALE REYES,NATIONAL INSTITUTE OF BANKING,FINANZAS,2002 - 2002,Concluido
PERUANOS POR EL KAMBIO,CONGRESISTA,GLADYS MARLENI,VENANCIO JORGE,"CETPRO "" KOTOSH""",TECNINCA  OCUPACIONAL,2000 - 2000,Concluido
PERUANOS POR EL KAMBIO,CONGRESISTA,HERLESS,LAUREANO MAURICIO,INDAR-PERU,AGROINDUSTRIA,2000 - 2000,Concluido
PERUANOS POR EL KAMBIO,CONGRESISTA,JANE GLORIA,MONTERO ARANDA,ESCUELA SUPERIOR DE GUERRA NAVAL,DIRECCION ESTRATEGICA PARA LA DEFENSA Y ADMINISTRACION DE CRISIS,2011 - 2011,Concluido
PERUANOS POR EL KAMBIO,CONGRESISTA,LUIS POMPILIO,RAMIREZ PINEDO,CENTROS DE ALTOS ESTUDIOS NACIONALES (CAEN),DEFENSA Y DESARROLLO NACIONAL,2002 - 2003,Concluido
PERUANOS POR EL KAMBIO,CONGRESISTA,MERCEDES ROSALBA,ARAOZ FERNANDEZ,NEW FIELD NETWORK,ACP SENIOR,2015 - 2015,Concluido
PERUANOS POR EL KAMBIO,CONGRESISTA,MERCEDES ROSALBA,ARAOZ FERNANDEZ,NEW FIELD NETWORK,PROGRAMA AVANZADO DE COACHING,2012 - 2012,Concluido
PERUANOS POR EL KAMBIO,CONGRESISTA,MIRIAM,CHILCON SILVA,UNIV. SAN IGNACIO DE LOYOLA,POLITICAS PUBLICAS,2011 - 2012,Concluido
PERUANOS POR EL KAMBIO,CONGRESISTA,NIDIA ORFELINDA,PUELLES BECERRA ,JNE,GOBERNABILIDAD Y PROCESOS ELECTORALES,2009 - 2010,Concluido
PERUANOS POR EL KAMBIO,CONGRESISTA,NORMA,BURGOS MONDRAGON,I.S.P.P CESAR A. VALLEJO,EDUCACIÓN SECUNDARIA,1996 - 2000,Concluido
PERUANOS POR EL KAMBIO,CONGRESISTA,RAUL MARIO,ORTIZ RODRIGUEZ,ESA- IPAE,ADMINISTRACION DE NEGOCIOS,1982 - 1989,Concluido
PERUANOS POR EL KAMBIO,CONGRESISTA,SHIRLEY MARGOT,REVOLLAR CACERES,INSTITUTO ELA,OPERADORA DE TELEX,1986 - 1987,Concluido
PERUANOS POR EL KAMBIO,CONGRESISTA,SORAYA HORTENSIA LUISA,AZA DEL ALCAZAR,TRIBUNAL CONSTITUCIONAL,PROCESOS CONSTITUCIONALES,2015 - 2015,Concluido
PERUANOS POR EL KAMBIO,CONGRESISTA,SORAYA HORTENSIA LUISA,AZA DEL ALCAZAR,COLEGIO DE ABOGADOS DEL CALLAO,DERECHO NOTARIAL,2015 - 2015,No Concluido
PERUANOS POR EL KAMBIO,CONGRESISTA,SORAYA HORTENSIA LUISA,AZA DEL ALCAZAR,CAEN,MAESTRIA EN DD.HH INTERNACIONAL,2009 - 2010,Concluido
PERUANOS POR EL KAMBIO,CONGRESISTA,VICENTE ANTONIO,ZEBALLOS SALINAS,CENTRO DE ESTUDIOS CONSTITUCIONALES,DERECHO CONSTITUCIONAL,1989 - 1990,Concluido
PERUANOS POR EL KAMBIO,CONGRESISTA,VICENTE ANTONIO,ZEBALLOS SALINAS,ESCUELA DIPLOMATICA,ESTUDIOS INTERNACIONALES,1991 - 1992,Concluido
PERUANOS POR EL KAMBIO,CONGRESISTA,WALTER,JIMENEZ JIMENEZ,I.S.P.P. GUSTAVO ALLENDE LLAVERIA,EDUCACION FISICA,2003 - 2007,Concluido
PERUANOS POR EL KAMBIO,PRESIDENTE DE LA REPUBLICA,PEDRO PABLO,KUCZYNSKI GODARD,Royal College of Music,Flauta - Piano,1954 - 1956,Concluido
PERUANOS POR EL KAMBIO,SEGUNDO VICEPRESIDENTE DE LA REPUBLICA,MERCEDES ROSALBA,ARAOZ FERNANDEZ,NEW FIELD NETWORK,ACP SENIOR,2015 - 2015,Concluido
PERUANOS POR EL KAMBIO,SEGUNDO VICEPRESIDENTE DE LA REPUBLICA,MERCEDES ROSALBA,ARAOZ FERNANDEZ,NEW FIELD NETWORK,PROGRAMA AVANZADO DE COACHING,2012 - 2012,Concluido
PROGRESANDO PERU,CONGRESISTA,EDDIE WILLIAM,BAZAN CALDERON,ESCUELA SUPERIOR PNP,POLICIA NACIONAL DEL PERU,1983 - 1984,Concluido
PROGRESANDO PERU,CONGRESISTA,HELLEN MARINE,ALVARADO CRUZ,INSTITUTO CESAR HABRAHAN VALLEJO  MENDOZA,EDUCACION PARA EL TRABAJO,2005 - 2010,Concluido
PROGRESANDO PERU,CONGRESISTA,LARRY,GUTIERREZ GONZALES,INSTITUTO FORMACION BANCARIA,CAJEROS,2013 - 2013,No Concluido
PROGRESANDO PERU,CONGRESISTA,NANCY DEL PILAR,OLIVERA HUERTA,INSTITUTO SUPERIOR PRIVADO ANTONIO RAYMONDI,LENGUA Y LITERATURA,1994 - 1998,Concluido
PROGRESANDO PERU,CONGRESISTA,RAUL TEOFILO,GUEVARA ZELAYA,ISP CHIMBOTE,EDUCACIÓN PRIMARIA,1988 - 1993,Concluido
PROGRESANDO PERU,CONGRESISTA,YLDEFONZO SEVERIANO,ESPINOZA CANO,ISP JUAN DIEGO,FILOSOFIA Y RELIGION,1990 - 0,Concluido
PROGRESANDO PERU,CONGRESISTA,YLDEFONZO SEVERIANO,ESPINOZA CANO,SEMINARIO SAN FRANCISCO DE SALES,FILOSOFIA Y TEOLOGIA,1988 - 1994,Concluido
PROGRESANDO PERU,PRESIDENTE DE LA REPUBLICA,MIGUEL WALTER,HILARIO ESCOBAR,SEMINARIO BIBLICO ANDINO,TEOLOGIA,1987 - 1989,No Concluido
PROGRESANDO PERU,SEGUNDO VICEPRESIDENTE DE LA REPUBLICA,SILVIA LUZ,PAREJA GARCIA,INSTITUTO TECNICO SUPERIOR ARGENTINA,ADMINISTRACION DE EMPRESAS,1978 - 1981,Concluido
TODOS POR EL PERU,CONGRESISTA,ANA CECILIA,LOPEZ SALAZAR,ISP. SAN FERNANDO DEL VALLE,EDUCACION,2006 - 2010,Concluido
TODOS POR EL PERU,CONGRESISTA,AYDEE,ESPINOZA PALOMINO,INSTITUTO SUPERIOR PEDAGÓGICO LA SALLE,EDUCACIÓN PRIMARIA,1981 - 1984,Concluido
TODOS POR EL PERU,CONGRESISTA,CARLOS ALBERTO,BOHORQUEZ CASTELLARES,ESCUELA SUPERIOR DE GUERRA  ,AUTO MANDO FAP,2002 - 0,Concluido
TODOS POR EL PERU,CONGRESISTA,CARLOS ALBERTO,BOHORQUEZ CASTELLARES,CADETE FAP ,ESCUELA OFICIOLES PNP ,1975 - 1978,Concluido
TODOS POR EL PERU,CONGRESISTA,CARLOS GUILLERMO,LAYZA SILVA,AOTS,PQPS2 Solución de problemas de calidad,2011 - 0,Concluido
TODOS POR EL PERU,CONGRESISTA,CARLOS GUILLERMO,LAYZA SILVA,STEPAC LA LTD,Manejo post Cosecha,2009 - 2009,Concluido
TODOS POR EL PERU,CONGRESISTA,CARMEN ROSA,RIOS GUTIERREZ,Academia San Ignacio de Loyola,Secretariado Ejecutivo,1996 - 0,Concluido
TODOS POR EL PERU,CONGRESISTA,CARMEN ROSA,RIOS GUTIERREZ,Academia Brown,Secretariado Ejecutivo,1981 - 1983,Concluido
TODOS POR EL PERU,CONGRESISTA,JUAN GREGORIO,GIRON ALZAMORA,I.E.S.P.P TAMBOGRANDE,DOCENCIA,2000 - 2002,No Concluido
TODOS POR EL PERU,CONGRESISTA,MARTA NELLY,ANCCO CHALCO DE HURTADO,INSTITUTO DE DESARROLLO GERENCIAL(UNIVERSIDAD DE TRUJILLO),GESTIÓN PUBLICA,2014 - 2015,Concluido
TODOS POR EL PERU,CONGRESISTA,MAVILO,ROMERO TORRES,"I.S.P. ""JOSE JIMENEZ BORJA DE TACNA""",EDUCACION PRIMARIA,1985 - 1991,Concluido
TODOS POR EL PERU,CONGRESISTA,MELVIN GRIMALDO,RODRIGUEZ MINCHOLA,ESCUELA NACIONAL DE PROTECCION CIVIL,MAESTRIA EN GESTION DE RIESGOS DE DESASTRES,2007 - 2007,Concluido
TODOS POR EL PERU,CONGRESISTA,PATRICIA KRISTEL,GUILLEN ALVAREZ,INSTITUTO SUPERIOR PEDAGOGICO PRIVADO Señor de Luren,PROFESORA DE EDUCACION SECCUNDARIA,2001 - 2006,Concluido
TODOS POR EL PERU,CONGRESISTA,ROCIO ELIZABETH,MERCEDES BOBADILLA,Instituto de construcción civil de Rastov,Idioma Ruso,1987 - 1992,Concluido
TODOS POR EL PERU,CONGRESISTA,RUTH TEONILA,CORDOVA QUISPE,ISPP José Jimenez Borja,Educación,1990 - 1994,Concluido
